[0.000000] (-) TimerEvent: {}
[0.001088] (ackermann_cmd_mux) JobQueued: {'identifier': 'ackermann_cmd_mux', 'dependencies': OrderedDict()}
[0.002529] (computer_vision) JobQueued: {'identifier': 'computer_vision', 'dependencies': OrderedDict()}
[0.002670] (f110_rrt_star) JobQueued: {'identifier': 'f110_rrt_star', 'dependencies': OrderedDict()}
[0.002734] (map_server2) JobQueued: {'identifier': 'map_server2', 'dependencies': OrderedDict()}
[0.002830] (multi_object_tracking_lidar) JobQueued: {'identifier': 'multi_object_tracking_lidar', 'dependencies': OrderedDict()}
[0.003066] (particle_filter) JobQueued: {'identifier': 'particle_filter', 'dependencies': OrderedDict()}
[0.003107] (pure_pursuit) JobQueued: {'identifier': 'pure_pursuit', 'dependencies': OrderedDict()}
[0.003578] (race) JobQueued: {'identifier': 'race', 'dependencies': OrderedDict()}
[0.003681] (racecar) JobQueued: {'identifier': 'racecar', 'dependencies': OrderedDict()}
[0.003740] (racecar_control) JobQueued: {'identifier': 'racecar_control', 'dependencies': OrderedDict()}
[0.003800] (racecar_description) JobQueued: {'identifier': 'racecar_description', 'dependencies': OrderedDict()}
[0.003886] (racecar_gazebo) JobQueued: {'identifier': 'racecar_gazebo', 'dependencies': OrderedDict()}
[0.003936] (rl) JobQueued: {'identifier': 'rl', 'dependencies': OrderedDict()}
[0.004010] (rtreach) JobQueued: {'identifier': 'rtreach', 'dependencies': OrderedDict()}
[0.004080] (mpc) JobQueued: {'identifier': 'mpc', 'dependencies': OrderedDict([('race', '/home/Platooning-F1Tenth/install/race')])}
[0.010162] (race) JobStarted: {'identifier': 'race'}
[0.012169] (ackermann_cmd_mux) JobStarted: {'identifier': 'ackermann_cmd_mux'}
[0.020285] (computer_vision) JobStarted: {'identifier': 'computer_vision'}
[0.024423] (f110_rrt_star) JobStarted: {'identifier': 'f110_rrt_star'}
[0.036213] (map_server2) JobStarted: {'identifier': 'map_server2'}
[0.045759] (multi_object_tracking_lidar) JobStarted: {'identifier': 'multi_object_tracking_lidar'}
[0.073529] (particle_filter) JobStarted: {'identifier': 'particle_filter'}
[0.083485] (pure_pursuit) JobStarted: {'identifier': 'pure_pursuit'}
[0.091202] (racecar) JobStarted: {'identifier': 'racecar'}
[0.098061] (-) TimerEvent: {}
[0.100910] (racecar_control) JobStarted: {'identifier': 'racecar_control'}
[0.113137] (race) JobProgress: {'identifier': 'race', 'progress': 'cmake'}
[0.118453] (race) Command: {'cmd': ['/usr/bin/cmake', '/home/Platooning-F1Tenth/src/race', '-DCATKIN_INSTALL_INTO_PREFIX_ROOT=0', '-DCMAKE_INSTALL_PREFIX=/home/Platooning-F1Tenth/install/race'], 'cwd': '/home/Platooning-F1Tenth/build/race', 'env': OrderedDict([('HOSTNAME', '6782ed5a9168'), ('ROS_PACKAGE_PATH', '/opt/ros/noetic/share'), ('ROS_ETC_DIR', '/opt/ros/noetic/etc/ros'), ('SHLVL', '1'), ('LD_LIBRARY_PATH', '/opt/ros/noetic/lib'), ('HOME', '/root'), ('OLDPWD', '/'), ('ROS_PYTHON_VERSION', '3'), ('ROS_DISTRO', 'noetic'), ('_', '/usr/bin/colcon'), ('ROS_VERSION', '1'), ('PKG_CONFIG_PATH', '/opt/ros/noetic/lib/pkgconfig'), ('TERM', 'xterm'), ('PATH', '/opt/ros/noetic/bin:/usr/local/sbin:/usr/local/bin:/usr/sbin:/usr/bin:/sbin:/bin'), ('LANG', 'C.UTF-8'), ('ROSLISP_PACKAGE_DIRECTORIES', ''), ('LS_COLORS', 'rs=0:di=01;34:ln=01;36:mh=00:pi=40;33:so=01;35:do=01;35:bd=40;33;01:cd=40;33;01:or=40;31;01:mi=00:su=37;41:sg=30;43:ca=30;41:tw=30;42:ow=34;42:st=37;44:ex=01;32:*.tar=01;31:*.tgz=01;31:*.arc=01;31:*.arj=01;31:*.taz=01;31:*.lha=01;31:*.lz4=01;31:*.lzh=01;31:*.lzma=01;31:*.tlz=01;31:*.txz=01;31:*.tzo=01;31:*.t7z=01;31:*.zip=01;31:*.z=01;31:*.dz=01;31:*.gz=01;31:*.lrz=01;31:*.lz=01;31:*.lzo=01;31:*.xz=01;31:*.zst=01;31:*.tzst=01;31:*.bz2=01;31:*.bz=01;31:*.tbz=01;31:*.tbz2=01;31:*.tz=01;31:*.deb=01;31:*.rpm=01;31:*.jar=01;31:*.war=01;31:*.ear=01;31:*.sar=01;31:*.rar=01;31:*.alz=01;31:*.ace=01;31:*.zoo=01;31:*.cpio=01;31:*.7z=01;31:*.rz=01;31:*.cab=01;31:*.wim=01;31:*.swm=01;31:*.dwm=01;31:*.esd=01;31:*.jpg=01;35:*.jpeg=01;35:*.mjpg=01;35:*.mjpeg=01;35:*.gif=01;35:*.bmp=01;35:*.pbm=01;35:*.pgm=01;35:*.ppm=01;35:*.tga=01;35:*.xbm=01;35:*.xpm=01;35:*.tif=01;35:*.tiff=01;35:*.png=01;35:*.svg=01;35:*.svgz=01;35:*.mng=01;35:*.pcx=01;35:*.mov=01;35:*.mpg=01;35:*.mpeg=01;35:*.m2v=01;35:*.mkv=01;35:*.webm=01;35:*.ogm=01;35:*.mp4=01;35:*.m4v=01;35:*.mp4v=01;35:*.vob=01;35:*.qt=01;35:*.nuv=01;35:*.wmv=01;35:*.asf=01;35:*.rm=01;35:*.rmvb=01;35:*.flc=01;35:*.avi=01;35:*.fli=01;35:*.flv=01;35:*.gl=01;35:*.dl=01;35:*.xcf=01;35:*.xwd=01;35:*.yuv=01;35:*.cgm=01;35:*.emf=01;35:*.ogv=01;35:*.ogx=01;35:*.aac=00;36:*.au=00;36:*.flac=00;36:*.m4a=00;36:*.mid=00;36:*.midi=00;36:*.mka=00;36:*.mp3=00;36:*.mpc=00;36:*.ogg=00;36:*.ra=00;36:*.wav=00;36:*.oga=00;36:*.opus=00;36:*.spx=00;36:*.xspf=00;36:'), ('ROS_ROOT', '/opt/ros/noetic/share/ros'), ('ROS_MASTER_URI', 'http://localhost:11311'), ('PWD', '/home/Platooning-F1Tenth/build/race'), ('LC_ALL', 'C.UTF-8'), ('PYTHONPATH', '/opt/ros/noetic/lib/python3/dist-packages'), ('COLCON', '1'), ('CMAKE_PREFIX_PATH', '/opt/ros/noetic')]), 'shell': False}
[0.128849] (ackermann_cmd_mux) JobProgress: {'identifier': 'ackermann_cmd_mux', 'progress': 'cmake'}
[0.131245] (ackermann_cmd_mux) Command: {'cmd': ['/usr/bin/cmake', '/home/Platooning-F1Tenth/src/ackermann_cmd_mux', '-DCATKIN_INSTALL_INTO_PREFIX_ROOT=0', '-DCMAKE_INSTALL_PREFIX=/home/Platooning-F1Tenth/install/ackermann_cmd_mux'], 'cwd': '/home/Platooning-F1Tenth/build/ackermann_cmd_mux', 'env': OrderedDict([('HOSTNAME', '6782ed5a9168'), ('ROS_PACKAGE_PATH', '/opt/ros/noetic/share'), ('ROS_ETC_DIR', '/opt/ros/noetic/etc/ros'), ('SHLVL', '1'), ('LD_LIBRARY_PATH', '/opt/ros/noetic/lib'), ('HOME', '/root'), ('OLDPWD', '/'), ('ROS_PYTHON_VERSION', '3'), ('ROS_DISTRO', 'noetic'), ('_', '/usr/bin/colcon'), ('ROS_VERSION', '1'), ('PKG_CONFIG_PATH', '/opt/ros/noetic/lib/pkgconfig'), ('TERM', 'xterm'), ('PATH', '/opt/ros/noetic/bin:/usr/local/sbin:/usr/local/bin:/usr/sbin:/usr/bin:/sbin:/bin'), ('LANG', 'C.UTF-8'), ('ROSLISP_PACKAGE_DIRECTORIES', ''), ('LS_COLORS', 'rs=0:di=01;34:ln=01;36:mh=00:pi=40;33:so=01;35:do=01;35:bd=40;33;01:cd=40;33;01:or=40;31;01:mi=00:su=37;41:sg=30;43:ca=30;41:tw=30;42:ow=34;42:st=37;44:ex=01;32:*.tar=01;31:*.tgz=01;31:*.arc=01;31:*.arj=01;31:*.taz=01;31:*.lha=01;31:*.lz4=01;31:*.lzh=01;31:*.lzma=01;31:*.tlz=01;31:*.txz=01;31:*.tzo=01;31:*.t7z=01;31:*.zip=01;31:*.z=01;31:*.dz=01;31:*.gz=01;31:*.lrz=01;31:*.lz=01;31:*.lzo=01;31:*.xz=01;31:*.zst=01;31:*.tzst=01;31:*.bz2=01;31:*.bz=01;31:*.tbz=01;31:*.tbz2=01;31:*.tz=01;31:*.deb=01;31:*.rpm=01;31:*.jar=01;31:*.war=01;31:*.ear=01;31:*.sar=01;31:*.rar=01;31:*.alz=01;31:*.ace=01;31:*.zoo=01;31:*.cpio=01;31:*.7z=01;31:*.rz=01;31:*.cab=01;31:*.wim=01;31:*.swm=01;31:*.dwm=01;31:*.esd=01;31:*.jpg=01;35:*.jpeg=01;35:*.mjpg=01;35:*.mjpeg=01;35:*.gif=01;35:*.bmp=01;35:*.pbm=01;35:*.pgm=01;35:*.ppm=01;35:*.tga=01;35:*.xbm=01;35:*.xpm=01;35:*.tif=01;35:*.tiff=01;35:*.png=01;35:*.svg=01;35:*.svgz=01;35:*.mng=01;35:*.pcx=01;35:*.mov=01;35:*.mpg=01;35:*.mpeg=01;35:*.m2v=01;35:*.mkv=01;35:*.webm=01;35:*.ogm=01;35:*.mp4=01;35:*.m4v=01;35:*.mp4v=01;35:*.vob=01;35:*.qt=01;35:*.nuv=01;35:*.wmv=01;35:*.asf=01;35:*.rm=01;35:*.rmvb=01;35:*.flc=01;35:*.avi=01;35:*.fli=01;35:*.flv=01;35:*.gl=01;35:*.dl=01;35:*.xcf=01;35:*.xwd=01;35:*.yuv=01;35:*.cgm=01;35:*.emf=01;35:*.ogv=01;35:*.ogx=01;35:*.aac=00;36:*.au=00;36:*.flac=00;36:*.m4a=00;36:*.mid=00;36:*.midi=00;36:*.mka=00;36:*.mp3=00;36:*.mpc=00;36:*.ogg=00;36:*.ra=00;36:*.wav=00;36:*.oga=00;36:*.opus=00;36:*.spx=00;36:*.xspf=00;36:'), ('ROS_ROOT', '/opt/ros/noetic/share/ros'), ('ROS_MASTER_URI', 'http://localhost:11311'), ('PWD', '/home/Platooning-F1Tenth/build/ackermann_cmd_mux'), ('LC_ALL', 'C.UTF-8'), ('PYTHONPATH', '/opt/ros/noetic/lib/python3/dist-packages'), ('COLCON', '1'), ('CMAKE_PREFIX_PATH', '/opt/ros/noetic')]), 'shell': False}
[0.136733] (computer_vision) JobProgress: {'identifier': 'computer_vision', 'progress': 'cmake'}
[0.138177] (computer_vision) Command: {'cmd': ['/usr/bin/cmake', '/home/Platooning-F1Tenth/src/computer_vision', '-DCATKIN_INSTALL_INTO_PREFIX_ROOT=0', '-DCMAKE_INSTALL_PREFIX=/home/Platooning-F1Tenth/install/computer_vision'], 'cwd': '/home/Platooning-F1Tenth/build/computer_vision', 'env': OrderedDict([('HOSTNAME', '6782ed5a9168'), ('ROS_PACKAGE_PATH', '/opt/ros/noetic/share'), ('ROS_ETC_DIR', '/opt/ros/noetic/etc/ros'), ('SHLVL', '1'), ('LD_LIBRARY_PATH', '/opt/ros/noetic/lib'), ('HOME', '/root'), ('OLDPWD', '/'), ('ROS_PYTHON_VERSION', '3'), ('ROS_DISTRO', 'noetic'), ('_', '/usr/bin/colcon'), ('ROS_VERSION', '1'), ('PKG_CONFIG_PATH', '/opt/ros/noetic/lib/pkgconfig'), ('TERM', 'xterm'), ('PATH', '/opt/ros/noetic/bin:/usr/local/sbin:/usr/local/bin:/usr/sbin:/usr/bin:/sbin:/bin'), ('LANG', 'C.UTF-8'), ('ROSLISP_PACKAGE_DIRECTORIES', ''), ('LS_COLORS', 'rs=0:di=01;34:ln=01;36:mh=00:pi=40;33:so=01;35:do=01;35:bd=40;33;01:cd=40;33;01:or=40;31;01:mi=00:su=37;41:sg=30;43:ca=30;41:tw=30;42:ow=34;42:st=37;44:ex=01;32:*.tar=01;31:*.tgz=01;31:*.arc=01;31:*.arj=01;31:*.taz=01;31:*.lha=01;31:*.lz4=01;31:*.lzh=01;31:*.lzma=01;31:*.tlz=01;31:*.txz=01;31:*.tzo=01;31:*.t7z=01;31:*.zip=01;31:*.z=01;31:*.dz=01;31:*.gz=01;31:*.lrz=01;31:*.lz=01;31:*.lzo=01;31:*.xz=01;31:*.zst=01;31:*.tzst=01;31:*.bz2=01;31:*.bz=01;31:*.tbz=01;31:*.tbz2=01;31:*.tz=01;31:*.deb=01;31:*.rpm=01;31:*.jar=01;31:*.war=01;31:*.ear=01;31:*.sar=01;31:*.rar=01;31:*.alz=01;31:*.ace=01;31:*.zoo=01;31:*.cpio=01;31:*.7z=01;31:*.rz=01;31:*.cab=01;31:*.wim=01;31:*.swm=01;31:*.dwm=01;31:*.esd=01;31:*.jpg=01;35:*.jpeg=01;35:*.mjpg=01;35:*.mjpeg=01;35:*.gif=01;35:*.bmp=01;35:*.pbm=01;35:*.pgm=01;35:*.ppm=01;35:*.tga=01;35:*.xbm=01;35:*.xpm=01;35:*.tif=01;35:*.tiff=01;35:*.png=01;35:*.svg=01;35:*.svgz=01;35:*.mng=01;35:*.pcx=01;35:*.mov=01;35:*.mpg=01;35:*.mpeg=01;35:*.m2v=01;35:*.mkv=01;35:*.webm=01;35:*.ogm=01;35:*.mp4=01;35:*.m4v=01;35:*.mp4v=01;35:*.vob=01;35:*.qt=01;35:*.nuv=01;35:*.wmv=01;35:*.asf=01;35:*.rm=01;35:*.rmvb=01;35:*.flc=01;35:*.avi=01;35:*.fli=01;35:*.flv=01;35:*.gl=01;35:*.dl=01;35:*.xcf=01;35:*.xwd=01;35:*.yuv=01;35:*.cgm=01;35:*.emf=01;35:*.ogv=01;35:*.ogx=01;35:*.aac=00;36:*.au=00;36:*.flac=00;36:*.m4a=00;36:*.mid=00;36:*.midi=00;36:*.mka=00;36:*.mp3=00;36:*.mpc=00;36:*.ogg=00;36:*.ra=00;36:*.wav=00;36:*.oga=00;36:*.opus=00;36:*.spx=00;36:*.xspf=00;36:'), ('ROS_ROOT', '/opt/ros/noetic/share/ros'), ('ROS_MASTER_URI', 'http://localhost:11311'), ('PWD', '/home/Platooning-F1Tenth/build/computer_vision'), ('LC_ALL', 'C.UTF-8'), ('PYTHONPATH', '/opt/ros/noetic/lib/python3/dist-packages'), ('COLCON', '1'), ('CMAKE_PREFIX_PATH', '/opt/ros/noetic')]), 'shell': False}
[0.143457] (f110_rrt_star) JobProgress: {'identifier': 'f110_rrt_star', 'progress': 'cmake'}
[0.147841] (f110_rrt_star) Command: {'cmd': ['/usr/bin/cmake', '/home/Platooning-F1Tenth/src/f110_rrt_star', '-DCATKIN_INSTALL_INTO_PREFIX_ROOT=0', '-DCMAKE_INSTALL_PREFIX=/home/Platooning-F1Tenth/install/f110_rrt_star'], 'cwd': '/home/Platooning-F1Tenth/build/f110_rrt_star', 'env': OrderedDict([('HOSTNAME', '6782ed5a9168'), ('ROS_PACKAGE_PATH', '/opt/ros/noetic/share'), ('ROS_ETC_DIR', '/opt/ros/noetic/etc/ros'), ('SHLVL', '1'), ('LD_LIBRARY_PATH', '/opt/ros/noetic/lib'), ('HOME', '/root'), ('OLDPWD', '/'), ('ROS_PYTHON_VERSION', '3'), ('ROS_DISTRO', 'noetic'), ('_', '/usr/bin/colcon'), ('ROS_VERSION', '1'), ('PKG_CONFIG_PATH', '/opt/ros/noetic/lib/pkgconfig'), ('TERM', 'xterm'), ('PATH', '/opt/ros/noetic/bin:/usr/local/sbin:/usr/local/bin:/usr/sbin:/usr/bin:/sbin:/bin'), ('LANG', 'C.UTF-8'), ('ROSLISP_PACKAGE_DIRECTORIES', ''), ('LS_COLORS', 'rs=0:di=01;34:ln=01;36:mh=00:pi=40;33:so=01;35:do=01;35:bd=40;33;01:cd=40;33;01:or=40;31;01:mi=00:su=37;41:sg=30;43:ca=30;41:tw=30;42:ow=34;42:st=37;44:ex=01;32:*.tar=01;31:*.tgz=01;31:*.arc=01;31:*.arj=01;31:*.taz=01;31:*.lha=01;31:*.lz4=01;31:*.lzh=01;31:*.lzma=01;31:*.tlz=01;31:*.txz=01;31:*.tzo=01;31:*.t7z=01;31:*.zip=01;31:*.z=01;31:*.dz=01;31:*.gz=01;31:*.lrz=01;31:*.lz=01;31:*.lzo=01;31:*.xz=01;31:*.zst=01;31:*.tzst=01;31:*.bz2=01;31:*.bz=01;31:*.tbz=01;31:*.tbz2=01;31:*.tz=01;31:*.deb=01;31:*.rpm=01;31:*.jar=01;31:*.war=01;31:*.ear=01;31:*.sar=01;31:*.rar=01;31:*.alz=01;31:*.ace=01;31:*.zoo=01;31:*.cpio=01;31:*.7z=01;31:*.rz=01;31:*.cab=01;31:*.wim=01;31:*.swm=01;31:*.dwm=01;31:*.esd=01;31:*.jpg=01;35:*.jpeg=01;35:*.mjpg=01;35:*.mjpeg=01;35:*.gif=01;35:*.bmp=01;35:*.pbm=01;35:*.pgm=01;35:*.ppm=01;35:*.tga=01;35:*.xbm=01;35:*.xpm=01;35:*.tif=01;35:*.tiff=01;35:*.png=01;35:*.svg=01;35:*.svgz=01;35:*.mng=01;35:*.pcx=01;35:*.mov=01;35:*.mpg=01;35:*.mpeg=01;35:*.m2v=01;35:*.mkv=01;35:*.webm=01;35:*.ogm=01;35:*.mp4=01;35:*.m4v=01;35:*.mp4v=01;35:*.vob=01;35:*.qt=01;35:*.nuv=01;35:*.wmv=01;35:*.asf=01;35:*.rm=01;35:*.rmvb=01;35:*.flc=01;35:*.avi=01;35:*.fli=01;35:*.flv=01;35:*.gl=01;35:*.dl=01;35:*.xcf=01;35:*.xwd=01;35:*.yuv=01;35:*.cgm=01;35:*.emf=01;35:*.ogv=01;35:*.ogx=01;35:*.aac=00;36:*.au=00;36:*.flac=00;36:*.m4a=00;36:*.mid=00;36:*.midi=00;36:*.mka=00;36:*.mp3=00;36:*.mpc=00;36:*.ogg=00;36:*.ra=00;36:*.wav=00;36:*.oga=00;36:*.opus=00;36:*.spx=00;36:*.xspf=00;36:'), ('ROS_ROOT', '/opt/ros/noetic/share/ros'), ('ROS_MASTER_URI', 'http://localhost:11311'), ('PWD', '/home/Platooning-F1Tenth/build/f110_rrt_star'), ('LC_ALL', 'C.UTF-8'), ('PYTHONPATH', '/opt/ros/noetic/lib/python3/dist-packages'), ('COLCON', '1'), ('CMAKE_PREFIX_PATH', '/opt/ros/noetic')]), 'shell': False}
[0.151529] (map_server2) JobProgress: {'identifier': 'map_server2', 'progress': 'cmake'}
[0.152790] (map_server2) Command: {'cmd': ['/usr/bin/cmake', '/home/Platooning-F1Tenth/src/map_server', '-DCATKIN_INSTALL_INTO_PREFIX_ROOT=0', '-DCMAKE_INSTALL_PREFIX=/home/Platooning-F1Tenth/install/map_server2'], 'cwd': '/home/Platooning-F1Tenth/build/map_server2', 'env': OrderedDict([('HOSTNAME', '6782ed5a9168'), ('ROS_PACKAGE_PATH', '/opt/ros/noetic/share'), ('ROS_ETC_DIR', '/opt/ros/noetic/etc/ros'), ('SHLVL', '1'), ('LD_LIBRARY_PATH', '/opt/ros/noetic/lib'), ('HOME', '/root'), ('OLDPWD', '/'), ('ROS_PYTHON_VERSION', '3'), ('ROS_DISTRO', 'noetic'), ('_', '/usr/bin/colcon'), ('ROS_VERSION', '1'), ('PKG_CONFIG_PATH', '/opt/ros/noetic/lib/pkgconfig'), ('TERM', 'xterm'), ('PATH', '/opt/ros/noetic/bin:/usr/local/sbin:/usr/local/bin:/usr/sbin:/usr/bin:/sbin:/bin'), ('LANG', 'C.UTF-8'), ('ROSLISP_PACKAGE_DIRECTORIES', ''), ('LS_COLORS', 'rs=0:di=01;34:ln=01;36:mh=00:pi=40;33:so=01;35:do=01;35:bd=40;33;01:cd=40;33;01:or=40;31;01:mi=00:su=37;41:sg=30;43:ca=30;41:tw=30;42:ow=34;42:st=37;44:ex=01;32:*.tar=01;31:*.tgz=01;31:*.arc=01;31:*.arj=01;31:*.taz=01;31:*.lha=01;31:*.lz4=01;31:*.lzh=01;31:*.lzma=01;31:*.tlz=01;31:*.txz=01;31:*.tzo=01;31:*.t7z=01;31:*.zip=01;31:*.z=01;31:*.dz=01;31:*.gz=01;31:*.lrz=01;31:*.lz=01;31:*.lzo=01;31:*.xz=01;31:*.zst=01;31:*.tzst=01;31:*.bz2=01;31:*.bz=01;31:*.tbz=01;31:*.tbz2=01;31:*.tz=01;31:*.deb=01;31:*.rpm=01;31:*.jar=01;31:*.war=01;31:*.ear=01;31:*.sar=01;31:*.rar=01;31:*.alz=01;31:*.ace=01;31:*.zoo=01;31:*.cpio=01;31:*.7z=01;31:*.rz=01;31:*.cab=01;31:*.wim=01;31:*.swm=01;31:*.dwm=01;31:*.esd=01;31:*.jpg=01;35:*.jpeg=01;35:*.mjpg=01;35:*.mjpeg=01;35:*.gif=01;35:*.bmp=01;35:*.pbm=01;35:*.pgm=01;35:*.ppm=01;35:*.tga=01;35:*.xbm=01;35:*.xpm=01;35:*.tif=01;35:*.tiff=01;35:*.png=01;35:*.svg=01;35:*.svgz=01;35:*.mng=01;35:*.pcx=01;35:*.mov=01;35:*.mpg=01;35:*.mpeg=01;35:*.m2v=01;35:*.mkv=01;35:*.webm=01;35:*.ogm=01;35:*.mp4=01;35:*.m4v=01;35:*.mp4v=01;35:*.vob=01;35:*.qt=01;35:*.nuv=01;35:*.wmv=01;35:*.asf=01;35:*.rm=01;35:*.rmvb=01;35:*.flc=01;35:*.avi=01;35:*.fli=01;35:*.flv=01;35:*.gl=01;35:*.dl=01;35:*.xcf=01;35:*.xwd=01;35:*.yuv=01;35:*.cgm=01;35:*.emf=01;35:*.ogv=01;35:*.ogx=01;35:*.aac=00;36:*.au=00;36:*.flac=00;36:*.m4a=00;36:*.mid=00;36:*.midi=00;36:*.mka=00;36:*.mp3=00;36:*.mpc=00;36:*.ogg=00;36:*.ra=00;36:*.wav=00;36:*.oga=00;36:*.opus=00;36:*.spx=00;36:*.xspf=00;36:'), ('ROS_ROOT', '/opt/ros/noetic/share/ros'), ('ROS_MASTER_URI', 'http://localhost:11311'), ('PWD', '/home/Platooning-F1Tenth/build/map_server2'), ('LC_ALL', 'C.UTF-8'), ('PYTHONPATH', '/opt/ros/noetic/lib/python3/dist-packages'), ('COLCON', '1'), ('CMAKE_PREFIX_PATH', '/opt/ros/noetic')]), 'shell': False}
[0.157267] (multi_object_tracking_lidar) JobProgress: {'identifier': 'multi_object_tracking_lidar', 'progress': 'cmake'}
[0.159131] (multi_object_tracking_lidar) Command: {'cmd': ['/usr/bin/cmake', '/home/Platooning-F1Tenth/src/multiple-object-tracking-lidar', '-DCATKIN_INSTALL_INTO_PREFIX_ROOT=0', '-DCMAKE_INSTALL_PREFIX=/home/Platooning-F1Tenth/install/multi_object_tracking_lidar'], 'cwd': '/home/Platooning-F1Tenth/build/multi_object_tracking_lidar', 'env': OrderedDict([('HOSTNAME', '6782ed5a9168'), ('ROS_PACKAGE_PATH', '/opt/ros/noetic/share'), ('ROS_ETC_DIR', '/opt/ros/noetic/etc/ros'), ('SHLVL', '1'), ('LD_LIBRARY_PATH', '/opt/ros/noetic/lib'), ('HOME', '/root'), ('OLDPWD', '/'), ('ROS_PYTHON_VERSION', '3'), ('ROS_DISTRO', 'noetic'), ('_', '/usr/bin/colcon'), ('ROS_VERSION', '1'), ('PKG_CONFIG_PATH', '/opt/ros/noetic/lib/pkgconfig'), ('TERM', 'xterm'), ('PATH', '/opt/ros/noetic/bin:/usr/local/sbin:/usr/local/bin:/usr/sbin:/usr/bin:/sbin:/bin'), ('LANG', 'C.UTF-8'), ('ROSLISP_PACKAGE_DIRECTORIES', ''), ('LS_COLORS', 'rs=0:di=01;34:ln=01;36:mh=00:pi=40;33:so=01;35:do=01;35:bd=40;33;01:cd=40;33;01:or=40;31;01:mi=00:su=37;41:sg=30;43:ca=30;41:tw=30;42:ow=34;42:st=37;44:ex=01;32:*.tar=01;31:*.tgz=01;31:*.arc=01;31:*.arj=01;31:*.taz=01;31:*.lha=01;31:*.lz4=01;31:*.lzh=01;31:*.lzma=01;31:*.tlz=01;31:*.txz=01;31:*.tzo=01;31:*.t7z=01;31:*.zip=01;31:*.z=01;31:*.dz=01;31:*.gz=01;31:*.lrz=01;31:*.lz=01;31:*.lzo=01;31:*.xz=01;31:*.zst=01;31:*.tzst=01;31:*.bz2=01;31:*.bz=01;31:*.tbz=01;31:*.tbz2=01;31:*.tz=01;31:*.deb=01;31:*.rpm=01;31:*.jar=01;31:*.war=01;31:*.ear=01;31:*.sar=01;31:*.rar=01;31:*.alz=01;31:*.ace=01;31:*.zoo=01;31:*.cpio=01;31:*.7z=01;31:*.rz=01;31:*.cab=01;31:*.wim=01;31:*.swm=01;31:*.dwm=01;31:*.esd=01;31:*.jpg=01;35:*.jpeg=01;35:*.mjpg=01;35:*.mjpeg=01;35:*.gif=01;35:*.bmp=01;35:*.pbm=01;35:*.pgm=01;35:*.ppm=01;35:*.tga=01;35:*.xbm=01;35:*.xpm=01;35:*.tif=01;35:*.tiff=01;35:*.png=01;35:*.svg=01;35:*.svgz=01;35:*.mng=01;35:*.pcx=01;35:*.mov=01;35:*.mpg=01;35:*.mpeg=01;35:*.m2v=01;35:*.mkv=01;35:*.webm=01;35:*.ogm=01;35:*.mp4=01;35:*.m4v=01;35:*.mp4v=01;35:*.vob=01;35:*.qt=01;35:*.nuv=01;35:*.wmv=01;35:*.asf=01;35:*.rm=01;35:*.rmvb=01;35:*.flc=01;35:*.avi=01;35:*.fli=01;35:*.flv=01;35:*.gl=01;35:*.dl=01;35:*.xcf=01;35:*.xwd=01;35:*.yuv=01;35:*.cgm=01;35:*.emf=01;35:*.ogv=01;35:*.ogx=01;35:*.aac=00;36:*.au=00;36:*.flac=00;36:*.m4a=00;36:*.mid=00;36:*.midi=00;36:*.mka=00;36:*.mp3=00;36:*.mpc=00;36:*.ogg=00;36:*.ra=00;36:*.wav=00;36:*.oga=00;36:*.opus=00;36:*.spx=00;36:*.xspf=00;36:'), ('ROS_ROOT', '/opt/ros/noetic/share/ros'), ('ROS_MASTER_URI', 'http://localhost:11311'), ('PWD', '/home/Platooning-F1Tenth/build/multi_object_tracking_lidar'), ('LC_ALL', 'C.UTF-8'), ('PYTHONPATH', '/opt/ros/noetic/lib/python3/dist-packages'), ('COLCON', '1'), ('CMAKE_PREFIX_PATH', '/opt/ros/noetic')]), 'shell': False}
[0.170280] (particle_filter) JobProgress: {'identifier': 'particle_filter', 'progress': 'cmake'}
[0.177928] (particle_filter) Command: {'cmd': ['/usr/bin/cmake', '/home/Platooning-F1Tenth/src/particle_filter', '-DCATKIN_INSTALL_INTO_PREFIX_ROOT=0', '-DCMAKE_INSTALL_PREFIX=/home/Platooning-F1Tenth/install/particle_filter'], 'cwd': '/home/Platooning-F1Tenth/build/particle_filter', 'env': OrderedDict([('HOSTNAME', '6782ed5a9168'), ('ROS_PACKAGE_PATH', '/opt/ros/noetic/share'), ('ROS_ETC_DIR', '/opt/ros/noetic/etc/ros'), ('SHLVL', '1'), ('LD_LIBRARY_PATH', '/opt/ros/noetic/lib'), ('HOME', '/root'), ('OLDPWD', '/'), ('ROS_PYTHON_VERSION', '3'), ('ROS_DISTRO', 'noetic'), ('_', '/usr/bin/colcon'), ('ROS_VERSION', '1'), ('PKG_CONFIG_PATH', '/opt/ros/noetic/lib/pkgconfig'), ('TERM', 'xterm'), ('PATH', '/opt/ros/noetic/bin:/usr/local/sbin:/usr/local/bin:/usr/sbin:/usr/bin:/sbin:/bin'), ('LANG', 'C.UTF-8'), ('ROSLISP_PACKAGE_DIRECTORIES', ''), ('LS_COLORS', 'rs=0:di=01;34:ln=01;36:mh=00:pi=40;33:so=01;35:do=01;35:bd=40;33;01:cd=40;33;01:or=40;31;01:mi=00:su=37;41:sg=30;43:ca=30;41:tw=30;42:ow=34;42:st=37;44:ex=01;32:*.tar=01;31:*.tgz=01;31:*.arc=01;31:*.arj=01;31:*.taz=01;31:*.lha=01;31:*.lz4=01;31:*.lzh=01;31:*.lzma=01;31:*.tlz=01;31:*.txz=01;31:*.tzo=01;31:*.t7z=01;31:*.zip=01;31:*.z=01;31:*.dz=01;31:*.gz=01;31:*.lrz=01;31:*.lz=01;31:*.lzo=01;31:*.xz=01;31:*.zst=01;31:*.tzst=01;31:*.bz2=01;31:*.bz=01;31:*.tbz=01;31:*.tbz2=01;31:*.tz=01;31:*.deb=01;31:*.rpm=01;31:*.jar=01;31:*.war=01;31:*.ear=01;31:*.sar=01;31:*.rar=01;31:*.alz=01;31:*.ace=01;31:*.zoo=01;31:*.cpio=01;31:*.7z=01;31:*.rz=01;31:*.cab=01;31:*.wim=01;31:*.swm=01;31:*.dwm=01;31:*.esd=01;31:*.jpg=01;35:*.jpeg=01;35:*.mjpg=01;35:*.mjpeg=01;35:*.gif=01;35:*.bmp=01;35:*.pbm=01;35:*.pgm=01;35:*.ppm=01;35:*.tga=01;35:*.xbm=01;35:*.xpm=01;35:*.tif=01;35:*.tiff=01;35:*.png=01;35:*.svg=01;35:*.svgz=01;35:*.mng=01;35:*.pcx=01;35:*.mov=01;35:*.mpg=01;35:*.mpeg=01;35:*.m2v=01;35:*.mkv=01;35:*.webm=01;35:*.ogm=01;35:*.mp4=01;35:*.m4v=01;35:*.mp4v=01;35:*.vob=01;35:*.qt=01;35:*.nuv=01;35:*.wmv=01;35:*.asf=01;35:*.rm=01;35:*.rmvb=01;35:*.flc=01;35:*.avi=01;35:*.fli=01;35:*.flv=01;35:*.gl=01;35:*.dl=01;35:*.xcf=01;35:*.xwd=01;35:*.yuv=01;35:*.cgm=01;35:*.emf=01;35:*.ogv=01;35:*.ogx=01;35:*.aac=00;36:*.au=00;36:*.flac=00;36:*.m4a=00;36:*.mid=00;36:*.midi=00;36:*.mka=00;36:*.mp3=00;36:*.mpc=00;36:*.ogg=00;36:*.ra=00;36:*.wav=00;36:*.oga=00;36:*.opus=00;36:*.spx=00;36:*.xspf=00;36:'), ('ROS_ROOT', '/opt/ros/noetic/share/ros'), ('ROS_MASTER_URI', 'http://localhost:11311'), ('PWD', '/home/Platooning-F1Tenth/build/particle_filter'), ('LC_ALL', 'C.UTF-8'), ('PYTHONPATH', '/opt/ros/noetic/lib/python3/dist-packages'), ('COLCON', '1'), ('CMAKE_PREFIX_PATH', '/opt/ros/noetic')]), 'shell': False}
[0.193354] (pure_pursuit) JobProgress: {'identifier': 'pure_pursuit', 'progress': 'cmake'}
[0.194949] (pure_pursuit) Command: {'cmd': ['/usr/bin/cmake', '/home/Platooning-F1Tenth/src/pure_pursuit', '-DCATKIN_INSTALL_INTO_PREFIX_ROOT=0', '-DCMAKE_INSTALL_PREFIX=/home/Platooning-F1Tenth/install/pure_pursuit'], 'cwd': '/home/Platooning-F1Tenth/build/pure_pursuit', 'env': OrderedDict([('HOSTNAME', '6782ed5a9168'), ('ROS_PACKAGE_PATH', '/opt/ros/noetic/share'), ('ROS_ETC_DIR', '/opt/ros/noetic/etc/ros'), ('SHLVL', '1'), ('LD_LIBRARY_PATH', '/opt/ros/noetic/lib'), ('HOME', '/root'), ('OLDPWD', '/'), ('ROS_PYTHON_VERSION', '3'), ('ROS_DISTRO', 'noetic'), ('_', '/usr/bin/colcon'), ('ROS_VERSION', '1'), ('PKG_CONFIG_PATH', '/opt/ros/noetic/lib/pkgconfig'), ('TERM', 'xterm'), ('PATH', '/opt/ros/noetic/bin:/usr/local/sbin:/usr/local/bin:/usr/sbin:/usr/bin:/sbin:/bin'), ('LANG', 'C.UTF-8'), ('ROSLISP_PACKAGE_DIRECTORIES', ''), ('LS_COLORS', 'rs=0:di=01;34:ln=01;36:mh=00:pi=40;33:so=01;35:do=01;35:bd=40;33;01:cd=40;33;01:or=40;31;01:mi=00:su=37;41:sg=30;43:ca=30;41:tw=30;42:ow=34;42:st=37;44:ex=01;32:*.tar=01;31:*.tgz=01;31:*.arc=01;31:*.arj=01;31:*.taz=01;31:*.lha=01;31:*.lz4=01;31:*.lzh=01;31:*.lzma=01;31:*.tlz=01;31:*.txz=01;31:*.tzo=01;31:*.t7z=01;31:*.zip=01;31:*.z=01;31:*.dz=01;31:*.gz=01;31:*.lrz=01;31:*.lz=01;31:*.lzo=01;31:*.xz=01;31:*.zst=01;31:*.tzst=01;31:*.bz2=01;31:*.bz=01;31:*.tbz=01;31:*.tbz2=01;31:*.tz=01;31:*.deb=01;31:*.rpm=01;31:*.jar=01;31:*.war=01;31:*.ear=01;31:*.sar=01;31:*.rar=01;31:*.alz=01;31:*.ace=01;31:*.zoo=01;31:*.cpio=01;31:*.7z=01;31:*.rz=01;31:*.cab=01;31:*.wim=01;31:*.swm=01;31:*.dwm=01;31:*.esd=01;31:*.jpg=01;35:*.jpeg=01;35:*.mjpg=01;35:*.mjpeg=01;35:*.gif=01;35:*.bmp=01;35:*.pbm=01;35:*.pgm=01;35:*.ppm=01;35:*.tga=01;35:*.xbm=01;35:*.xpm=01;35:*.tif=01;35:*.tiff=01;35:*.png=01;35:*.svg=01;35:*.svgz=01;35:*.mng=01;35:*.pcx=01;35:*.mov=01;35:*.mpg=01;35:*.mpeg=01;35:*.m2v=01;35:*.mkv=01;35:*.webm=01;35:*.ogm=01;35:*.mp4=01;35:*.m4v=01;35:*.mp4v=01;35:*.vob=01;35:*.qt=01;35:*.nuv=01;35:*.wmv=01;35:*.asf=01;35:*.rm=01;35:*.rmvb=01;35:*.flc=01;35:*.avi=01;35:*.fli=01;35:*.flv=01;35:*.gl=01;35:*.dl=01;35:*.xcf=01;35:*.xwd=01;35:*.yuv=01;35:*.cgm=01;35:*.emf=01;35:*.ogv=01;35:*.ogx=01;35:*.aac=00;36:*.au=00;36:*.flac=00;36:*.m4a=00;36:*.mid=00;36:*.midi=00;36:*.mka=00;36:*.mp3=00;36:*.mpc=00;36:*.ogg=00;36:*.ra=00;36:*.wav=00;36:*.oga=00;36:*.opus=00;36:*.spx=00;36:*.xspf=00;36:'), ('ROS_ROOT', '/opt/ros/noetic/share/ros'), ('ROS_MASTER_URI', 'http://localhost:11311'), ('PWD', '/home/Platooning-F1Tenth/build/pure_pursuit'), ('LC_ALL', 'C.UTF-8'), ('PYTHONPATH', '/opt/ros/noetic/lib/python3/dist-packages'), ('COLCON', '1'), ('CMAKE_PREFIX_PATH', '/opt/ros/noetic')]), 'shell': False}
[0.202410] (-) TimerEvent: {}
[0.208354] (racecar) JobProgress: {'identifier': 'racecar', 'progress': 'cmake'}
[0.221425] (racecar) Command: {'cmd': ['/usr/bin/cmake', '/home/Platooning-F1Tenth/src/racecar', '-DCATKIN_INSTALL_INTO_PREFIX_ROOT=0', '-DCMAKE_INSTALL_PREFIX=/home/Platooning-F1Tenth/install/racecar'], 'cwd': '/home/Platooning-F1Tenth/build/racecar', 'env': OrderedDict([('HOSTNAME', '6782ed5a9168'), ('ROS_PACKAGE_PATH', '/opt/ros/noetic/share'), ('ROS_ETC_DIR', '/opt/ros/noetic/etc/ros'), ('SHLVL', '1'), ('LD_LIBRARY_PATH', '/opt/ros/noetic/lib'), ('HOME', '/root'), ('OLDPWD', '/'), ('ROS_PYTHON_VERSION', '3'), ('ROS_DISTRO', 'noetic'), ('_', '/usr/bin/colcon'), ('ROS_VERSION', '1'), ('PKG_CONFIG_PATH', '/opt/ros/noetic/lib/pkgconfig'), ('TERM', 'xterm'), ('PATH', '/opt/ros/noetic/bin:/usr/local/sbin:/usr/local/bin:/usr/sbin:/usr/bin:/sbin:/bin'), ('LANG', 'C.UTF-8'), ('ROSLISP_PACKAGE_DIRECTORIES', ''), ('LS_COLORS', 'rs=0:di=01;34:ln=01;36:mh=00:pi=40;33:so=01;35:do=01;35:bd=40;33;01:cd=40;33;01:or=40;31;01:mi=00:su=37;41:sg=30;43:ca=30;41:tw=30;42:ow=34;42:st=37;44:ex=01;32:*.tar=01;31:*.tgz=01;31:*.arc=01;31:*.arj=01;31:*.taz=01;31:*.lha=01;31:*.lz4=01;31:*.lzh=01;31:*.lzma=01;31:*.tlz=01;31:*.txz=01;31:*.tzo=01;31:*.t7z=01;31:*.zip=01;31:*.z=01;31:*.dz=01;31:*.gz=01;31:*.lrz=01;31:*.lz=01;31:*.lzo=01;31:*.xz=01;31:*.zst=01;31:*.tzst=01;31:*.bz2=01;31:*.bz=01;31:*.tbz=01;31:*.tbz2=01;31:*.tz=01;31:*.deb=01;31:*.rpm=01;31:*.jar=01;31:*.war=01;31:*.ear=01;31:*.sar=01;31:*.rar=01;31:*.alz=01;31:*.ace=01;31:*.zoo=01;31:*.cpio=01;31:*.7z=01;31:*.rz=01;31:*.cab=01;31:*.wim=01;31:*.swm=01;31:*.dwm=01;31:*.esd=01;31:*.jpg=01;35:*.jpeg=01;35:*.mjpg=01;35:*.mjpeg=01;35:*.gif=01;35:*.bmp=01;35:*.pbm=01;35:*.pgm=01;35:*.ppm=01;35:*.tga=01;35:*.xbm=01;35:*.xpm=01;35:*.tif=01;35:*.tiff=01;35:*.png=01;35:*.svg=01;35:*.svgz=01;35:*.mng=01;35:*.pcx=01;35:*.mov=01;35:*.mpg=01;35:*.mpeg=01;35:*.m2v=01;35:*.mkv=01;35:*.webm=01;35:*.ogm=01;35:*.mp4=01;35:*.m4v=01;35:*.mp4v=01;35:*.vob=01;35:*.qt=01;35:*.nuv=01;35:*.wmv=01;35:*.asf=01;35:*.rm=01;35:*.rmvb=01;35:*.flc=01;35:*.avi=01;35:*.fli=01;35:*.flv=01;35:*.gl=01;35:*.dl=01;35:*.xcf=01;35:*.xwd=01;35:*.yuv=01;35:*.cgm=01;35:*.emf=01;35:*.ogv=01;35:*.ogx=01;35:*.aac=00;36:*.au=00;36:*.flac=00;36:*.m4a=00;36:*.mid=00;36:*.midi=00;36:*.mka=00;36:*.mp3=00;36:*.mpc=00;36:*.ogg=00;36:*.ra=00;36:*.wav=00;36:*.oga=00;36:*.opus=00;36:*.spx=00;36:*.xspf=00;36:'), ('ROS_ROOT', '/opt/ros/noetic/share/ros'), ('ROS_MASTER_URI', 'http://localhost:11311'), ('PWD', '/home/Platooning-F1Tenth/build/racecar'), ('LC_ALL', 'C.UTF-8'), ('PYTHONPATH', '/opt/ros/noetic/lib/python3/dist-packages'), ('COLCON', '1'), ('CMAKE_PREFIX_PATH', '/opt/ros/noetic')]), 'shell': False}
[0.241991] (racecar_control) JobProgress: {'identifier': 'racecar_control', 'progress': 'cmake'}
[0.260664] (racecar_control) Command: {'cmd': ['/usr/bin/cmake', '/home/Platooning-F1Tenth/src/simulator/racecar-simulator/racecar_control', '-DCATKIN_INSTALL_INTO_PREFIX_ROOT=0', '-DCMAKE_INSTALL_PREFIX=/home/Platooning-F1Tenth/install/racecar_control'], 'cwd': '/home/Platooning-F1Tenth/build/racecar_control', 'env': OrderedDict([('HOSTNAME', '6782ed5a9168'), ('ROS_PACKAGE_PATH', '/opt/ros/noetic/share'), ('ROS_ETC_DIR', '/opt/ros/noetic/etc/ros'), ('SHLVL', '1'), ('LD_LIBRARY_PATH', '/opt/ros/noetic/lib'), ('HOME', '/root'), ('OLDPWD', '/'), ('ROS_PYTHON_VERSION', '3'), ('ROS_DISTRO', 'noetic'), ('_', '/usr/bin/colcon'), ('ROS_VERSION', '1'), ('PKG_CONFIG_PATH', '/opt/ros/noetic/lib/pkgconfig'), ('TERM', 'xterm'), ('PATH', '/opt/ros/noetic/bin:/usr/local/sbin:/usr/local/bin:/usr/sbin:/usr/bin:/sbin:/bin'), ('LANG', 'C.UTF-8'), ('ROSLISP_PACKAGE_DIRECTORIES', ''), ('LS_COLORS', 'rs=0:di=01;34:ln=01;36:mh=00:pi=40;33:so=01;35:do=01;35:bd=40;33;01:cd=40;33;01:or=40;31;01:mi=00:su=37;41:sg=30;43:ca=30;41:tw=30;42:ow=34;42:st=37;44:ex=01;32:*.tar=01;31:*.tgz=01;31:*.arc=01;31:*.arj=01;31:*.taz=01;31:*.lha=01;31:*.lz4=01;31:*.lzh=01;31:*.lzma=01;31:*.tlz=01;31:*.txz=01;31:*.tzo=01;31:*.t7z=01;31:*.zip=01;31:*.z=01;31:*.dz=01;31:*.gz=01;31:*.lrz=01;31:*.lz=01;31:*.lzo=01;31:*.xz=01;31:*.zst=01;31:*.tzst=01;31:*.bz2=01;31:*.bz=01;31:*.tbz=01;31:*.tbz2=01;31:*.tz=01;31:*.deb=01;31:*.rpm=01;31:*.jar=01;31:*.war=01;31:*.ear=01;31:*.sar=01;31:*.rar=01;31:*.alz=01;31:*.ace=01;31:*.zoo=01;31:*.cpio=01;31:*.7z=01;31:*.rz=01;31:*.cab=01;31:*.wim=01;31:*.swm=01;31:*.dwm=01;31:*.esd=01;31:*.jpg=01;35:*.jpeg=01;35:*.mjpg=01;35:*.mjpeg=01;35:*.gif=01;35:*.bmp=01;35:*.pbm=01;35:*.pgm=01;35:*.ppm=01;35:*.tga=01;35:*.xbm=01;35:*.xpm=01;35:*.tif=01;35:*.tiff=01;35:*.png=01;35:*.svg=01;35:*.svgz=01;35:*.mng=01;35:*.pcx=01;35:*.mov=01;35:*.mpg=01;35:*.mpeg=01;35:*.m2v=01;35:*.mkv=01;35:*.webm=01;35:*.ogm=01;35:*.mp4=01;35:*.m4v=01;35:*.mp4v=01;35:*.vob=01;35:*.qt=01;35:*.nuv=01;35:*.wmv=01;35:*.asf=01;35:*.rm=01;35:*.rmvb=01;35:*.flc=01;35:*.avi=01;35:*.fli=01;35:*.flv=01;35:*.gl=01;35:*.dl=01;35:*.xcf=01;35:*.xwd=01;35:*.yuv=01;35:*.cgm=01;35:*.emf=01;35:*.ogv=01;35:*.ogx=01;35:*.aac=00;36:*.au=00;36:*.flac=00;36:*.m4a=00;36:*.mid=00;36:*.midi=00;36:*.mka=00;36:*.mp3=00;36:*.mpc=00;36:*.ogg=00;36:*.ra=00;36:*.wav=00;36:*.oga=00;36:*.opus=00;36:*.spx=00;36:*.xspf=00;36:'), ('ROS_ROOT', '/opt/ros/noetic/share/ros'), ('ROS_MASTER_URI', 'http://localhost:11311'), ('PWD', '/home/Platooning-F1Tenth/build/racecar_control'), ('LC_ALL', 'C.UTF-8'), ('PYTHONPATH', '/opt/ros/noetic/lib/python3/dist-packages'), ('COLCON', '1'), ('CMAKE_PREFIX_PATH', '/opt/ros/noetic')]), 'shell': False}
[0.303574] (-) TimerEvent: {}
[0.406666] (-) TimerEvent: {}
[0.509091] (-) TimerEvent: {}
[0.613971] (-) TimerEvent: {}
[0.714594] (-) TimerEvent: {}
[0.815688] (-) TimerEvent: {}
[0.920131] (-) TimerEvent: {}
[1.022129] (-) TimerEvent: {}
[1.083765] (particle_filter) StdoutLine: {'line': b'-- The C compiler identification is GNU 9.4.0\n'}
[1.090923] (computer_vision) StdoutLine: {'line': b'-- The C compiler identification is GNU 9.4.0\n'}
[1.094444] (multi_object_tracking_lidar) StdoutLine: {'line': b'-- The C compiler identification is GNU 9.4.0\n'}
[1.095642] (f110_rrt_star) StdoutLine: {'line': b'-- The C compiler identification is GNU 9.4.0\n'}
[1.097922] (race) StdoutLine: {'line': b'-- The C compiler identification is GNU 9.4.0\n'}
[1.101011] (ackermann_cmd_mux) StdoutLine: {'line': b'-- The C compiler identification is GNU 9.4.0\n'}
[1.103638] (map_server2) StdoutLine: {'line': b'-- The C compiler identification is GNU 9.4.0\n'}
[1.123144] (-) TimerEvent: {}
[1.224365] (-) TimerEvent: {}
[1.326642] (-) TimerEvent: {}
[1.433059] (-) TimerEvent: {}
[1.534069] (-) TimerEvent: {}
[1.566210] (multi_object_tracking_lidar) StdoutLine: {'line': b'-- The CXX compiler identification is GNU 9.4.0\n'}
[1.568982] (f110_rrt_star) StdoutLine: {'line': b'-- The CXX compiler identification is GNU 9.4.0\n'}
[1.574351] (computer_vision) StdoutLine: {'line': b'-- The CXX compiler identification is GNU 9.4.0\n'}
[1.587664] (multi_object_tracking_lidar) StdoutLine: {'line': b'-- Check for working C compiler: /usr/bin/cc\n'}
[1.589138] (f110_rrt_star) StdoutLine: {'line': b'-- Check for working C compiler: /usr/bin/cc\n'}
[1.592983] (race) StdoutLine: {'line': b'-- The CXX compiler identification is GNU 9.4.0\n'}
[1.595072] (map_server2) StdoutLine: {'line': b'-- The CXX compiler identification is GNU 9.4.0\n'}
[1.597018] (computer_vision) StdoutLine: {'line': b'-- Check for working C compiler: /usr/bin/cc\n'}
[1.606076] (ackermann_cmd_mux) StdoutLine: {'line': b'-- The CXX compiler identification is GNU 9.4.0\n'}
[1.611450] (race) StdoutLine: {'line': b'-- Check for working C compiler: /usr/bin/cc\n'}
[1.614020] (map_server2) StdoutLine: {'line': b'-- Check for working C compiler: /usr/bin/cc\n'}
[1.621780] (ackermann_cmd_mux) StdoutLine: {'line': b'-- Check for working C compiler: /usr/bin/cc\n'}
[1.627156] (particle_filter) StdoutLine: {'line': b'-- The CXX compiler identification is GNU 9.4.0\n'}
[1.635307] (-) TimerEvent: {}
[1.645946] (particle_filter) StdoutLine: {'line': b'-- Check for working C compiler: /usr/bin/cc\n'}
[1.736109] (-) TimerEvent: {}
[1.838252] (-) TimerEvent: {}
[1.940064] (-) TimerEvent: {}
[2.043110] (-) TimerEvent: {}
[2.144129] (-) TimerEvent: {}
[2.246569] (-) TimerEvent: {}
[2.348126] (-) TimerEvent: {}
[2.414912] (multi_object_tracking_lidar) StdoutLine: {'line': b'-- Check for working C compiler: /usr/bin/cc -- works\n'}
[2.416839] (multi_object_tracking_lidar) StdoutLine: {'line': b'-- Detecting C compiler ABI info\n'}
[2.423975] (f110_rrt_star) StdoutLine: {'line': b'-- Check for working C compiler: /usr/bin/cc -- works\n'}
[2.427482] (f110_rrt_star) StdoutLine: {'line': b'-- Detecting C compiler ABI info\n'}
[2.434632] (computer_vision) StdoutLine: {'line': b'-- Check for working C compiler: /usr/bin/cc -- works\n'}
[2.437764] (computer_vision) StdoutLine: {'line': b'-- Detecting C compiler ABI info\n'}
[2.444635] (race) StdoutLine: {'line': b'-- Check for working C compiler: /usr/bin/cc -- works\n'}
[2.446809] (race) StdoutLine: {'line': b'-- Detecting C compiler ABI info\n'}
[2.448646] (map_server2) StdoutLine: {'line': b'-- Check for working C compiler: /usr/bin/cc -- works\n'}
[2.450226] (-) TimerEvent: {}
[2.450719] (map_server2) StdoutLine: {'line': b'-- Detecting C compiler ABI info\n'}
[2.485792] (ackermann_cmd_mux) StdoutLine: {'line': b'-- Check for working C compiler: /usr/bin/cc -- works\n'}
[2.489224] (ackermann_cmd_mux) StdoutLine: {'line': b'-- Detecting C compiler ABI info\n'}
[2.520719] (particle_filter) StdoutLine: {'line': b'-- Check for working C compiler: /usr/bin/cc -- works\n'}
[2.525089] (particle_filter) StdoutLine: {'line': b'-- Detecting C compiler ABI info\n'}
[2.551492] (-) TimerEvent: {}
[2.657041] (-) TimerEvent: {}
[2.772048] (-) TimerEvent: {}
[2.873089] (-) TimerEvent: {}
[2.979675] (-) TimerEvent: {}
[3.081308] (-) TimerEvent: {}
[3.169151] (computer_vision) StdoutLine: {'line': b'-- Detecting C compiler ABI info - done\n'}
[3.173276] (race) StdoutLine: {'line': b'-- Detecting C compiler ABI info - done\n'}
[3.175073] (multi_object_tracking_lidar) StdoutLine: {'line': b'-- Detecting C compiler ABI info - done\n'}
[3.182109] (-) TimerEvent: {}
[3.194167] (computer_vision) StdoutLine: {'line': b'-- Detecting C compile features\n'}
[3.197009] (race) StdoutLine: {'line': b'-- Detecting C compile features\n'}
[3.198327] (computer_vision) StdoutLine: {'line': b'-- Detecting C compile features - done\n'}
[3.199928] (race) StdoutLine: {'line': b'-- Detecting C compile features - done\n'}
[3.201429] (multi_object_tracking_lidar) StdoutLine: {'line': b'-- Detecting C compile features\n'}
[3.202737] (multi_object_tracking_lidar) StdoutLine: {'line': b'-- Detecting C compile features - done\n'}
[3.205639] (f110_rrt_star) StdoutLine: {'line': b'-- Detecting C compiler ABI info - done\n'}
[3.208719] (map_server2) StdoutLine: {'line': b'-- Detecting C compiler ABI info - done\n'}
[3.210256] (race) StdoutLine: {'line': b'-- Check for working CXX compiler: /usr/bin/c++\n'}
[3.211290] (computer_vision) StdoutLine: {'line': b'-- Check for working CXX compiler: /usr/bin/c++\n'}
[3.212564] (multi_object_tracking_lidar) StdoutLine: {'line': b'-- Check for working CXX compiler: /usr/bin/c++\n'}
[3.226233] (f110_rrt_star) StdoutLine: {'line': b'-- Detecting C compile features\n'}
[3.227815] (f110_rrt_star) StdoutLine: {'line': b'-- Detecting C compile features - done\n'}
[3.229302] (map_server2) StdoutLine: {'line': b'-- Detecting C compile features\n'}
[3.230308] (map_server2) StdoutLine: {'line': b'-- Detecting C compile features - done\n'}
[3.238181] (ackermann_cmd_mux) StdoutLine: {'line': b'-- Detecting C compiler ABI info - done\n'}
[3.240327] (f110_rrt_star) StdoutLine: {'line': b'-- Check for working CXX compiler: /usr/bin/c++\n'}
[3.242461] (map_server2) StdoutLine: {'line': b'-- Check for working CXX compiler: /usr/bin/c++\n'}
[3.258107] (particle_filter) StdoutLine: {'line': b'-- Detecting C compiler ABI info - done\n'}
[3.264253] (ackermann_cmd_mux) StdoutLine: {'line': b'-- Detecting C compile features\n'}
[3.265460] (ackermann_cmd_mux) StdoutLine: {'line': b'-- Detecting C compile features - done\n'}
[3.276685] (ackermann_cmd_mux) StdoutLine: {'line': b'-- Check for working CXX compiler: /usr/bin/c++\n'}
[3.278745] (particle_filter) StdoutLine: {'line': b'-- Detecting C compile features\n'}
[3.280035] (particle_filter) StdoutLine: {'line': b'-- Detecting C compile features - done\n'}
[3.282984] (-) TimerEvent: {}
[3.289909] (particle_filter) StdoutLine: {'line': b'-- Check for working CXX compiler: /usr/bin/c++\n'}
[3.385458] (-) TimerEvent: {}
[3.488343] (-) TimerEvent: {}
[3.590395] (-) TimerEvent: {}
[3.695008] (-) TimerEvent: {}
[3.796199] (-) TimerEvent: {}
[3.898074] (-) TimerEvent: {}
[3.901291] (race) StdoutLine: {'line': b'-- Check for working CXX compiler: /usr/bin/c++ -- works\n'}
[3.904716] (computer_vision) StdoutLine: {'line': b'-- Check for working CXX compiler: /usr/bin/c++ -- works\n'}
[3.909758] (race) StdoutLine: {'line': b'-- Detecting CXX compiler ABI info\n'}
[3.911626] (computer_vision) StdoutLine: {'line': b'-- Detecting CXX compiler ABI info\n'}
[3.952282] (map_server2) StdoutLine: {'line': b'-- Check for working CXX compiler: /usr/bin/c++ -- works\n'}
[3.954724] (map_server2) StdoutLine: {'line': b'-- Detecting CXX compiler ABI info\n'}
[3.955736] (f110_rrt_star) StdoutLine: {'line': b'-- Check for working CXX compiler: /usr/bin/c++ -- works\n'}
[3.957422] (f110_rrt_star) StdoutLine: {'line': b'-- Detecting CXX compiler ABI info\n'}
[3.960264] (multi_object_tracking_lidar) StdoutLine: {'line': b'-- Check for working CXX compiler: /usr/bin/c++ -- works\n'}
[3.962022] (multi_object_tracking_lidar) StdoutLine: {'line': b'-- Detecting CXX compiler ABI info\n'}
[3.963915] (ackermann_cmd_mux) StdoutLine: {'line': b'-- Check for working CXX compiler: /usr/bin/c++ -- works\n'}
[3.965985] (ackermann_cmd_mux) StdoutLine: {'line': b'-- Detecting CXX compiler ABI info\n'}
[3.997656] (particle_filter) StdoutLine: {'line': b'-- Check for working CXX compiler: /usr/bin/c++ -- works\n'}
[3.999275] (-) TimerEvent: {}
[3.999637] (particle_filter) StdoutLine: {'line': b'-- Detecting CXX compiler ABI info\n'}
[4.100111] (-) TimerEvent: {}
[4.203289] (-) TimerEvent: {}
[4.304088] (-) TimerEvent: {}
[4.407086] (-) TimerEvent: {}
[4.510111] (-) TimerEvent: {}
[4.612799] (-) TimerEvent: {}
[4.655533] (race) StdoutLine: {'line': b'-- Detecting CXX compiler ABI info - done\n'}
[4.679725] (race) StdoutLine: {'line': b'-- Detecting CXX compile features\n'}
[4.685420] (race) StdoutLine: {'line': b'-- Detecting CXX compile features - done\n'}
[4.696291] (computer_vision) StdoutLine: {'line': b'-- Detecting CXX compiler ABI info - done\n'}
[4.713170] (-) TimerEvent: {}
[4.714693] (race) StdoutLine: {'line': b'-- Using CATKIN_DEVEL_PREFIX: /home/Platooning-F1Tenth/build/race/devel\n'}
[4.718902] (race) StdoutLine: {'line': b'-- Using CMAKE_PREFIX_PATH: /opt/ros/noetic\n'}
[4.721760] (race) StdoutLine: {'line': b'-- This workspace overlays: /opt/ros/noetic\n'}
[4.722577] (computer_vision) StdoutLine: {'line': b'-- Detecting CXX compile features\n'}
[4.723974] (computer_vision) StdoutLine: {'line': b'-- Detecting CXX compile features - done\n'}
[4.727254] (map_server2) StdoutLine: {'line': b'-- Detecting CXX compiler ABI info - done\n'}
[4.735343] (f110_rrt_star) StdoutLine: {'line': b'-- Detecting CXX compiler ABI info - done\n'}
[4.740392] (computer_vision) StdoutLine: {'line': b'-- Using CATKIN_DEVEL_PREFIX: /home/Platooning-F1Tenth/build/computer_vision/devel\n'}
[4.743034] (map_server2) StdoutLine: {'line': b'-- Detecting CXX compile features\n'}
[4.750411] (map_server2) StdoutLine: {'line': b'-- Detecting CXX compile features - done\n'}
[4.754176] (computer_vision) StdoutLine: {'line': b'-- Using CMAKE_PREFIX_PATH: /opt/ros/noetic\n'}
[4.757191] (computer_vision) StdoutLine: {'line': b'-- This workspace overlays: /opt/ros/noetic\n'}
[4.761318] (f110_rrt_star) StdoutLine: {'line': b'-- Detecting CXX compile features\n'}
[4.765014] (f110_rrt_star) StdoutLine: {'line': b'-- Detecting CXX compile features - done\n'}
[4.766701] (ackermann_cmd_mux) StdoutLine: {'line': b'-- Detecting CXX compiler ABI info - done\n'}
[4.774379] (multi_object_tracking_lidar) StdoutLine: {'line': b'-- Detecting CXX compiler ABI info - done\n'}
[4.780417] (map_server2) StdoutLine: {'line': b'-- Using CATKIN_DEVEL_PREFIX: /home/Platooning-F1Tenth/build/map_server2/devel\n'}
[4.782699] (map_server2) StdoutLine: {'line': b'-- Using CMAKE_PREFIX_PATH: /opt/ros/noetic\n'}
[4.787322] (map_server2) StdoutLine: {'line': b'-- This workspace overlays: /opt/ros/noetic\n'}
[4.795219] (f110_rrt_star) StdoutLine: {'line': b'-- Using CATKIN_DEVEL_PREFIX: /home/Platooning-F1Tenth/build/f110_rrt_star/devel\n'}
[4.798750] (ackermann_cmd_mux) StdoutLine: {'line': b'-- Detecting CXX compile features\n'}
[4.802792] (f110_rrt_star) StdoutLine: {'line': b'-- Using CMAKE_PREFIX_PATH: /opt/ros/noetic\n'}
[4.804056] (f110_rrt_star) StdoutLine: {'line': b'-- This workspace overlays: /opt/ros/noetic\n'}
[4.806172] (ackermann_cmd_mux) StdoutLine: {'line': b'-- Detecting CXX compile features - done\n'}
[4.810711] (particle_filter) StdoutLine: {'line': b'-- Detecting CXX compiler ABI info - done\n'}
[4.812922] (multi_object_tracking_lidar) StdoutLine: {'line': b'-- Detecting CXX compile features\n'}
[4.816733] (-) TimerEvent: {}
[4.817877] (multi_object_tracking_lidar) StdoutLine: {'line': b'-- Detecting CXX compile features - done\n'}
[4.823985] (race) StdoutLine: {'line': b'-- Found PythonInterp: /usr/bin/python3 (found suitable version "3.8.10", minimum required is "3") \n'}
[4.826893] (race) StdoutLine: {'line': b'-- Using PYTHON_EXECUTABLE: /usr/bin/python3\n'}
[4.829452] (race) StdoutLine: {'line': b'-- Using Debian Python package layout\n'}
[4.836620] (ackermann_cmd_mux) StdoutLine: {'line': b'-- Using CATKIN_DEVEL_PREFIX: /home/Platooning-F1Tenth/build/ackermann_cmd_mux/devel\n'}
[4.837532] (multi_object_tracking_lidar) StdoutLine: {'line': b'-- Using CATKIN_DEVEL_PREFIX: /home/Platooning-F1Tenth/build/multi_object_tracking_lidar/devel\n'}
[4.839457] (ackermann_cmd_mux) StdoutLine: {'line': b'-- Using CMAKE_PREFIX_PATH: /opt/ros/noetic\n'}
[4.842476] (multi_object_tracking_lidar) StdoutLine: {'line': b'-- Using CMAKE_PREFIX_PATH: /opt/ros/noetic\n'}
[4.844215] (ackermann_cmd_mux) StdoutLine: {'line': b'-- This workspace overlays: /opt/ros/noetic\n'}
[4.847617] (particle_filter) StdoutLine: {'line': b'-- Detecting CXX compile features\n'}
[4.849619] (particle_filter) StdoutLine: {'line': b'-- Detecting CXX compile features - done\n'}
[4.849950] (multi_object_tracking_lidar) StdoutLine: {'line': b'-- This workspace overlays: /opt/ros/noetic\n'}
[4.851139] (computer_vision) StdoutLine: {'line': b'-- Found PythonInterp: /usr/bin/python3 (found suitable version "3.8.10", minimum required is "3") \n'}
[4.853868] (computer_vision) StdoutLine: {'line': b'-- Using PYTHON_EXECUTABLE: /usr/bin/python3\n'}
[4.856413] (computer_vision) StdoutLine: {'line': b'-- Using Debian Python package layout\n'}
[4.861155] (particle_filter) StdoutLine: {'line': b'-- Using CATKIN_DEVEL_PREFIX: /home/Platooning-F1Tenth/build/particle_filter/devel\n'}
[4.868145] (particle_filter) StdoutLine: {'line': b'-- Using CMAKE_PREFIX_PATH: /opt/ros/noetic\n'}
[4.874046] (particle_filter) StdoutLine: {'line': b'-- This workspace overlays: /opt/ros/noetic\n'}
[4.900828] (f110_rrt_star) StdoutLine: {'line': b'-- Found PythonInterp: /usr/bin/python3 (found suitable version "3.8.10", minimum required is "3") \n'}
[4.905062] (f110_rrt_star) StdoutLine: {'line': b'-- Using PYTHON_EXECUTABLE: /usr/bin/python3\n'}
[4.910171] (f110_rrt_star) StdoutLine: {'line': b'-- Using Debian Python package layout\n'}
[4.915236] (map_server2) StdoutLine: {'line': b'-- Found PythonInterp: /usr/bin/python3 (found suitable version "3.8.10", minimum required is "3") \n'}
[4.915508] (map_server2) StdoutLine: {'line': b'-- Using PYTHON_EXECUTABLE: /usr/bin/python3\n'}
[4.915689] (map_server2) StdoutLine: {'line': b'-- Using Debian Python package layout\n'}
[4.916978] (-) TimerEvent: {}
[4.962200] (multi_object_tracking_lidar) StdoutLine: {'line': b'-- Found PythonInterp: /usr/bin/python3 (found suitable version "3.8.10", minimum required is "3") \n'}
[4.963044] (multi_object_tracking_lidar) StdoutLine: {'line': b'-- Using PYTHON_EXECUTABLE: /usr/bin/python3\n'}
[4.963552] (multi_object_tracking_lidar) StdoutLine: {'line': b'-- Using Debian Python package layout\n'}
[4.964072] (ackermann_cmd_mux) StdoutLine: {'line': b'-- Found PythonInterp: /usr/bin/python3 (found suitable version "3.8.10", minimum required is "3") \n'}
[4.966420] (ackermann_cmd_mux) StdoutLine: {'line': b'-- Using PYTHON_EXECUTABLE: /usr/bin/python3\n'}
[4.970584] (ackermann_cmd_mux) StdoutLine: {'line': b'-- Using Debian Python package layout\n'}
[4.975633] (race) StdoutLine: {'line': b'-- Found PY_em: /usr/lib/python3/dist-packages/em.py  \n'}
[4.976308] (race) StdoutLine: {'line': b'-- Using empy: /usr/lib/python3/dist-packages/em.py\n'}
[5.017891] (computer_vision) StdoutLine: {'line': b'-- Found PY_em: /usr/lib/python3/dist-packages/em.py  \n'}
[5.018655] (-) TimerEvent: {}
[5.019722] (computer_vision) StdoutLine: {'line': b'-- Using empy: /usr/lib/python3/dist-packages/em.py\n'}
[5.024152] (particle_filter) StdoutLine: {'line': b'-- Found PythonInterp: /usr/bin/python3 (found suitable version "3.8.10", minimum required is "3") \n'}
[5.024441] (particle_filter) StdoutLine: {'line': b'-- Using PYTHON_EXECUTABLE: /usr/bin/python3\n'}
[5.024623] (particle_filter) StdoutLine: {'line': b'-- Using Debian Python package layout\n'}
[5.054888] (f110_rrt_star) StdoutLine: {'line': b'-- Found PY_em: /usr/lib/python3/dist-packages/em.py  \n'}
[5.062332] (f110_rrt_star) StdoutLine: {'line': b'-- Using empy: /usr/lib/python3/dist-packages/em.py\n'}
[5.065377] (map_server2) StdoutLine: {'line': b'-- Found PY_em: /usr/lib/python3/dist-packages/em.py  \n'}
[5.067109] (map_server2) StdoutLine: {'line': b'-- Using empy: /usr/lib/python3/dist-packages/em.py\n'}
[5.088076] (multi_object_tracking_lidar) StdoutLine: {'line': b'-- Found PY_em: /usr/lib/python3/dist-packages/em.py  \n'}
[5.088824] (multi_object_tracking_lidar) StdoutLine: {'line': b'-- Using empy: /usr/lib/python3/dist-packages/em.py\n'}
[5.119113] (-) TimerEvent: {}
[5.125190] (ackermann_cmd_mux) StdoutLine: {'line': b'-- Found PY_em: /usr/lib/python3/dist-packages/em.py  \n'}
[5.125625] (ackermann_cmd_mux) StdoutLine: {'line': b'-- Using empy: /usr/lib/python3/dist-packages/em.py\n'}
[5.171553] (particle_filter) StdoutLine: {'line': b'-- Found PY_em: /usr/lib/python3/dist-packages/em.py  \n'}
[5.172816] (particle_filter) StdoutLine: {'line': b'-- Using empy: /usr/lib/python3/dist-packages/em.py\n'}
[5.220043] (-) TimerEvent: {}
[5.323097] (-) TimerEvent: {}
[5.424130] (-) TimerEvent: {}
[5.525091] (-) TimerEvent: {}
[5.584052] (computer_vision) StdoutLine: {'line': b'-- Using CATKIN_ENABLE_TESTING: ON\n'}
[5.586490] (computer_vision) StdoutLine: {'line': b'-- Call enable_testing()\n'}
[5.592982] (map_server2) StdoutLine: {'line': b'-- Using CATKIN_ENABLE_TESTING: ON\n'}
[5.594009] (map_server2) StdoutLine: {'line': b'-- Call enable_testing()\n'}
[5.612266] (computer_vision) StdoutLine: {'line': b'-- Using CATKIN_TEST_RESULTS_DIR: /home/Platooning-F1Tenth/build/computer_vision/test_results\n'}
[5.615370] (map_server2) StdoutLine: {'line': b'-- Using CATKIN_TEST_RESULTS_DIR: /home/Platooning-F1Tenth/build/map_server2/test_results\n'}
[5.621940] (race) StdoutLine: {'line': b'-- Using CATKIN_ENABLE_TESTING: ON\n'}
[5.624422] (race) StdoutLine: {'line': b'-- Call enable_testing()\n'}
[5.625190] (-) TimerEvent: {}
[5.638053] (multi_object_tracking_lidar) StdoutLine: {'line': b'-- Using CATKIN_ENABLE_TESTING: ON\n'}
[5.639473] (multi_object_tracking_lidar) StdoutLine: {'line': b'-- Call enable_testing()\n'}
[5.647628] (race) StdoutLine: {'line': b'-- Using CATKIN_TEST_RESULTS_DIR: /home/Platooning-F1Tenth/build/race/test_results\n'}
[5.669538] (multi_object_tracking_lidar) StdoutLine: {'line': b'-- Using CATKIN_TEST_RESULTS_DIR: /home/Platooning-F1Tenth/build/multi_object_tracking_lidar/test_results\n'}
[5.673566] (f110_rrt_star) StdoutLine: {'line': b'-- Using CATKIN_ENABLE_TESTING: ON\n'}
[5.676207] (f110_rrt_star) StdoutLine: {'line': b'-- Call enable_testing()\n'}
[5.703599] (f110_rrt_star) StdoutLine: {'line': b'-- Using CATKIN_TEST_RESULTS_DIR: /home/Platooning-F1Tenth/build/f110_rrt_star/test_results\n'}
[5.713407] (ackermann_cmd_mux) StdoutLine: {'line': b'-- Using CATKIN_ENABLE_TESTING: ON\n'}
[5.715873] (ackermann_cmd_mux) StdoutLine: {'line': b'-- Call enable_testing()\n'}
[5.722883] (particle_filter) StdoutLine: {'line': b'-- Using CATKIN_ENABLE_TESTING: ON\n'}
[5.725190] (particle_filter) StdoutLine: {'line': b'-- Call enable_testing()\n'}
[5.728154] (-) TimerEvent: {}
[5.733747] (ackermann_cmd_mux) StdoutLine: {'line': b'-- Using CATKIN_TEST_RESULTS_DIR: /home/Platooning-F1Tenth/build/ackermann_cmd_mux/test_results\n'}
[5.743285] (particle_filter) StdoutLine: {'line': b'-- Using CATKIN_TEST_RESULTS_DIR: /home/Platooning-F1Tenth/build/particle_filter/test_results\n'}
[5.829237] (-) TimerEvent: {}
[5.931405] (-) TimerEvent: {}
[6.034301] (-) TimerEvent: {}
[6.137428] (-) TimerEvent: {}
[6.241048] (-) TimerEvent: {}
[6.341814] (-) TimerEvent: {}
[6.450105] (-) TimerEvent: {}
[6.558722] (-) TimerEvent: {}
[6.661816] (-) TimerEvent: {}
[6.764210] (-) TimerEvent: {}
[6.868769] (-) TimerEvent: {}
[6.970187] (-) TimerEvent: {}
[7.073057] (-) TimerEvent: {}
[7.178044] (-) TimerEvent: {}
[7.279962] (-) TimerEvent: {}
[7.383456] (-) TimerEvent: {}
[7.486355] (-) TimerEvent: {}
[7.590091] (-) TimerEvent: {}
[7.693215] (-) TimerEvent: {}
[7.799195] (-) TimerEvent: {}
[7.901044] (-) TimerEvent: {}
[8.003156] (-) TimerEvent: {}
[8.106001] (-) TimerEvent: {}
[8.207347] (-) TimerEvent: {}
[8.309921] (-) TimerEvent: {}
[8.419150] (-) TimerEvent: {}
[8.524261] (-) TimerEvent: {}
[8.625062] (-) TimerEvent: {}
[8.726246] (-) TimerEvent: {}
[8.812286] (computer_vision) StdoutLine: {'line': b'-- Forcing gtest/gmock from source, though one was otherwise available.\n'}
[8.818093] (computer_vision) StdoutLine: {'line': b"-- Found gtest sources under '/usr/src/googletest': gtests will be built\n"}
[8.819975] (computer_vision) StdoutLine: {'line': b"-- Found gmock sources under '/usr/src/googletest': gmock will be built\n"}
[8.823155] (multi_object_tracking_lidar) StdoutLine: {'line': b'-- Forcing gtest/gmock from source, though one was otherwise available.\n'}
[8.826359] (-) TimerEvent: {}
[8.827334] (multi_object_tracking_lidar) StdoutLine: {'line': b"-- Found gtest sources under '/usr/src/googletest': gtests will be built\n"}
[8.828517] (multi_object_tracking_lidar) StdoutLine: {'line': b"-- Found gmock sources under '/usr/src/googletest': gmock will be built\n"}
[8.830092] (map_server2) StdoutLine: {'line': b'-- Forcing gtest/gmock from source, though one was otherwise available.\n'}
[8.833788] (map_server2) StdoutLine: {'line': b"-- Found gtest sources under '/usr/src/googletest': gtests will be built\n"}
[8.836213] (map_server2) StdoutLine: {'line': b"-- Found gmock sources under '/usr/src/googletest': gmock will be built\n"}
[8.927862] (-) TimerEvent: {}
[8.956851] (race) StdoutLine: {'line': b'-- Forcing gtest/gmock from source, though one was otherwise available.\n'}
[8.959881] (race) StdoutLine: {'line': b"-- Found gtest sources under '/usr/src/googletest': gtests will be built\n"}
[8.968031] (race) StdoutLine: {'line': b"-- Found gmock sources under '/usr/src/googletest': gmock will be built\n"}
[8.968696] (multi_object_tracking_lidar) StdoutLine: {'line': b'-- Found PythonInterp: /usr/bin/python3 (found version "3.8.10") \n'}
[8.969864] (multi_object_tracking_lidar) StdoutLine: {'line': b'-- Found Threads: TRUE  \n'}
[8.972787] (computer_vision) StdoutLine: {'line': b'-- Found PythonInterp: /usr/bin/python3 (found version "3.8.10") \n'}
[8.979361] (computer_vision) StdoutLine: {'line': b'-- Found Threads: TRUE  \n'}
[8.981019] (map_server2) StdoutLine: {'line': b'-- Found PythonInterp: /usr/bin/python3 (found version "3.8.10") \n'}
[8.982407] (map_server2) StdoutLine: {'line': b'-- Found Threads: TRUE  \n'}
[8.984296] (multi_object_tracking_lidar) StdoutLine: {'line': b'-- Using Python nosetests: /usr/bin/nosetests3\n'}
[8.986496] (computer_vision) StdoutLine: {'line': b'-- Using Python nosetests: /usr/bin/nosetests3\n'}
[8.993683] (map_server2) StdoutLine: {'line': b'-- Using Python nosetests: /usr/bin/nosetests3\n'}
[9.028153] (-) TimerEvent: {}
[9.042439] (particle_filter) StdoutLine: {'line': b'-- Forcing gtest/gmock from source, though one was otherwise available.\n'}
[9.045850] (particle_filter) StdoutLine: {'line': b"-- Found gtest sources under '/usr/src/googletest': gtests will be built\n"}
[9.049085] (particle_filter) StdoutLine: {'line': b"-- Found gmock sources under '/usr/src/googletest': gmock will be built\n"}
[9.049831] (f110_rrt_star) StdoutLine: {'line': b'-- Forcing gtest/gmock from source, though one was otherwise available.\n'}
[9.052417] (f110_rrt_star) StdoutLine: {'line': b"-- Found gtest sources under '/usr/src/googletest': gtests will be built\n"}
[9.054461] (f110_rrt_star) StdoutLine: {'line': b"-- Found gmock sources under '/usr/src/googletest': gmock will be built\n"}
[9.132815] (-) TimerEvent: {}
[9.172844] (ackermann_cmd_mux) StdoutLine: {'line': b'-- Forcing gtest/gmock from source, though one was otherwise available.\n'}
[9.181982] (ackermann_cmd_mux) StdoutLine: {'line': b"-- Found gtest sources under '/usr/src/googletest': gtests will be built\n"}
[9.197490] (ackermann_cmd_mux) StdoutLine: {'line': b"-- Found gmock sources under '/usr/src/googletest': gmock will be built\n"}
[9.202213] (race) StdoutLine: {'line': b'-- Found PythonInterp: /usr/bin/python3 (found version "3.8.10") \n'}
[9.206598] (race) StdoutLine: {'line': b'-- Found Threads: TRUE  \n'}
[9.223817] (race) StdoutLine: {'line': b'-- Using Python nosetests: /usr/bin/nosetests3\n'}
[9.233646] (-) TimerEvent: {}
[9.328465] (particle_filter) StdoutLine: {'line': b'-- Found PythonInterp: /usr/bin/python3 (found version "3.8.10") \n'}
[9.330560] (particle_filter) StdoutLine: {'line': b'-- Found Threads: TRUE  \n'}
[9.338241] (-) TimerEvent: {}
[9.344943] (particle_filter) StdoutLine: {'line': b'-- Using Python nosetests: /usr/bin/nosetests3\n'}
[9.346637] (multi_object_tracking_lidar) StdoutLine: {'line': b'-- catkin 0.8.12\n'}
[9.349526] (multi_object_tracking_lidar) StdoutLine: {'line': b'-- BUILD_SHARED_LIBS is on\n'}
[9.353383] (computer_vision) StdoutLine: {'line': b'-- catkin 0.8.12\n'}
[9.356258] (computer_vision) StdoutLine: {'line': b'-- BUILD_SHARED_LIBS is on\n'}
[9.358571] (f110_rrt_star) StdoutLine: {'line': b'-- Found PythonInterp: /usr/bin/python3 (found version "3.8.10") \n'}
[9.362924] (f110_rrt_star) StdoutLine: {'line': b'-- Found Threads: TRUE  \n'}
[9.368338] (map_server2) StdoutLine: {'line': b'-- catkin 0.8.12\n'}
[9.369586] (map_server2) StdoutLine: {'line': b'-- BUILD_SHARED_LIBS is on\n'}
[9.372500] (f110_rrt_star) StdoutLine: {'line': b'-- Using Python nosetests: /usr/bin/nosetests3\n'}
[9.405898] (ackermann_cmd_mux) StdoutLine: {'line': b'-- Found PythonInterp: /usr/bin/python3 (found version "3.8.10") \n'}
[9.410835] (ackermann_cmd_mux) StdoutLine: {'line': b'-- Found Threads: TRUE  \n'}
[9.417716] (ackermann_cmd_mux) StdoutLine: {'line': b'-- Using Python nosetests: /usr/bin/nosetests3\n'}
[9.444055] (-) TimerEvent: {}
[9.526375] (race) StdoutLine: {'line': b'-- catkin 0.8.12\n'}
[9.529978] (race) StdoutLine: {'line': b'-- BUILD_SHARED_LIBS is on\n'}
[9.546086] (-) TimerEvent: {}
[9.591648] (f110_rrt_star) StdoutLine: {'line': b'-- catkin 0.8.12\n'}
[9.593409] (f110_rrt_star) StdoutLine: {'line': b'-- BUILD_SHARED_LIBS is on\n'}
[9.594889] (particle_filter) StdoutLine: {'line': b'-- catkin 0.8.12\n'}
[9.596546] (particle_filter) StdoutLine: {'line': b'-- BUILD_SHARED_LIBS is on\n'}
[9.602483] (ackermann_cmd_mux) StdoutLine: {'line': b'-- catkin 0.8.12\n'}
[9.604170] (ackermann_cmd_mux) StdoutLine: {'line': b'-- BUILD_SHARED_LIBS is on\n'}
[9.647090] (-) TimerEvent: {}
[9.751473] (-) TimerEvent: {}
[9.854524] (-) TimerEvent: {}
[9.985522] (-) TimerEvent: {}
[10.087124] (-) TimerEvent: {}
[10.189143] (-) TimerEvent: {}
[10.332062] (-) TimerEvent: {}
[10.435180] (-) TimerEvent: {}
[10.536069] (-) TimerEvent: {}
[10.637067] (-) TimerEvent: {}
[10.739617] (-) TimerEvent: {}
[10.842245] (-) TimerEvent: {}
[10.939710] (computer_vision) StderrLine: {'line': b"WARNING: package 'gazebo_ros' is deprecated (This package has been deprecated as of January 2025 with Gazebo classic 11 reaching\n"}
[10.942249] (computer_vision) StderrLine: {'line': b'      end-of-life. Users are highly encouraged to migrate to the new Gazebo\n'}
[10.943873] (-) TimerEvent: {}
[10.944978] (computer_vision) StderrLine: {'line': b'      using our migration guides (https://gazebosim.org/docs/latest/gazebo_classic_migration))\n'}
[11.044874] (-) TimerEvent: {}
[11.147421] (-) TimerEvent: {}
[11.156253] (race) StderrLine: {'line': b"WARNING: package 'gazebo_ros' is deprecated (This package has been deprecated as of January 2025 with Gazebo classic 11 reaching\n"}
[11.158068] (race) StderrLine: {'line': b'      end-of-life. Users are highly encouraged to migrate to the new Gazebo\n'}
[11.159477] (race) StderrLine: {'line': b'      using our migration guides (https://gazebosim.org/docs/latest/gazebo_classic_migration))\n'}
[11.235167] (map_server2) StdoutLine: {'line': b'-- Using these message generators: gencpp;geneus;genlisp;gennodejs;genpy\n'}
[11.248886] (-) TimerEvent: {}
[11.320814] (computer_vision) StdoutLine: {'line': b'-- Using these message generators: gencpp;geneus;genlisp;gennodejs;genpy\n'}
[11.349868] (-) TimerEvent: {}
[11.435085] (computer_vision) StderrLine: {'line': b"WARNING: package 'gazebo_msgs' is deprecated (This package has been deprecated as of January 2025 with Gazebo classic 11 reaching\n"}
[11.445165] (computer_vision) StderrLine: {'line': b'      end-of-life. Users are highly encouraged to migrate to the new Gazebo\n'}
[11.450970] (-) TimerEvent: {}
[11.451890] (computer_vision) StderrLine: {'line': b'      using our migration guides (https://gazebosim.org/docs/latest/gazebo_classic_migration))\n'}
[11.457768] (race) StdoutLine: {'line': b'-- Using these message generators: gencpp;geneus;genlisp;gennodejs;genpy\n'}
[11.460718] (f110_rrt_star) StdoutLine: {'line': b'-- Using these message generators: gencpp;geneus;genlisp;gennodejs;genpy\n'}
[11.552545] (-) TimerEvent: {}
[11.561270] (race) StderrLine: {'line': b"WARNING: package 'gazebo_msgs' is deprecated (This package has been deprecated as of January 2025 with Gazebo classic 11 reaching\n"}
[11.567141] (race) StderrLine: {'line': b'      end-of-life. Users are highly encouraged to migrate to the new Gazebo\n'}
[11.569110] (race) StderrLine: {'line': b'      using our migration guides (https://gazebosim.org/docs/latest/gazebo_classic_migration))\n'}
[11.630033] (multi_object_tracking_lidar) StdoutLine: {'line': b'-- Using these message generators: gencpp;geneus;genlisp;gennodejs;genpy\n'}
[11.653389] (-) TimerEvent: {}
[11.762091] (-) TimerEvent: {}
[11.863110] (-) TimerEvent: {}
[11.865174] (ackermann_cmd_mux) StdoutLine: {'line': b'-- Found PkgConfig: /usr/bin/pkg-config (found version "0.29.1") \n'}
[11.867913] (ackermann_cmd_mux) StdoutLine: {'line': b"-- Checking for one of the modules 'yaml-cpp'\n"}
[11.901599] (map_server2) StdoutLine: {'line': b'-- Found Boost: /usr/lib/x86_64-linux-gnu/cmake/Boost-1.71.0/BoostConfig.cmake (found version "1.71.0") found components: system \n'}
[11.950021] (map_server2) StdoutLine: {'line': b'-- Found PkgConfig: /usr/bin/pkg-config (found version "0.29.1") \n'}
[11.952773] (map_server2) StdoutLine: {'line': b"-- Checking for module 'yaml-cpp>=0.5'\n"}
[11.972216] (-) TimerEvent: {}
[12.075230] (-) TimerEvent: {}
[12.113225] (map_server2) StdoutLine: {'line': b'--   Found yaml-cpp, version 0.6.2\n'}
[12.181058] (-) TimerEvent: {}
[12.249936] (race) StdoutLine: {'line': b"-- Checking for module 'eigen3'\n"}
[12.282322] (-) TimerEvent: {}
[12.311066] (multi_object_tracking_lidar) StdoutLine: {'line': b'-- Found OpenCV: /usr (found version "4.2.0") \n'}
[12.383072] (-) TimerEvent: {}
[12.409847] (race) StdoutLine: {'line': b'--   Found eigen3, version 3.3.7\n'}
[12.484210] (-) TimerEvent: {}
[12.586319] (-) TimerEvent: {}
[12.605148] (particle_filter) StdoutLine: {'line': b'-- Configuring done\n'}
[12.687121] (-) TimerEvent: {}
[12.789198] (-) TimerEvent: {}
[12.817806] (f110_rrt_star) StdoutLine: {'line': b'-- Configuring done\n'}
[12.870598] (race) StdoutLine: {'line': b'-- Found Eigen: /usr/include/eigen3 (Required is at least version "3.1") \n'}
[12.872842] (race) StdoutLine: {'line': b'-- Eigen found (include: /usr/include/eigen3, version: 3.3.7)\n'}
[12.890095] (-) TimerEvent: {}
[12.997767] (-) TimerEvent: {}
[13.000373] (multi_object_tracking_lidar) StdoutLine: {'line': b'-- Configuring done\n'}
[13.041716] (particle_filter) StdoutLine: {'line': b'-- Generating done\n'}
[13.081674] (race) StdoutLine: {'line': b'-- Found Boost: /usr/include (found suitable version "1.71.0", minimum required is "1.55.0") found components: system filesystem date_time iostreams regex \n'}
[13.098282] (-) TimerEvent: {}
[13.111006] (race) StdoutLine: {'line': b"-- Checking for module 'flann'\n"}
[13.199303] (-) TimerEvent: {}
[13.219540] (map_server2) StdoutLine: {'line': b'-- Configuring done\n'}
[13.242262] (particle_filter) StdoutLine: {'line': b'-- Build files have been written to: /home/Platooning-F1Tenth/build/particle_filter\n'}
[13.253041] (pure_pursuit) StdoutLine: {'line': b'-- The C compiler identification is GNU 9.4.0\n'}
[13.257252] (pure_pursuit) StdoutLine: {'line': b'-- The CXX compiler identification is GNU 9.4.0\n'}
[13.260389] (pure_pursuit) StdoutLine: {'line': b'-- Check for working C compiler: /usr/bin/cc\n'}
[13.269051] (pure_pursuit) StdoutLine: {'line': b'-- Check for working C compiler: /usr/bin/cc -- works\n'}
[13.271735] (pure_pursuit) StdoutLine: {'line': b'-- Detecting C compiler ABI info\n'}
[13.272854] (pure_pursuit) StdoutLine: {'line': b'-- Detecting C compiler ABI info - done\n'}
[13.273880] (pure_pursuit) StdoutLine: {'line': b'-- Detecting C compile features\n'}
[13.275205] (pure_pursuit) StdoutLine: {'line': b'-- Detecting C compile features - done\n'}
[13.277014] (pure_pursuit) StdoutLine: {'line': b'-- Check for working CXX compiler: /usr/bin/c++\n'}
[13.279043] (pure_pursuit) StdoutLine: {'line': b'-- Check for working CXX compiler: /usr/bin/c++ -- works\n'}
[13.284053] (pure_pursuit) StdoutLine: {'line': b'-- Detecting CXX compiler ABI info\n'}
[13.286899] (pure_pursuit) StdoutLine: {'line': b'-- Detecting CXX compiler ABI info - done\n'}
[13.293713] (pure_pursuit) StdoutLine: {'line': b'-- Detecting CXX compile features\n'}
[13.296089] (pure_pursuit) StdoutLine: {'line': b'-- Detecting CXX compile features - done\n'}
[13.296967] (pure_pursuit) StdoutLine: {'line': b'-- Using CATKIN_DEVEL_PREFIX: /home/Platooning-F1Tenth/build/pure_pursuit/devel\n'}
[13.298489] (pure_pursuit) StdoutLine: {'line': b'-- Using CMAKE_PREFIX_PATH: /opt/ros/noetic\n'}
[13.299849] (-) TimerEvent: {}
[13.301595] (pure_pursuit) StdoutLine: {'line': b'-- This workspace overlays: /opt/ros/noetic\n'}
[13.303887] (pure_pursuit) StdoutLine: {'line': b'-- Found PythonInterp: /usr/bin/python3 (found suitable version "3.8.10", minimum required is "3") \n'}
[13.309243] (pure_pursuit) StdoutLine: {'line': b'-- Using PYTHON_EXECUTABLE: /usr/bin/python3\n'}
[13.311281] (pure_pursuit) StdoutLine: {'line': b'-- Using Debian Python package layout\n'}
[13.324914] (pure_pursuit) StdoutLine: {'line': b'-- Found PY_em: /usr/lib/python3/dist-packages/em.py  \n'}
[13.328569] (pure_pursuit) StdoutLine: {'line': b'-- Using empy: /usr/lib/python3/dist-packages/em.py\n'}
[13.329536] (pure_pursuit) StdoutLine: {'line': b'-- Using CATKIN_ENABLE_TESTING: ON\n'}
[13.332858] (pure_pursuit) StdoutLine: {'line': b'-- Call enable_testing()\n'}
[13.342181] (pure_pursuit) StdoutLine: {'line': b'-- Using CATKIN_TEST_RESULTS_DIR: /home/Platooning-F1Tenth/build/pure_pursuit/test_results\n'}
[13.346112] (pure_pursuit) StdoutLine: {'line': b'-- Forcing gtest/gmock from source, though one was otherwise available.\n'}
[13.349112] (pure_pursuit) StdoutLine: {'line': b"-- Found gtest sources under '/usr/src/googletest': gtests will be built\n"}
[13.353564] (pure_pursuit) StdoutLine: {'line': b"-- Found gmock sources under '/usr/src/googletest': gmock will be built\n"}
[13.358191] (pure_pursuit) StdoutLine: {'line': b'-- Found PythonInterp: /usr/bin/python3 (found version "3.8.10") \n'}
[13.360053] (pure_pursuit) StdoutLine: {'line': b'-- Found Threads: TRUE  \n'}
[13.364825] (pure_pursuit) StdoutLine: {'line': b'-- Using Python nosetests: /usr/bin/nosetests3\n'}
[13.370846] (pure_pursuit) StdoutLine: {'line': b'-- catkin 0.8.12\n'}
[13.374738] (pure_pursuit) StdoutLine: {'line': b'-- BUILD_SHARED_LIBS is on\n'}
[13.377316] (pure_pursuit) StdoutLine: {'line': b'-- Configuring done\n'}
[13.380830] (pure_pursuit) StdoutLine: {'line': b'-- Generating done\n'}
[13.385174] (pure_pursuit) StdoutLine: {'line': b'-- Build files have been written to: /home/Platooning-F1Tenth/build/pure_pursuit\n'}
[13.389860] (racecar) StdoutLine: {'line': b'-- The C compiler identification is GNU 9.4.0\n'}
[13.394720] (racecar) StdoutLine: {'line': b'-- The CXX compiler identification is GNU 9.4.0\n'}
[13.397797] (racecar) StdoutLine: {'line': b'-- Check for working C compiler: /usr/bin/cc\n'}
[13.400628] (-) TimerEvent: {}
[13.404652] (racecar) StdoutLine: {'line': b'-- Check for working C compiler: /usr/bin/cc -- works\n'}
[13.413908] (racecar) StdoutLine: {'line': b'-- Detecting C compiler ABI info\n'}
[13.416606] (racecar) StdoutLine: {'line': b'-- Detecting C compiler ABI info - done\n'}
[13.419211] (racecar) StdoutLine: {'line': b'-- Detecting C compile features\n'}
[13.422594] (racecar) StdoutLine: {'line': b'-- Detecting C compile features - done\n'}
[13.427257] (racecar) StdoutLine: {'line': b'-- Check for working CXX compiler: /usr/bin/c++\n'}
[13.429588] (racecar) StdoutLine: {'line': b'-- Check for working CXX compiler: /usr/bin/c++ -- works\n'}
[13.431863] (racecar) StdoutLine: {'line': b'-- Detecting CXX compiler ABI info\n'}
[13.435772] (racecar) StdoutLine: {'line': b'-- Detecting CXX compiler ABI info - done\n'}
[13.438700] (racecar) StdoutLine: {'line': b'-- Detecting CXX compile features\n'}
[13.445742] (racecar) StdoutLine: {'line': b'-- Detecting CXX compile features - done\n'}
[13.453813] (racecar) StdoutLine: {'line': b'-- Using CATKIN_DEVEL_PREFIX: /home/Platooning-F1Tenth/build/racecar/devel\n'}
[13.459789] (racecar) StdoutLine: {'line': b'-- Using CMAKE_PREFIX_PATH: /opt/ros/noetic\n'}
[13.465679] (racecar) StdoutLine: {'line': b'-- This workspace overlays: /opt/ros/noetic\n'}
[13.472322] (racecar) StdoutLine: {'line': b'-- Found PythonInterp: /usr/bin/python3 (found suitable version "3.8.10", minimum required is "3") \n'}
[13.474880] (racecar) StdoutLine: {'line': b'-- Using PYTHON_EXECUTABLE: /usr/bin/python3\n'}
[13.476156] (racecar) StdoutLine: {'line': b'-- Using Debian Python package layout\n'}
[13.481121] (racecar) StdoutLine: {'line': b'-- Found PY_em: /usr/lib/python3/dist-packages/em.py  \n'}
[13.485708] (racecar) StdoutLine: {'line': b'-- Using empy: /usr/lib/python3/dist-packages/em.py\n'}
[13.488831] (racecar) StdoutLine: {'line': b'-- Using CATKIN_ENABLE_TESTING: ON\n'}
[13.492785] (racecar) StdoutLine: {'line': b'-- Call enable_testing()\n'}
[13.499797] (racecar) StdoutLine: {'line': b'-- Using CATKIN_TEST_RESULTS_DIR: /home/Platooning-F1Tenth/build/racecar/test_results\n'}
[13.503296] (-) TimerEvent: {}
[13.504809] (racecar) StdoutLine: {'line': b'-- Forcing gtest/gmock from source, though one was otherwise available.\n'}
[13.508905] (racecar) StdoutLine: {'line': b"-- Found gtest sources under '/usr/src/googletest': gtests will be built\n"}
[13.512132] (racecar) StdoutLine: {'line': b"-- Found gmock sources under '/usr/src/googletest': gmock will be built\n"}
[13.515048] (racecar) StdoutLine: {'line': b'-- Found PythonInterp: /usr/bin/python3 (found version "3.8.10") \n'}
[13.522720] (racecar) StdoutLine: {'line': b'-- Found Threads: TRUE  \n'}
[13.526674] (racecar) StdoutLine: {'line': b'-- Using Python nosetests: /usr/bin/nosetests3\n'}
[13.536578] (racecar) StdoutLine: {'line': b'-- catkin 0.8.12\n'}
[13.540312] (racecar) StdoutLine: {'line': b'-- BUILD_SHARED_LIBS is on\n'}
[13.543361] (racecar) StdoutLine: {'line': b'-- Configuring done\n'}
[13.544277] (racecar) StdoutLine: {'line': b'-- Generating done\n'}
[13.545757] (racecar) StdoutLine: {'line': b'-- Build files have been written to: /home/Platooning-F1Tenth/build/racecar\n'}
[13.549973] (racecar_control) StdoutLine: {'line': b'-- The C compiler identification is GNU 9.4.0\n'}
[13.554850] (racecar_control) StdoutLine: {'line': b'-- The CXX compiler identification is GNU 9.4.0\n'}
[13.557856] (racecar_control) StdoutLine: {'line': b'-- Check for working C compiler: /usr/bin/cc\n'}
[13.559595] (racecar_control) StdoutLine: {'line': b'-- Check for working C compiler: /usr/bin/cc -- works\n'}
[13.560648] (racecar_control) StdoutLine: {'line': b'-- Detecting C compiler ABI info\n'}
[13.563838] (racecar_control) StdoutLine: {'line': b'-- Detecting C compiler ABI info - done\n'}
[13.565470] (racecar_control) StdoutLine: {'line': b'-- Detecting C compile features\n'}
[13.568731] (racecar_control) StdoutLine: {'line': b'-- Detecting C compile features - done\n'}
[13.572030] (racecar_control) StdoutLine: {'line': b'-- Check for working CXX compiler: /usr/bin/c++\n'}
[13.574225] (racecar_control) StdoutLine: {'line': b'-- Check for working CXX compiler: /usr/bin/c++ -- works\n'}
[13.575797] (racecar_control) StdoutLine: {'line': b'-- Detecting CXX compiler ABI info\n'}
[13.578051] (racecar_control) StdoutLine: {'line': b'-- Detecting CXX compiler ABI info - done\n'}
[13.582203] (racecar_control) StdoutLine: {'line': b'-- Detecting CXX compile features\n'}
[13.585295] (racecar_control) StdoutLine: {'line': b'-- Detecting CXX compile features - done\n'}
[13.589428] (racecar_control) StdoutLine: {'line': b'-- Using CATKIN_DEVEL_PREFIX: /home/Platooning-F1Tenth/build/racecar_control/devel\n'}
[13.591835] (racecar_control) StdoutLine: {'line': b'-- Using CMAKE_PREFIX_PATH: /opt/ros/noetic\n'}
[13.599454] (racecar_control) StdoutLine: {'line': b'-- This workspace overlays: /opt/ros/noetic\n'}
[13.601842] (racecar_control) StdoutLine: {'line': b'-- Found PythonInterp: /usr/bin/python3 (found suitable version "3.8.10", minimum required is "3") \n'}
[13.604763] (-) TimerEvent: {}
[13.607269] (racecar_control) StdoutLine: {'line': b'-- Using PYTHON_EXECUTABLE: /usr/bin/python3\n'}
[13.608740] (racecar_control) StdoutLine: {'line': b'-- Using Debian Python package layout\n'}
[13.610293] (racecar_control) StdoutLine: {'line': b'-- Found PY_em: /usr/lib/python3/dist-packages/em.py  \n'}
[13.614103] (racecar_control) StdoutLine: {'line': b'-- Using empy: /usr/lib/python3/dist-packages/em.py\n'}
[13.618477] (racecar_control) StdoutLine: {'line': b'-- Using CATKIN_ENABLE_TESTING: ON\n'}
[13.619715] (racecar_control) StdoutLine: {'line': b'-- Call enable_testing()\n'}
[13.621628] (racecar_control) StdoutLine: {'line': b'-- Using CATKIN_TEST_RESULTS_DIR: /home/Platooning-F1Tenth/build/racecar_control/test_results\n'}
[13.623227] (racecar_control) StdoutLine: {'line': b'-- Forcing gtest/gmock from source, though one was otherwise available.\n'}
[13.632740] (racecar_control) StdoutLine: {'line': b"-- Found gtest sources under '/usr/src/googletest': gtests will be built\n"}
[13.635184] (racecar_control) StdoutLine: {'line': b"-- Found gmock sources under '/usr/src/googletest': gmock will be built\n"}
[13.636062] (racecar_control) StdoutLine: {'line': b'-- Found PythonInterp: /usr/bin/python3 (found version "3.8.10") \n'}
[13.637074] (racecar_control) StdoutLine: {'line': b'-- Found Threads: TRUE  \n'}
[13.637800] (racecar_control) StdoutLine: {'line': b'-- Using Python nosetests: /usr/bin/nosetests3\n'}
[13.638520] (racecar_control) StdoutLine: {'line': b'-- catkin 0.8.12\n'}
[13.639633] (racecar_control) StdoutLine: {'line': b'-- BUILD_SHARED_LIBS is on\n'}
[13.642553] (racecar_control) StdoutLine: {'line': b'-- Configuring done\n'}
[13.644602] (racecar_control) StdoutLine: {'line': b'-- Generating done\n'}
[13.647058] (racecar_control) StdoutLine: {'line': b'-- Build files have been written to: /home/Platooning-F1Tenth/build/racecar_control\n'}
[13.653435] (race) StdoutLine: {'line': b'--   Found flann, version 1.9.1\n'}
[13.656120] (particle_filter) CommandEnded: {'returncode': 0}
[13.663442] (particle_filter) JobProgress: {'identifier': 'particle_filter', 'progress': 'build'}
[13.663703] (particle_filter) Command: {'cmd': ['/usr/bin/cmake', '--build', '/home/Platooning-F1Tenth/build/particle_filter', '--', '-j10', '-l10'], 'cwd': '/home/Platooning-F1Tenth/build/particle_filter', 'env': OrderedDict([('HOSTNAME', '6782ed5a9168'), ('ROS_PACKAGE_PATH', '/opt/ros/noetic/share'), ('ROS_ETC_DIR', '/opt/ros/noetic/etc/ros'), ('SHLVL', '1'), ('LD_LIBRARY_PATH', '/opt/ros/noetic/lib'), ('HOME', '/root'), ('OLDPWD', '/'), ('ROS_PYTHON_VERSION', '3'), ('ROS_DISTRO', 'noetic'), ('_', '/usr/bin/colcon'), ('ROS_VERSION', '1'), ('PKG_CONFIG_PATH', '/opt/ros/noetic/lib/pkgconfig'), ('TERM', 'xterm'), ('PATH', '/opt/ros/noetic/bin:/usr/local/sbin:/usr/local/bin:/usr/sbin:/usr/bin:/sbin:/bin'), ('LANG', 'C.UTF-8'), ('ROSLISP_PACKAGE_DIRECTORIES', ''), ('LS_COLORS', 'rs=0:di=01;34:ln=01;36:mh=00:pi=40;33:so=01;35:do=01;35:bd=40;33;01:cd=40;33;01:or=40;31;01:mi=00:su=37;41:sg=30;43:ca=30;41:tw=30;42:ow=34;42:st=37;44:ex=01;32:*.tar=01;31:*.tgz=01;31:*.arc=01;31:*.arj=01;31:*.taz=01;31:*.lha=01;31:*.lz4=01;31:*.lzh=01;31:*.lzma=01;31:*.tlz=01;31:*.txz=01;31:*.tzo=01;31:*.t7z=01;31:*.zip=01;31:*.z=01;31:*.dz=01;31:*.gz=01;31:*.lrz=01;31:*.lz=01;31:*.lzo=01;31:*.xz=01;31:*.zst=01;31:*.tzst=01;31:*.bz2=01;31:*.bz=01;31:*.tbz=01;31:*.tbz2=01;31:*.tz=01;31:*.deb=01;31:*.rpm=01;31:*.jar=01;31:*.war=01;31:*.ear=01;31:*.sar=01;31:*.rar=01;31:*.alz=01;31:*.ace=01;31:*.zoo=01;31:*.cpio=01;31:*.7z=01;31:*.rz=01;31:*.cab=01;31:*.wim=01;31:*.swm=01;31:*.dwm=01;31:*.esd=01;31:*.jpg=01;35:*.jpeg=01;35:*.mjpg=01;35:*.mjpeg=01;35:*.gif=01;35:*.bmp=01;35:*.pbm=01;35:*.pgm=01;35:*.ppm=01;35:*.tga=01;35:*.xbm=01;35:*.xpm=01;35:*.tif=01;35:*.tiff=01;35:*.png=01;35:*.svg=01;35:*.svgz=01;35:*.mng=01;35:*.pcx=01;35:*.mov=01;35:*.mpg=01;35:*.mpeg=01;35:*.m2v=01;35:*.mkv=01;35:*.webm=01;35:*.ogm=01;35:*.mp4=01;35:*.m4v=01;35:*.mp4v=01;35:*.vob=01;35:*.qt=01;35:*.nuv=01;35:*.wmv=01;35:*.asf=01;35:*.rm=01;35:*.rmvb=01;35:*.flc=01;35:*.avi=01;35:*.fli=01;35:*.flv=01;35:*.gl=01;35:*.dl=01;35:*.xcf=01;35:*.xwd=01;35:*.yuv=01;35:*.cgm=01;35:*.emf=01;35:*.ogv=01;35:*.ogx=01;35:*.aac=00;36:*.au=00;36:*.flac=00;36:*.m4a=00;36:*.mid=00;36:*.midi=00;36:*.mka=00;36:*.mp3=00;36:*.mpc=00;36:*.ogg=00;36:*.ra=00;36:*.wav=00;36:*.oga=00;36:*.opus=00;36:*.spx=00;36:*.xspf=00;36:'), ('ROS_ROOT', '/opt/ros/noetic/share/ros'), ('ROS_MASTER_URI', 'http://localhost:11311'), ('PWD', '/home/Platooning-F1Tenth/build/particle_filter'), ('LC_ALL', 'C.UTF-8'), ('PYTHONPATH', '/opt/ros/noetic/lib/python3/dist-packages'), ('COLCON', '1'), ('CMAKE_PREFIX_PATH', '/opt/ros/noetic')]), 'shell': False}
[13.672151] (pure_pursuit) CommandEnded: {'returncode': 0}
[13.674340] (pure_pursuit) JobProgress: {'identifier': 'pure_pursuit', 'progress': 'build'}
[13.676011] (pure_pursuit) Command: {'cmd': ['/usr/bin/cmake', '--build', '/home/Platooning-F1Tenth/build/pure_pursuit', '--', '-j10', '-l10'], 'cwd': '/home/Platooning-F1Tenth/build/pure_pursuit', 'env': OrderedDict([('HOSTNAME', '6782ed5a9168'), ('ROS_PACKAGE_PATH', '/opt/ros/noetic/share'), ('ROS_ETC_DIR', '/opt/ros/noetic/etc/ros'), ('SHLVL', '1'), ('LD_LIBRARY_PATH', '/opt/ros/noetic/lib'), ('HOME', '/root'), ('OLDPWD', '/'), ('ROS_PYTHON_VERSION', '3'), ('ROS_DISTRO', 'noetic'), ('_', '/usr/bin/colcon'), ('ROS_VERSION', '1'), ('PKG_CONFIG_PATH', '/opt/ros/noetic/lib/pkgconfig'), ('TERM', 'xterm'), ('PATH', '/opt/ros/noetic/bin:/usr/local/sbin:/usr/local/bin:/usr/sbin:/usr/bin:/sbin:/bin'), ('LANG', 'C.UTF-8'), ('ROSLISP_PACKAGE_DIRECTORIES', ''), ('LS_COLORS', 'rs=0:di=01;34:ln=01;36:mh=00:pi=40;33:so=01;35:do=01;35:bd=40;33;01:cd=40;33;01:or=40;31;01:mi=00:su=37;41:sg=30;43:ca=30;41:tw=30;42:ow=34;42:st=37;44:ex=01;32:*.tar=01;31:*.tgz=01;31:*.arc=01;31:*.arj=01;31:*.taz=01;31:*.lha=01;31:*.lz4=01;31:*.lzh=01;31:*.lzma=01;31:*.tlz=01;31:*.txz=01;31:*.tzo=01;31:*.t7z=01;31:*.zip=01;31:*.z=01;31:*.dz=01;31:*.gz=01;31:*.lrz=01;31:*.lz=01;31:*.lzo=01;31:*.xz=01;31:*.zst=01;31:*.tzst=01;31:*.bz2=01;31:*.bz=01;31:*.tbz=01;31:*.tbz2=01;31:*.tz=01;31:*.deb=01;31:*.rpm=01;31:*.jar=01;31:*.war=01;31:*.ear=01;31:*.sar=01;31:*.rar=01;31:*.alz=01;31:*.ace=01;31:*.zoo=01;31:*.cpio=01;31:*.7z=01;31:*.rz=01;31:*.cab=01;31:*.wim=01;31:*.swm=01;31:*.dwm=01;31:*.esd=01;31:*.jpg=01;35:*.jpeg=01;35:*.mjpg=01;35:*.mjpeg=01;35:*.gif=01;35:*.bmp=01;35:*.pbm=01;35:*.pgm=01;35:*.ppm=01;35:*.tga=01;35:*.xbm=01;35:*.xpm=01;35:*.tif=01;35:*.tiff=01;35:*.png=01;35:*.svg=01;35:*.svgz=01;35:*.mng=01;35:*.pcx=01;35:*.mov=01;35:*.mpg=01;35:*.mpeg=01;35:*.m2v=01;35:*.mkv=01;35:*.webm=01;35:*.ogm=01;35:*.mp4=01;35:*.m4v=01;35:*.mp4v=01;35:*.vob=01;35:*.qt=01;35:*.nuv=01;35:*.wmv=01;35:*.asf=01;35:*.rm=01;35:*.rmvb=01;35:*.flc=01;35:*.avi=01;35:*.fli=01;35:*.flv=01;35:*.gl=01;35:*.dl=01;35:*.xcf=01;35:*.xwd=01;35:*.yuv=01;35:*.cgm=01;35:*.emf=01;35:*.ogv=01;35:*.ogx=01;35:*.aac=00;36:*.au=00;36:*.flac=00;36:*.m4a=00;36:*.mid=00;36:*.midi=00;36:*.mka=00;36:*.mp3=00;36:*.mpc=00;36:*.ogg=00;36:*.ra=00;36:*.wav=00;36:*.oga=00;36:*.opus=00;36:*.spx=00;36:*.xspf=00;36:'), ('ROS_ROOT', '/opt/ros/noetic/share/ros'), ('ROS_MASTER_URI', 'http://localhost:11311'), ('PWD', '/home/Platooning-F1Tenth/build/pure_pursuit'), ('LC_ALL', 'C.UTF-8'), ('PYTHONPATH', '/opt/ros/noetic/lib/python3/dist-packages'), ('COLCON', '1'), ('CMAKE_PREFIX_PATH', '/opt/ros/noetic')]), 'shell': False}
[13.680815] (racecar_control) CommandEnded: {'returncode': 0}
[13.693123] (racecar_control) JobProgress: {'identifier': 'racecar_control', 'progress': 'build'}
[13.693839] (racecar_control) Command: {'cmd': ['/usr/bin/cmake', '--build', '/home/Platooning-F1Tenth/build/racecar_control', '--', '-j10', '-l10'], 'cwd': '/home/Platooning-F1Tenth/build/racecar_control', 'env': OrderedDict([('HOSTNAME', '6782ed5a9168'), ('ROS_PACKAGE_PATH', '/opt/ros/noetic/share'), ('ROS_ETC_DIR', '/opt/ros/noetic/etc/ros'), ('SHLVL', '1'), ('LD_LIBRARY_PATH', '/opt/ros/noetic/lib'), ('HOME', '/root'), ('OLDPWD', '/'), ('ROS_PYTHON_VERSION', '3'), ('ROS_DISTRO', 'noetic'), ('_', '/usr/bin/colcon'), ('ROS_VERSION', '1'), ('PKG_CONFIG_PATH', '/opt/ros/noetic/lib/pkgconfig'), ('TERM', 'xterm'), ('PATH', '/opt/ros/noetic/bin:/usr/local/sbin:/usr/local/bin:/usr/sbin:/usr/bin:/sbin:/bin'), ('LANG', 'C.UTF-8'), ('ROSLISP_PACKAGE_DIRECTORIES', ''), ('LS_COLORS', 'rs=0:di=01;34:ln=01;36:mh=00:pi=40;33:so=01;35:do=01;35:bd=40;33;01:cd=40;33;01:or=40;31;01:mi=00:su=37;41:sg=30;43:ca=30;41:tw=30;42:ow=34;42:st=37;44:ex=01;32:*.tar=01;31:*.tgz=01;31:*.arc=01;31:*.arj=01;31:*.taz=01;31:*.lha=01;31:*.lz4=01;31:*.lzh=01;31:*.lzma=01;31:*.tlz=01;31:*.txz=01;31:*.tzo=01;31:*.t7z=01;31:*.zip=01;31:*.z=01;31:*.dz=01;31:*.gz=01;31:*.lrz=01;31:*.lz=01;31:*.lzo=01;31:*.xz=01;31:*.zst=01;31:*.tzst=01;31:*.bz2=01;31:*.bz=01;31:*.tbz=01;31:*.tbz2=01;31:*.tz=01;31:*.deb=01;31:*.rpm=01;31:*.jar=01;31:*.war=01;31:*.ear=01;31:*.sar=01;31:*.rar=01;31:*.alz=01;31:*.ace=01;31:*.zoo=01;31:*.cpio=01;31:*.7z=01;31:*.rz=01;31:*.cab=01;31:*.wim=01;31:*.swm=01;31:*.dwm=01;31:*.esd=01;31:*.jpg=01;35:*.jpeg=01;35:*.mjpg=01;35:*.mjpeg=01;35:*.gif=01;35:*.bmp=01;35:*.pbm=01;35:*.pgm=01;35:*.ppm=01;35:*.tga=01;35:*.xbm=01;35:*.xpm=01;35:*.tif=01;35:*.tiff=01;35:*.png=01;35:*.svg=01;35:*.svgz=01;35:*.mng=01;35:*.pcx=01;35:*.mov=01;35:*.mpg=01;35:*.mpeg=01;35:*.m2v=01;35:*.mkv=01;35:*.webm=01;35:*.ogm=01;35:*.mp4=01;35:*.m4v=01;35:*.mp4v=01;35:*.vob=01;35:*.qt=01;35:*.nuv=01;35:*.wmv=01;35:*.asf=01;35:*.rm=01;35:*.rmvb=01;35:*.flc=01;35:*.avi=01;35:*.fli=01;35:*.flv=01;35:*.gl=01;35:*.dl=01;35:*.xcf=01;35:*.xwd=01;35:*.yuv=01;35:*.cgm=01;35:*.emf=01;35:*.ogv=01;35:*.ogx=01;35:*.aac=00;36:*.au=00;36:*.flac=00;36:*.m4a=00;36:*.mid=00;36:*.midi=00;36:*.mka=00;36:*.mp3=00;36:*.mpc=00;36:*.ogg=00;36:*.ra=00;36:*.wav=00;36:*.oga=00;36:*.opus=00;36:*.spx=00;36:*.xspf=00;36:'), ('ROS_ROOT', '/opt/ros/noetic/share/ros'), ('ROS_MASTER_URI', 'http://localhost:11311'), ('PWD', '/home/Platooning-F1Tenth/build/racecar_control'), ('LC_ALL', 'C.UTF-8'), ('PYTHONPATH', '/opt/ros/noetic/lib/python3/dist-packages'), ('COLCON', '1'), ('CMAKE_PREFIX_PATH', '/opt/ros/noetic')]), 'shell': False}
[13.698915] (racecar) CommandEnded: {'returncode': 0}
[13.707190] (-) TimerEvent: {}
[13.712082] (racecar) JobProgress: {'identifier': 'racecar', 'progress': 'build'}
[13.712863] (racecar) Command: {'cmd': ['/usr/bin/cmake', '--build', '/home/Platooning-F1Tenth/build/racecar', '--', '-j10', '-l10'], 'cwd': '/home/Platooning-F1Tenth/build/racecar', 'env': OrderedDict([('HOSTNAME', '6782ed5a9168'), ('ROS_PACKAGE_PATH', '/opt/ros/noetic/share'), ('ROS_ETC_DIR', '/opt/ros/noetic/etc/ros'), ('SHLVL', '1'), ('LD_LIBRARY_PATH', '/opt/ros/noetic/lib'), ('HOME', '/root'), ('OLDPWD', '/'), ('ROS_PYTHON_VERSION', '3'), ('ROS_DISTRO', 'noetic'), ('_', '/usr/bin/colcon'), ('ROS_VERSION', '1'), ('PKG_CONFIG_PATH', '/opt/ros/noetic/lib/pkgconfig'), ('TERM', 'xterm'), ('PATH', '/opt/ros/noetic/bin:/usr/local/sbin:/usr/local/bin:/usr/sbin:/usr/bin:/sbin:/bin'), ('LANG', 'C.UTF-8'), ('ROSLISP_PACKAGE_DIRECTORIES', ''), ('LS_COLORS', 'rs=0:di=01;34:ln=01;36:mh=00:pi=40;33:so=01;35:do=01;35:bd=40;33;01:cd=40;33;01:or=40;31;01:mi=00:su=37;41:sg=30;43:ca=30;41:tw=30;42:ow=34;42:st=37;44:ex=01;32:*.tar=01;31:*.tgz=01;31:*.arc=01;31:*.arj=01;31:*.taz=01;31:*.lha=01;31:*.lz4=01;31:*.lzh=01;31:*.lzma=01;31:*.tlz=01;31:*.txz=01;31:*.tzo=01;31:*.t7z=01;31:*.zip=01;31:*.z=01;31:*.dz=01;31:*.gz=01;31:*.lrz=01;31:*.lz=01;31:*.lzo=01;31:*.xz=01;31:*.zst=01;31:*.tzst=01;31:*.bz2=01;31:*.bz=01;31:*.tbz=01;31:*.tbz2=01;31:*.tz=01;31:*.deb=01;31:*.rpm=01;31:*.jar=01;31:*.war=01;31:*.ear=01;31:*.sar=01;31:*.rar=01;31:*.alz=01;31:*.ace=01;31:*.zoo=01;31:*.cpio=01;31:*.7z=01;31:*.rz=01;31:*.cab=01;31:*.wim=01;31:*.swm=01;31:*.dwm=01;31:*.esd=01;31:*.jpg=01;35:*.jpeg=01;35:*.mjpg=01;35:*.mjpeg=01;35:*.gif=01;35:*.bmp=01;35:*.pbm=01;35:*.pgm=01;35:*.ppm=01;35:*.tga=01;35:*.xbm=01;35:*.xpm=01;35:*.tif=01;35:*.tiff=01;35:*.png=01;35:*.svg=01;35:*.svgz=01;35:*.mng=01;35:*.pcx=01;35:*.mov=01;35:*.mpg=01;35:*.mpeg=01;35:*.m2v=01;35:*.mkv=01;35:*.webm=01;35:*.ogm=01;35:*.mp4=01;35:*.m4v=01;35:*.mp4v=01;35:*.vob=01;35:*.qt=01;35:*.nuv=01;35:*.wmv=01;35:*.asf=01;35:*.rm=01;35:*.rmvb=01;35:*.flc=01;35:*.avi=01;35:*.fli=01;35:*.flv=01;35:*.gl=01;35:*.dl=01;35:*.xcf=01;35:*.xwd=01;35:*.yuv=01;35:*.cgm=01;35:*.emf=01;35:*.ogv=01;35:*.ogx=01;35:*.aac=00;36:*.au=00;36:*.flac=00;36:*.m4a=00;36:*.mid=00;36:*.midi=00;36:*.mka=00;36:*.mp3=00;36:*.mpc=00;36:*.ogg=00;36:*.ra=00;36:*.wav=00;36:*.oga=00;36:*.opus=00;36:*.spx=00;36:*.xspf=00;36:'), ('ROS_ROOT', '/opt/ros/noetic/share/ros'), ('ROS_MASTER_URI', 'http://localhost:11311'), ('PWD', '/home/Platooning-F1Tenth/build/racecar'), ('LC_ALL', 'C.UTF-8'), ('PYTHONPATH', '/opt/ros/noetic/lib/python3/dist-packages'), ('COLCON', '1'), ('CMAKE_PREFIX_PATH', '/opt/ros/noetic')]), 'shell': False}
[13.715703] (ackermann_cmd_mux) StdoutLine: {'line': b'-- Configuring done\n'}
[13.718802] (computer_vision) StderrLine: {'line': b"WARNING: 'catkin' should be listed as a buildtool dependency in the package.xml (instead of build dependency)\n"}
[13.726670] (pure_pursuit) CommandEnded: {'returncode': 0}
[13.738164] (race) StdoutLine: {'line': b'-- Found FLANN: /usr/lib/x86_64-linux-gnu/libflann_cpp.so  \n'}
[13.743797] (pure_pursuit) JobProgress: {'identifier': 'pure_pursuit', 'progress': "build target 'tests'"}
[13.745316] (pure_pursuit) Command: {'cmd': ['/usr/bin/cmake', '--build', '/home/Platooning-F1Tenth/build/pure_pursuit', '--target', 'tests', '--', '-j10', '-l10'], 'cwd': '/home/Platooning-F1Tenth/build/pure_pursuit', 'env': OrderedDict([('HOSTNAME', '6782ed5a9168'), ('ROS_PACKAGE_PATH', '/opt/ros/noetic/share'), ('ROS_ETC_DIR', '/opt/ros/noetic/etc/ros'), ('SHLVL', '1'), ('LD_LIBRARY_PATH', '/opt/ros/noetic/lib'), ('HOME', '/root'), ('OLDPWD', '/'), ('ROS_PYTHON_VERSION', '3'), ('ROS_DISTRO', 'noetic'), ('_', '/usr/bin/colcon'), ('ROS_VERSION', '1'), ('PKG_CONFIG_PATH', '/opt/ros/noetic/lib/pkgconfig'), ('TERM', 'xterm'), ('PATH', '/opt/ros/noetic/bin:/usr/local/sbin:/usr/local/bin:/usr/sbin:/usr/bin:/sbin:/bin'), ('LANG', 'C.UTF-8'), ('ROSLISP_PACKAGE_DIRECTORIES', ''), ('LS_COLORS', 'rs=0:di=01;34:ln=01;36:mh=00:pi=40;33:so=01;35:do=01;35:bd=40;33;01:cd=40;33;01:or=40;31;01:mi=00:su=37;41:sg=30;43:ca=30;41:tw=30;42:ow=34;42:st=37;44:ex=01;32:*.tar=01;31:*.tgz=01;31:*.arc=01;31:*.arj=01;31:*.taz=01;31:*.lha=01;31:*.lz4=01;31:*.lzh=01;31:*.lzma=01;31:*.tlz=01;31:*.txz=01;31:*.tzo=01;31:*.t7z=01;31:*.zip=01;31:*.z=01;31:*.dz=01;31:*.gz=01;31:*.lrz=01;31:*.lz=01;31:*.lzo=01;31:*.xz=01;31:*.zst=01;31:*.tzst=01;31:*.bz2=01;31:*.bz=01;31:*.tbz=01;31:*.tbz2=01;31:*.tz=01;31:*.deb=01;31:*.rpm=01;31:*.jar=01;31:*.war=01;31:*.ear=01;31:*.sar=01;31:*.rar=01;31:*.alz=01;31:*.ace=01;31:*.zoo=01;31:*.cpio=01;31:*.7z=01;31:*.rz=01;31:*.cab=01;31:*.wim=01;31:*.swm=01;31:*.dwm=01;31:*.esd=01;31:*.jpg=01;35:*.jpeg=01;35:*.mjpg=01;35:*.mjpeg=01;35:*.gif=01;35:*.bmp=01;35:*.pbm=01;35:*.pgm=01;35:*.ppm=01;35:*.tga=01;35:*.xbm=01;35:*.xpm=01;35:*.tif=01;35:*.tiff=01;35:*.png=01;35:*.svg=01;35:*.svgz=01;35:*.mng=01;35:*.pcx=01;35:*.mov=01;35:*.mpg=01;35:*.mpeg=01;35:*.m2v=01;35:*.mkv=01;35:*.webm=01;35:*.ogm=01;35:*.mp4=01;35:*.m4v=01;35:*.mp4v=01;35:*.vob=01;35:*.qt=01;35:*.nuv=01;35:*.wmv=01;35:*.asf=01;35:*.rm=01;35:*.rmvb=01;35:*.flc=01;35:*.avi=01;35:*.fli=01;35:*.flv=01;35:*.gl=01;35:*.dl=01;35:*.xcf=01;35:*.xwd=01;35:*.yuv=01;35:*.cgm=01;35:*.emf=01;35:*.ogv=01;35:*.ogx=01;35:*.aac=00;36:*.au=00;36:*.flac=00;36:*.m4a=00;36:*.mid=00;36:*.midi=00;36:*.mka=00;36:*.mp3=00;36:*.mpc=00;36:*.ogg=00;36:*.ra=00;36:*.wav=00;36:*.oga=00;36:*.opus=00;36:*.spx=00;36:*.xspf=00;36:'), ('ROS_ROOT', '/opt/ros/noetic/share/ros'), ('ROS_MASTER_URI', 'http://localhost:11311'), ('PWD', '/home/Platooning-F1Tenth/build/pure_pursuit'), ('LC_ALL', 'C.UTF-8'), ('PYTHONPATH', '/opt/ros/noetic/lib/python3/dist-packages'), ('COLCON', '1'), ('CMAKE_PREFIX_PATH', '/opt/ros/noetic')]), 'shell': False}
[13.750941] (particle_filter) CommandEnded: {'returncode': 0}
[13.758864] (particle_filter) JobProgress: {'identifier': 'particle_filter', 'progress': "build target 'tests'"}
[13.762595] (particle_filter) Command: {'cmd': ['/usr/bin/cmake', '--build', '/home/Platooning-F1Tenth/build/particle_filter', '--target', 'tests', '--', '-j10', '-l10'], 'cwd': '/home/Platooning-F1Tenth/build/particle_filter', 'env': OrderedDict([('HOSTNAME', '6782ed5a9168'), ('ROS_PACKAGE_PATH', '/opt/ros/noetic/share'), ('ROS_ETC_DIR', '/opt/ros/noetic/etc/ros'), ('SHLVL', '1'), ('LD_LIBRARY_PATH', '/opt/ros/noetic/lib'), ('HOME', '/root'), ('OLDPWD', '/'), ('ROS_PYTHON_VERSION', '3'), ('ROS_DISTRO', 'noetic'), ('_', '/usr/bin/colcon'), ('ROS_VERSION', '1'), ('PKG_CONFIG_PATH', '/opt/ros/noetic/lib/pkgconfig'), ('TERM', 'xterm'), ('PATH', '/opt/ros/noetic/bin:/usr/local/sbin:/usr/local/bin:/usr/sbin:/usr/bin:/sbin:/bin'), ('LANG', 'C.UTF-8'), ('ROSLISP_PACKAGE_DIRECTORIES', ''), ('LS_COLORS', 'rs=0:di=01;34:ln=01;36:mh=00:pi=40;33:so=01;35:do=01;35:bd=40;33;01:cd=40;33;01:or=40;31;01:mi=00:su=37;41:sg=30;43:ca=30;41:tw=30;42:ow=34;42:st=37;44:ex=01;32:*.tar=01;31:*.tgz=01;31:*.arc=01;31:*.arj=01;31:*.taz=01;31:*.lha=01;31:*.lz4=01;31:*.lzh=01;31:*.lzma=01;31:*.tlz=01;31:*.txz=01;31:*.tzo=01;31:*.t7z=01;31:*.zip=01;31:*.z=01;31:*.dz=01;31:*.gz=01;31:*.lrz=01;31:*.lz=01;31:*.lzo=01;31:*.xz=01;31:*.zst=01;31:*.tzst=01;31:*.bz2=01;31:*.bz=01;31:*.tbz=01;31:*.tbz2=01;31:*.tz=01;31:*.deb=01;31:*.rpm=01;31:*.jar=01;31:*.war=01;31:*.ear=01;31:*.sar=01;31:*.rar=01;31:*.alz=01;31:*.ace=01;31:*.zoo=01;31:*.cpio=01;31:*.7z=01;31:*.rz=01;31:*.cab=01;31:*.wim=01;31:*.swm=01;31:*.dwm=01;31:*.esd=01;31:*.jpg=01;35:*.jpeg=01;35:*.mjpg=01;35:*.mjpeg=01;35:*.gif=01;35:*.bmp=01;35:*.pbm=01;35:*.pgm=01;35:*.ppm=01;35:*.tga=01;35:*.xbm=01;35:*.xpm=01;35:*.tif=01;35:*.tiff=01;35:*.png=01;35:*.svg=01;35:*.svgz=01;35:*.mng=01;35:*.pcx=01;35:*.mov=01;35:*.mpg=01;35:*.mpeg=01;35:*.m2v=01;35:*.mkv=01;35:*.webm=01;35:*.ogm=01;35:*.mp4=01;35:*.m4v=01;35:*.mp4v=01;35:*.vob=01;35:*.qt=01;35:*.nuv=01;35:*.wmv=01;35:*.asf=01;35:*.rm=01;35:*.rmvb=01;35:*.flc=01;35:*.avi=01;35:*.fli=01;35:*.flv=01;35:*.gl=01;35:*.dl=01;35:*.xcf=01;35:*.xwd=01;35:*.yuv=01;35:*.cgm=01;35:*.emf=01;35:*.ogv=01;35:*.ogx=01;35:*.aac=00;36:*.au=00;36:*.flac=00;36:*.m4a=00;36:*.mid=00;36:*.midi=00;36:*.mka=00;36:*.mp3=00;36:*.mpc=00;36:*.ogg=00;36:*.ra=00;36:*.wav=00;36:*.oga=00;36:*.opus=00;36:*.spx=00;36:*.xspf=00;36:'), ('ROS_ROOT', '/opt/ros/noetic/share/ros'), ('ROS_MASTER_URI', 'http://localhost:11311'), ('PWD', '/home/Platooning-F1Tenth/build/particle_filter'), ('LC_ALL', 'C.UTF-8'), ('PYTHONPATH', '/opt/ros/noetic/lib/python3/dist-packages'), ('COLCON', '1'), ('CMAKE_PREFIX_PATH', '/opt/ros/noetic')]), 'shell': False}
[13.767801] (racecar_control) CommandEnded: {'returncode': 0}
[13.769346] (race) StdoutLine: {'line': b'-- The imported target "vtkParseOGLExt" references the file\n'}
[13.770915] (race) StdoutLine: {'line': b'   "/usr/bin/vtkParseOGLExt-7.1"\n'}
[13.774379] (race) StdoutLine: {'line': b'but this file does not exist.  Possible reasons include:\n'}
[13.775758] (race) StdoutLine: {'line': b'* The file was deleted, renamed, or moved to another location.\n'}
[13.777103] (race) StdoutLine: {'line': b'* An install or uninstall procedure did not complete successfully.\n'}
[13.780734] (race) StdoutLine: {'line': b'* The installation package was faulty and contained\n'}
[13.784676] (race) StdoutLine: {'line': b'   "/usr/lib/cmake/vtk-7.1/VTKTargets.cmake"\n'}
[13.788660] (race) StdoutLine: {'line': b'but not all the files it references.\n'}
[13.791706] (race) StdoutLine: {'line': b'\n'}
[13.795447] (race) StdoutLine: {'line': b'-- The imported target "vtkRenderingPythonTkWidgets" references the file\n'}
[13.798451] (race) StdoutLine: {'line': b'   "/usr/lib/x86_64-linux-gnu/libvtkRenderingPythonTkWidgets.so"\n'}
[13.802010] (race) StdoutLine: {'line': b'but this file does not exist.  Possible reasons include:\n'}
[13.805089] (race) StdoutLine: {'line': b'* The file was deleted, renamed, or moved to another location.\n'}
[13.808903] (-) TimerEvent: {}
[13.813241] (race) StdoutLine: {'line': b'* An install or uninstall procedure did not complete successfully.\n'}
[13.816729] (race) StdoutLine: {'line': b'* The installation package was faulty and contained\n'}
[13.823219] (race) StdoutLine: {'line': b'   "/usr/lib/cmake/vtk-7.1/VTKTargets.cmake"\n'}
[13.828648] (race) StdoutLine: {'line': b'but not all the files it references.\n'}
[13.833288] (race) StdoutLine: {'line': b'\n'}
[13.836872] (race) StdoutLine: {'line': b'-- The imported target "vtk" references the file\n'}
[13.839556] (race) StdoutLine: {'line': b'   "/usr/bin/vtk"\n'}
[13.841682] (race) StdoutLine: {'line': b'but this file does not exist.  Possible reasons include:\n'}
[13.846463] (race) StdoutLine: {'line': b'* The file was deleted, renamed, or moved to another location.\n'}
[13.849720] (race) StdoutLine: {'line': b'* An install or uninstall procedure did not complete successfully.\n'}
[13.856268] (race) StdoutLine: {'line': b'* The installation package was faulty and contained\n'}
[13.862169] (race) StdoutLine: {'line': b'   "/usr/lib/cmake/vtk-7.1/VTKTargets.cmake"\n'}
[13.866801] (race) StdoutLine: {'line': b'but not all the files it references.\n'}
[13.869110] (race) StdoutLine: {'line': b'\n'}
[13.874627] (race) StdoutLine: {'line': b'-- The imported target "pvtk" references the file\n'}
[13.876215] (race) StdoutLine: {'line': b'   "/usr/bin/pvtk"\n'}
[13.877356] (race) StdoutLine: {'line': b'but this file does not exist.  Possible reasons include:\n'}
[13.881584] (race) StdoutLine: {'line': b'* The file was deleted, renamed, or moved to another location.\n'}
[13.884229] (race) StdoutLine: {'line': b'* An install or uninstall procedure did not complete successfully.\n'}
[13.886941] (race) StdoutLine: {'line': b'* The installation package was faulty and contained\n'}
[13.897444] (race) StdoutLine: {'line': b'   "/usr/lib/cmake/vtk-7.1/VTKTargets.cmake"\n'}
[13.901267] (race) StdoutLine: {'line': b'but not all the files it references.\n'}
[13.908586] (race) StdoutLine: {'line': b'\n'}
[13.912033] (-) TimerEvent: {}
[13.917230] (racecar_control) JobProgress: {'identifier': 'racecar_control', 'progress': "build target 'tests'"}
[13.917381] (racecar_control) Command: {'cmd': ['/usr/bin/cmake', '--build', '/home/Platooning-F1Tenth/build/racecar_control', '--target', 'tests', '--', '-j10', '-l10'], 'cwd': '/home/Platooning-F1Tenth/build/racecar_control', 'env': OrderedDict([('HOSTNAME', '6782ed5a9168'), ('ROS_PACKAGE_PATH', '/opt/ros/noetic/share'), ('ROS_ETC_DIR', '/opt/ros/noetic/etc/ros'), ('SHLVL', '1'), ('LD_LIBRARY_PATH', '/opt/ros/noetic/lib'), ('HOME', '/root'), ('OLDPWD', '/'), ('ROS_PYTHON_VERSION', '3'), ('ROS_DISTRO', 'noetic'), ('_', '/usr/bin/colcon'), ('ROS_VERSION', '1'), ('PKG_CONFIG_PATH', '/opt/ros/noetic/lib/pkgconfig'), ('TERM', 'xterm'), ('PATH', '/opt/ros/noetic/bin:/usr/local/sbin:/usr/local/bin:/usr/sbin:/usr/bin:/sbin:/bin'), ('LANG', 'C.UTF-8'), ('ROSLISP_PACKAGE_DIRECTORIES', ''), ('LS_COLORS', 'rs=0:di=01;34:ln=01;36:mh=00:pi=40;33:so=01;35:do=01;35:bd=40;33;01:cd=40;33;01:or=40;31;01:mi=00:su=37;41:sg=30;43:ca=30;41:tw=30;42:ow=34;42:st=37;44:ex=01;32:*.tar=01;31:*.tgz=01;31:*.arc=01;31:*.arj=01;31:*.taz=01;31:*.lha=01;31:*.lz4=01;31:*.lzh=01;31:*.lzma=01;31:*.tlz=01;31:*.txz=01;31:*.tzo=01;31:*.t7z=01;31:*.zip=01;31:*.z=01;31:*.dz=01;31:*.gz=01;31:*.lrz=01;31:*.lz=01;31:*.lzo=01;31:*.xz=01;31:*.zst=01;31:*.tzst=01;31:*.bz2=01;31:*.bz=01;31:*.tbz=01;31:*.tbz2=01;31:*.tz=01;31:*.deb=01;31:*.rpm=01;31:*.jar=01;31:*.war=01;31:*.ear=01;31:*.sar=01;31:*.rar=01;31:*.alz=01;31:*.ace=01;31:*.zoo=01;31:*.cpio=01;31:*.7z=01;31:*.rz=01;31:*.cab=01;31:*.wim=01;31:*.swm=01;31:*.dwm=01;31:*.esd=01;31:*.jpg=01;35:*.jpeg=01;35:*.mjpg=01;35:*.mjpeg=01;35:*.gif=01;35:*.bmp=01;35:*.pbm=01;35:*.pgm=01;35:*.ppm=01;35:*.tga=01;35:*.xbm=01;35:*.xpm=01;35:*.tif=01;35:*.tiff=01;35:*.png=01;35:*.svg=01;35:*.svgz=01;35:*.mng=01;35:*.pcx=01;35:*.mov=01;35:*.mpg=01;35:*.mpeg=01;35:*.m2v=01;35:*.mkv=01;35:*.webm=01;35:*.ogm=01;35:*.mp4=01;35:*.m4v=01;35:*.mp4v=01;35:*.vob=01;35:*.qt=01;35:*.nuv=01;35:*.wmv=01;35:*.asf=01;35:*.rm=01;35:*.rmvb=01;35:*.flc=01;35:*.avi=01;35:*.fli=01;35:*.flv=01;35:*.gl=01;35:*.dl=01;35:*.xcf=01;35:*.xwd=01;35:*.yuv=01;35:*.cgm=01;35:*.emf=01;35:*.ogv=01;35:*.ogx=01;35:*.aac=00;36:*.au=00;36:*.flac=00;36:*.m4a=00;36:*.mid=00;36:*.midi=00;36:*.mka=00;36:*.mp3=00;36:*.mpc=00;36:*.ogg=00;36:*.ra=00;36:*.wav=00;36:*.oga=00;36:*.opus=00;36:*.spx=00;36:*.xspf=00;36:'), ('ROS_ROOT', '/opt/ros/noetic/share/ros'), ('ROS_MASTER_URI', 'http://localhost:11311'), ('PWD', '/home/Platooning-F1Tenth/build/racecar_control'), ('LC_ALL', 'C.UTF-8'), ('PYTHONPATH', '/opt/ros/noetic/lib/python3/dist-packages'), ('COLCON', '1'), ('CMAKE_PREFIX_PATH', '/opt/ros/noetic')]), 'shell': False}
[13.920932] (racecar) CommandEnded: {'returncode': 0}
[13.928631] (racecar) JobProgress: {'identifier': 'racecar', 'progress': "build target 'tests'"}
[13.929321] (racecar) Command: {'cmd': ['/usr/bin/cmake', '--build', '/home/Platooning-F1Tenth/build/racecar', '--target', 'tests', '--', '-j10', '-l10'], 'cwd': '/home/Platooning-F1Tenth/build/racecar', 'env': OrderedDict([('HOSTNAME', '6782ed5a9168'), ('ROS_PACKAGE_PATH', '/opt/ros/noetic/share'), ('ROS_ETC_DIR', '/opt/ros/noetic/etc/ros'), ('SHLVL', '1'), ('LD_LIBRARY_PATH', '/opt/ros/noetic/lib'), ('HOME', '/root'), ('OLDPWD', '/'), ('ROS_PYTHON_VERSION', '3'), ('ROS_DISTRO', 'noetic'), ('_', '/usr/bin/colcon'), ('ROS_VERSION', '1'), ('PKG_CONFIG_PATH', '/opt/ros/noetic/lib/pkgconfig'), ('TERM', 'xterm'), ('PATH', '/opt/ros/noetic/bin:/usr/local/sbin:/usr/local/bin:/usr/sbin:/usr/bin:/sbin:/bin'), ('LANG', 'C.UTF-8'), ('ROSLISP_PACKAGE_DIRECTORIES', ''), ('LS_COLORS', 'rs=0:di=01;34:ln=01;36:mh=00:pi=40;33:so=01;35:do=01;35:bd=40;33;01:cd=40;33;01:or=40;31;01:mi=00:su=37;41:sg=30;43:ca=30;41:tw=30;42:ow=34;42:st=37;44:ex=01;32:*.tar=01;31:*.tgz=01;31:*.arc=01;31:*.arj=01;31:*.taz=01;31:*.lha=01;31:*.lz4=01;31:*.lzh=01;31:*.lzma=01;31:*.tlz=01;31:*.txz=01;31:*.tzo=01;31:*.t7z=01;31:*.zip=01;31:*.z=01;31:*.dz=01;31:*.gz=01;31:*.lrz=01;31:*.lz=01;31:*.lzo=01;31:*.xz=01;31:*.zst=01;31:*.tzst=01;31:*.bz2=01;31:*.bz=01;31:*.tbz=01;31:*.tbz2=01;31:*.tz=01;31:*.deb=01;31:*.rpm=01;31:*.jar=01;31:*.war=01;31:*.ear=01;31:*.sar=01;31:*.rar=01;31:*.alz=01;31:*.ace=01;31:*.zoo=01;31:*.cpio=01;31:*.7z=01;31:*.rz=01;31:*.cab=01;31:*.wim=01;31:*.swm=01;31:*.dwm=01;31:*.esd=01;31:*.jpg=01;35:*.jpeg=01;35:*.mjpg=01;35:*.mjpeg=01;35:*.gif=01;35:*.bmp=01;35:*.pbm=01;35:*.pgm=01;35:*.ppm=01;35:*.tga=01;35:*.xbm=01;35:*.xpm=01;35:*.tif=01;35:*.tiff=01;35:*.png=01;35:*.svg=01;35:*.svgz=01;35:*.mng=01;35:*.pcx=01;35:*.mov=01;35:*.mpg=01;35:*.mpeg=01;35:*.m2v=01;35:*.mkv=01;35:*.webm=01;35:*.ogm=01;35:*.mp4=01;35:*.m4v=01;35:*.mp4v=01;35:*.vob=01;35:*.qt=01;35:*.nuv=01;35:*.wmv=01;35:*.asf=01;35:*.rm=01;35:*.rmvb=01;35:*.flc=01;35:*.avi=01;35:*.fli=01;35:*.flv=01;35:*.gl=01;35:*.dl=01;35:*.xcf=01;35:*.xwd=01;35:*.yuv=01;35:*.cgm=01;35:*.emf=01;35:*.ogv=01;35:*.ogx=01;35:*.aac=00;36:*.au=00;36:*.flac=00;36:*.m4a=00;36:*.mid=00;36:*.midi=00;36:*.mka=00;36:*.mp3=00;36:*.mpc=00;36:*.ogg=00;36:*.ra=00;36:*.wav=00;36:*.oga=00;36:*.opus=00;36:*.spx=00;36:*.xspf=00;36:'), ('ROS_ROOT', '/opt/ros/noetic/share/ros'), ('ROS_MASTER_URI', 'http://localhost:11311'), ('PWD', '/home/Platooning-F1Tenth/build/racecar'), ('LC_ALL', 'C.UTF-8'), ('PYTHONPATH', '/opt/ros/noetic/lib/python3/dist-packages'), ('COLCON', '1'), ('CMAKE_PREFIX_PATH', '/opt/ros/noetic')]), 'shell': False}
[13.935054] (race) StdoutLine: {'line': b"-- Checking for module 'libusb-1.0'\n"}
[13.938876] (race) StdoutLine: {'line': b'--   Found libusb-1.0, version 1.0.23\n'}
[13.942913] (f110_rrt_star) StdoutLine: {'line': b'-- Generating done\n'}
[14.015083] (-) TimerEvent: {}
[14.044930] (computer_vision) StdoutLine: {'line': b'-- Configuring done\n'}
[14.049194] (pure_pursuit) StdoutLine: {'line': b'\x1b[35m\x1b[1mScanning dependencies of target tests\x1b[0m\n'}
[14.106904] (race) StdoutLine: {'line': b'-- Found USB_10: /usr/lib/x86_64-linux-gnu/libusb-1.0.so  \n'}
[14.116232] (-) TimerEvent: {}
[14.119747] (pure_pursuit) StdoutLine: {'line': b'Built target tests\n'}
[14.152742] (particle_filter) StdoutLine: {'line': b'\x1b[35m\x1b[1mScanning dependencies of target tests\x1b[0m\n'}
[14.155144] (particle_filter) StdoutLine: {'line': b'Built target tests\n'}
[14.156429] (pure_pursuit) CommandEnded: {'returncode': 0}
[14.164707] (pure_pursuit) JobProgress: {'identifier': 'pure_pursuit', 'progress': 'install'}
[14.217161] (-) TimerEvent: {}
[14.227401] (ackermann_cmd_mux) StdoutLine: {'line': b'-- Generating done\n'}
[14.231913] (pure_pursuit) Command: {'cmd': ['/usr/bin/cmake', '--install', '/home/Platooning-F1Tenth/build/pure_pursuit'], 'cwd': '/home/Platooning-F1Tenth/build/pure_pursuit', 'env': OrderedDict([('HOSTNAME', '6782ed5a9168'), ('ROS_PACKAGE_PATH', '/opt/ros/noetic/share'), ('ROS_ETC_DIR', '/opt/ros/noetic/etc/ros'), ('SHLVL', '1'), ('LD_LIBRARY_PATH', '/opt/ros/noetic/lib'), ('HOME', '/root'), ('OLDPWD', '/'), ('ROS_PYTHON_VERSION', '3'), ('ROS_DISTRO', 'noetic'), ('_', '/usr/bin/colcon'), ('ROS_VERSION', '1'), ('PKG_CONFIG_PATH', '/opt/ros/noetic/lib/pkgconfig'), ('TERM', 'xterm'), ('PATH', '/opt/ros/noetic/bin:/usr/local/sbin:/usr/local/bin:/usr/sbin:/usr/bin:/sbin:/bin'), ('LANG', 'C.UTF-8'), ('ROSLISP_PACKAGE_DIRECTORIES', ''), ('LS_COLORS', 'rs=0:di=01;34:ln=01;36:mh=00:pi=40;33:so=01;35:do=01;35:bd=40;33;01:cd=40;33;01:or=40;31;01:mi=00:su=37;41:sg=30;43:ca=30;41:tw=30;42:ow=34;42:st=37;44:ex=01;32:*.tar=01;31:*.tgz=01;31:*.arc=01;31:*.arj=01;31:*.taz=01;31:*.lha=01;31:*.lz4=01;31:*.lzh=01;31:*.lzma=01;31:*.tlz=01;31:*.txz=01;31:*.tzo=01;31:*.t7z=01;31:*.zip=01;31:*.z=01;31:*.dz=01;31:*.gz=01;31:*.lrz=01;31:*.lz=01;31:*.lzo=01;31:*.xz=01;31:*.zst=01;31:*.tzst=01;31:*.bz2=01;31:*.bz=01;31:*.tbz=01;31:*.tbz2=01;31:*.tz=01;31:*.deb=01;31:*.rpm=01;31:*.jar=01;31:*.war=01;31:*.ear=01;31:*.sar=01;31:*.rar=01;31:*.alz=01;31:*.ace=01;31:*.zoo=01;31:*.cpio=01;31:*.7z=01;31:*.rz=01;31:*.cab=01;31:*.wim=01;31:*.swm=01;31:*.dwm=01;31:*.esd=01;31:*.jpg=01;35:*.jpeg=01;35:*.mjpg=01;35:*.mjpeg=01;35:*.gif=01;35:*.bmp=01;35:*.pbm=01;35:*.pgm=01;35:*.ppm=01;35:*.tga=01;35:*.xbm=01;35:*.xpm=01;35:*.tif=01;35:*.tiff=01;35:*.png=01;35:*.svg=01;35:*.svgz=01;35:*.mng=01;35:*.pcx=01;35:*.mov=01;35:*.mpg=01;35:*.mpeg=01;35:*.m2v=01;35:*.mkv=01;35:*.webm=01;35:*.ogm=01;35:*.mp4=01;35:*.m4v=01;35:*.mp4v=01;35:*.vob=01;35:*.qt=01;35:*.nuv=01;35:*.wmv=01;35:*.asf=01;35:*.rm=01;35:*.rmvb=01;35:*.flc=01;35:*.avi=01;35:*.fli=01;35:*.flv=01;35:*.gl=01;35:*.dl=01;35:*.xcf=01;35:*.xwd=01;35:*.yuv=01;35:*.cgm=01;35:*.emf=01;35:*.ogv=01;35:*.ogx=01;35:*.aac=00;36:*.au=00;36:*.flac=00;36:*.m4a=00;36:*.mid=00;36:*.midi=00;36:*.mka=00;36:*.mp3=00;36:*.mpc=00;36:*.ogg=00;36:*.ra=00;36:*.wav=00;36:*.oga=00;36:*.opus=00;36:*.spx=00;36:*.xspf=00;36:'), ('ROS_ROOT', '/opt/ros/noetic/share/ros'), ('ROS_MASTER_URI', 'http://localhost:11311'), ('PWD', '/home/Platooning-F1Tenth/build/pure_pursuit'), ('LC_ALL', 'C.UTF-8'), ('PYTHONPATH', '/opt/ros/noetic/lib/python3/dist-packages'), ('COLCON', '1'), ('CMAKE_PREFIX_PATH', '/opt/ros/noetic')]), 'shell': False}
[14.242156] (racecar_control) StdoutLine: {'line': b'\x1b[35m\x1b[1mScanning dependencies of target tests\x1b[0m\n'}
[14.244352] (particle_filter) CommandEnded: {'returncode': 0}
[14.248260] (particle_filter) JobProgress: {'identifier': 'particle_filter', 'progress': 'install'}
[14.253092] (particle_filter) Command: {'cmd': ['/usr/bin/cmake', '--install', '/home/Platooning-F1Tenth/build/particle_filter'], 'cwd': '/home/Platooning-F1Tenth/build/particle_filter', 'env': OrderedDict([('HOSTNAME', '6782ed5a9168'), ('ROS_PACKAGE_PATH', '/opt/ros/noetic/share'), ('ROS_ETC_DIR', '/opt/ros/noetic/etc/ros'), ('SHLVL', '1'), ('LD_LIBRARY_PATH', '/opt/ros/noetic/lib'), ('HOME', '/root'), ('OLDPWD', '/'), ('ROS_PYTHON_VERSION', '3'), ('ROS_DISTRO', 'noetic'), ('_', '/usr/bin/colcon'), ('ROS_VERSION', '1'), ('PKG_CONFIG_PATH', '/opt/ros/noetic/lib/pkgconfig'), ('TERM', 'xterm'), ('PATH', '/opt/ros/noetic/bin:/usr/local/sbin:/usr/local/bin:/usr/sbin:/usr/bin:/sbin:/bin'), ('LANG', 'C.UTF-8'), ('ROSLISP_PACKAGE_DIRECTORIES', ''), ('LS_COLORS', 'rs=0:di=01;34:ln=01;36:mh=00:pi=40;33:so=01;35:do=01;35:bd=40;33;01:cd=40;33;01:or=40;31;01:mi=00:su=37;41:sg=30;43:ca=30;41:tw=30;42:ow=34;42:st=37;44:ex=01;32:*.tar=01;31:*.tgz=01;31:*.arc=01;31:*.arj=01;31:*.taz=01;31:*.lha=01;31:*.lz4=01;31:*.lzh=01;31:*.lzma=01;31:*.tlz=01;31:*.txz=01;31:*.tzo=01;31:*.t7z=01;31:*.zip=01;31:*.z=01;31:*.dz=01;31:*.gz=01;31:*.lrz=01;31:*.lz=01;31:*.lzo=01;31:*.xz=01;31:*.zst=01;31:*.tzst=01;31:*.bz2=01;31:*.bz=01;31:*.tbz=01;31:*.tbz2=01;31:*.tz=01;31:*.deb=01;31:*.rpm=01;31:*.jar=01;31:*.war=01;31:*.ear=01;31:*.sar=01;31:*.rar=01;31:*.alz=01;31:*.ace=01;31:*.zoo=01;31:*.cpio=01;31:*.7z=01;31:*.rz=01;31:*.cab=01;31:*.wim=01;31:*.swm=01;31:*.dwm=01;31:*.esd=01;31:*.jpg=01;35:*.jpeg=01;35:*.mjpg=01;35:*.mjpeg=01;35:*.gif=01;35:*.bmp=01;35:*.pbm=01;35:*.pgm=01;35:*.ppm=01;35:*.tga=01;35:*.xbm=01;35:*.xpm=01;35:*.tif=01;35:*.tiff=01;35:*.png=01;35:*.svg=01;35:*.svgz=01;35:*.mng=01;35:*.pcx=01;35:*.mov=01;35:*.mpg=01;35:*.mpeg=01;35:*.m2v=01;35:*.mkv=01;35:*.webm=01;35:*.ogm=01;35:*.mp4=01;35:*.m4v=01;35:*.mp4v=01;35:*.vob=01;35:*.qt=01;35:*.nuv=01;35:*.wmv=01;35:*.asf=01;35:*.rm=01;35:*.rmvb=01;35:*.flc=01;35:*.avi=01;35:*.fli=01;35:*.flv=01;35:*.gl=01;35:*.dl=01;35:*.xcf=01;35:*.xwd=01;35:*.yuv=01;35:*.cgm=01;35:*.emf=01;35:*.ogv=01;35:*.ogx=01;35:*.aac=00;36:*.au=00;36:*.flac=00;36:*.m4a=00;36:*.mid=00;36:*.midi=00;36:*.mka=00;36:*.mp3=00;36:*.mpc=00;36:*.ogg=00;36:*.ra=00;36:*.wav=00;36:*.oga=00;36:*.opus=00;36:*.spx=00;36:*.xspf=00;36:'), ('ROS_ROOT', '/opt/ros/noetic/share/ros'), ('ROS_MASTER_URI', 'http://localhost:11311'), ('PWD', '/home/Platooning-F1Tenth/build/particle_filter'), ('LC_ALL', 'C.UTF-8'), ('PYTHONPATH', '/opt/ros/noetic/lib/python3/dist-packages'), ('COLCON', '1'), ('CMAKE_PREFIX_PATH', '/opt/ros/noetic')]), 'shell': False}
[14.257676] (racecar_control) StdoutLine: {'line': b'Built target tests\n'}
[14.297624] (racecar) StdoutLine: {'line': b'\x1b[35m\x1b[1mScanning dependencies of target tests\x1b[0m\n'}
[14.300367] (racecar) StdoutLine: {'line': b'Built target tests\n'}
[14.303178] (racecar_control) CommandEnded: {'returncode': 0}
[14.310916] (racecar_control) JobProgress: {'identifier': 'racecar_control', 'progress': 'install'}
[14.312141] (multi_object_tracking_lidar) StdoutLine: {'line': b'-- Generating done\n'}
[14.315879] (racecar_control) Command: {'cmd': ['/usr/bin/cmake', '--install', '/home/Platooning-F1Tenth/build/racecar_control'], 'cwd': '/home/Platooning-F1Tenth/build/racecar_control', 'env': OrderedDict([('HOSTNAME', '6782ed5a9168'), ('ROS_PACKAGE_PATH', '/opt/ros/noetic/share'), ('ROS_ETC_DIR', '/opt/ros/noetic/etc/ros'), ('SHLVL', '1'), ('LD_LIBRARY_PATH', '/opt/ros/noetic/lib'), ('HOME', '/root'), ('OLDPWD', '/'), ('ROS_PYTHON_VERSION', '3'), ('ROS_DISTRO', 'noetic'), ('_', '/usr/bin/colcon'), ('ROS_VERSION', '1'), ('PKG_CONFIG_PATH', '/opt/ros/noetic/lib/pkgconfig'), ('TERM', 'xterm'), ('PATH', '/opt/ros/noetic/bin:/usr/local/sbin:/usr/local/bin:/usr/sbin:/usr/bin:/sbin:/bin'), ('LANG', 'C.UTF-8'), ('ROSLISP_PACKAGE_DIRECTORIES', ''), ('LS_COLORS', 'rs=0:di=01;34:ln=01;36:mh=00:pi=40;33:so=01;35:do=01;35:bd=40;33;01:cd=40;33;01:or=40;31;01:mi=00:su=37;41:sg=30;43:ca=30;41:tw=30;42:ow=34;42:st=37;44:ex=01;32:*.tar=01;31:*.tgz=01;31:*.arc=01;31:*.arj=01;31:*.taz=01;31:*.lha=01;31:*.lz4=01;31:*.lzh=01;31:*.lzma=01;31:*.tlz=01;31:*.txz=01;31:*.tzo=01;31:*.t7z=01;31:*.zip=01;31:*.z=01;31:*.dz=01;31:*.gz=01;31:*.lrz=01;31:*.lz=01;31:*.lzo=01;31:*.xz=01;31:*.zst=01;31:*.tzst=01;31:*.bz2=01;31:*.bz=01;31:*.tbz=01;31:*.tbz2=01;31:*.tz=01;31:*.deb=01;31:*.rpm=01;31:*.jar=01;31:*.war=01;31:*.ear=01;31:*.sar=01;31:*.rar=01;31:*.alz=01;31:*.ace=01;31:*.zoo=01;31:*.cpio=01;31:*.7z=01;31:*.rz=01;31:*.cab=01;31:*.wim=01;31:*.swm=01;31:*.dwm=01;31:*.esd=01;31:*.jpg=01;35:*.jpeg=01;35:*.mjpg=01;35:*.mjpeg=01;35:*.gif=01;35:*.bmp=01;35:*.pbm=01;35:*.pgm=01;35:*.ppm=01;35:*.tga=01;35:*.xbm=01;35:*.xpm=01;35:*.tif=01;35:*.tiff=01;35:*.png=01;35:*.svg=01;35:*.svgz=01;35:*.mng=01;35:*.pcx=01;35:*.mov=01;35:*.mpg=01;35:*.mpeg=01;35:*.m2v=01;35:*.mkv=01;35:*.webm=01;35:*.ogm=01;35:*.mp4=01;35:*.m4v=01;35:*.mp4v=01;35:*.vob=01;35:*.qt=01;35:*.nuv=01;35:*.wmv=01;35:*.asf=01;35:*.rm=01;35:*.rmvb=01;35:*.flc=01;35:*.avi=01;35:*.fli=01;35:*.flv=01;35:*.gl=01;35:*.dl=01;35:*.xcf=01;35:*.xwd=01;35:*.yuv=01;35:*.cgm=01;35:*.emf=01;35:*.ogv=01;35:*.ogx=01;35:*.aac=00;36:*.au=00;36:*.flac=00;36:*.m4a=00;36:*.mid=00;36:*.midi=00;36:*.mka=00;36:*.mp3=00;36:*.mpc=00;36:*.ogg=00;36:*.ra=00;36:*.wav=00;36:*.oga=00;36:*.opus=00;36:*.spx=00;36:*.xspf=00;36:'), ('ROS_ROOT', '/opt/ros/noetic/share/ros'), ('ROS_MASTER_URI', 'http://localhost:11311'), ('PWD', '/home/Platooning-F1Tenth/build/racecar_control'), ('LC_ALL', 'C.UTF-8'), ('PYTHONPATH', '/opt/ros/noetic/lib/python3/dist-packages'), ('COLCON', '1'), ('CMAKE_PREFIX_PATH', '/opt/ros/noetic')]), 'shell': False}
[14.320604] (-) TimerEvent: {}
[14.323228] (racecar) CommandEnded: {'returncode': 0}
[14.327242] (racecar) JobProgress: {'identifier': 'racecar', 'progress': 'install'}
[14.331847] (racecar) Command: {'cmd': ['/usr/bin/cmake', '--install', '/home/Platooning-F1Tenth/build/racecar'], 'cwd': '/home/Platooning-F1Tenth/build/racecar', 'env': OrderedDict([('HOSTNAME', '6782ed5a9168'), ('ROS_PACKAGE_PATH', '/opt/ros/noetic/share'), ('ROS_ETC_DIR', '/opt/ros/noetic/etc/ros'), ('SHLVL', '1'), ('LD_LIBRARY_PATH', '/opt/ros/noetic/lib'), ('HOME', '/root'), ('OLDPWD', '/'), ('ROS_PYTHON_VERSION', '3'), ('ROS_DISTRO', 'noetic'), ('_', '/usr/bin/colcon'), ('ROS_VERSION', '1'), ('PKG_CONFIG_PATH', '/opt/ros/noetic/lib/pkgconfig'), ('TERM', 'xterm'), ('PATH', '/opt/ros/noetic/bin:/usr/local/sbin:/usr/local/bin:/usr/sbin:/usr/bin:/sbin:/bin'), ('LANG', 'C.UTF-8'), ('ROSLISP_PACKAGE_DIRECTORIES', ''), ('LS_COLORS', 'rs=0:di=01;34:ln=01;36:mh=00:pi=40;33:so=01;35:do=01;35:bd=40;33;01:cd=40;33;01:or=40;31;01:mi=00:su=37;41:sg=30;43:ca=30;41:tw=30;42:ow=34;42:st=37;44:ex=01;32:*.tar=01;31:*.tgz=01;31:*.arc=01;31:*.arj=01;31:*.taz=01;31:*.lha=01;31:*.lz4=01;31:*.lzh=01;31:*.lzma=01;31:*.tlz=01;31:*.txz=01;31:*.tzo=01;31:*.t7z=01;31:*.zip=01;31:*.z=01;31:*.dz=01;31:*.gz=01;31:*.lrz=01;31:*.lz=01;31:*.lzo=01;31:*.xz=01;31:*.zst=01;31:*.tzst=01;31:*.bz2=01;31:*.bz=01;31:*.tbz=01;31:*.tbz2=01;31:*.tz=01;31:*.deb=01;31:*.rpm=01;31:*.jar=01;31:*.war=01;31:*.ear=01;31:*.sar=01;31:*.rar=01;31:*.alz=01;31:*.ace=01;31:*.zoo=01;31:*.cpio=01;31:*.7z=01;31:*.rz=01;31:*.cab=01;31:*.wim=01;31:*.swm=01;31:*.dwm=01;31:*.esd=01;31:*.jpg=01;35:*.jpeg=01;35:*.mjpg=01;35:*.mjpeg=01;35:*.gif=01;35:*.bmp=01;35:*.pbm=01;35:*.pgm=01;35:*.ppm=01;35:*.tga=01;35:*.xbm=01;35:*.xpm=01;35:*.tif=01;35:*.tiff=01;35:*.png=01;35:*.svg=01;35:*.svgz=01;35:*.mng=01;35:*.pcx=01;35:*.mov=01;35:*.mpg=01;35:*.mpeg=01;35:*.m2v=01;35:*.mkv=01;35:*.webm=01;35:*.ogm=01;35:*.mp4=01;35:*.m4v=01;35:*.mp4v=01;35:*.vob=01;35:*.qt=01;35:*.nuv=01;35:*.wmv=01;35:*.asf=01;35:*.rm=01;35:*.rmvb=01;35:*.flc=01;35:*.avi=01;35:*.fli=01;35:*.flv=01;35:*.gl=01;35:*.dl=01;35:*.xcf=01;35:*.xwd=01;35:*.yuv=01;35:*.cgm=01;35:*.emf=01;35:*.ogv=01;35:*.ogx=01;35:*.aac=00;36:*.au=00;36:*.flac=00;36:*.m4a=00;36:*.mid=00;36:*.midi=00;36:*.mka=00;36:*.mp3=00;36:*.mpc=00;36:*.ogg=00;36:*.ra=00;36:*.wav=00;36:*.oga=00;36:*.opus=00;36:*.spx=00;36:*.xspf=00;36:'), ('ROS_ROOT', '/opt/ros/noetic/share/ros'), ('ROS_MASTER_URI', 'http://localhost:11311'), ('PWD', '/home/Platooning-F1Tenth/build/racecar'), ('LC_ALL', 'C.UTF-8'), ('PYTHONPATH', '/opt/ros/noetic/lib/python3/dist-packages'), ('COLCON', '1'), ('CMAKE_PREFIX_PATH', '/opt/ros/noetic')]), 'shell': False}
[14.336788] (pure_pursuit) StdoutLine: {'line': b'-- Install configuration: ""\n'}
[14.339588] (pure_pursuit) StdoutLine: {'line': b'-- Installing: /home/Platooning-F1Tenth/install/pure_pursuit/lib/pkgconfig/pure_pursuit.pc\n'}
[14.352631] (pure_pursuit) StdoutLine: {'line': b'-- Installing: /home/Platooning-F1Tenth/install/pure_pursuit/share/pure_pursuit/cmake/pure_pursuitConfig.cmake\n'}
[14.360572] (pure_pursuit) StdoutLine: {'line': b'-- Installing: /home/Platooning-F1Tenth/install/pure_pursuit/share/pure_pursuit/cmake/pure_pursuitConfig-version.cmake\n'}
[14.369100] (pure_pursuit) StdoutLine: {'line': b'-- Installing: /home/Platooning-F1Tenth/install/pure_pursuit/share/pure_pursuit/package.xml\n'}
[14.380307] (pure_pursuit) StdoutLine: {'line': b'-- Installing: /home/Platooning-F1Tenth/install/pure_pursuit/lib/pure_pursuit/pure_pursuit_angle.py\n'}
[14.384430] (pure_pursuit) StdoutLine: {'line': b'-- Installing: /home/Platooning-F1Tenth/install/pure_pursuit/lib/pure_pursuit/pure_pursuit.py\n'}
[14.391259] (pure_pursuit) StdoutLine: {'line': b'-- Installing: /home/Platooning-F1Tenth/install/pure_pursuit/lib/pure_pursuit/visualize_markers.py\n'}
[14.398012] (pure_pursuit) StdoutLine: {'line': b'-- Installing: /home/Platooning-F1Tenth/install/pure_pursuit/lib/pure_pursuit/waypoint_logger_pure_pursuit.py\n'}
[14.403964] (pure_pursuit) StdoutLine: {'line': b'-- Installing: /home/Platooning-F1Tenth/install/pure_pursuit/share/pure_pursuit/launch\n'}
[14.405432] (f110_rrt_star) StdoutLine: {'line': b'-- Build files have been written to: /home/Platooning-F1Tenth/build/f110_rrt_star\n'}
[14.407531] (map_server2) StdoutLine: {'line': b'-- Generating done\n'}
[14.409515] (pure_pursuit) StdoutLine: {'line': b'-- Installing: /home/Platooning-F1Tenth/install/pure_pursuit/share/pure_pursuit/launch/.pure_pursuit.launch.swp\n'}
[14.413124] (f110_rrt_star) CommandEnded: {'returncode': 0}
[14.418518] (particle_filter) StdoutLine: {'line': b'-- Install configuration: ""\n'}
[14.420424] (particle_filter) StdoutLine: {'line': b'-- Installing: /home/Platooning-F1Tenth/install/particle_filter/lib/pkgconfig/particle_filter.pc\n'}
[14.421626] (-) TimerEvent: {}
[14.422114] (particle_filter) StdoutLine: {'line': b'-- Installing: /home/Platooning-F1Tenth/install/particle_filter/share/particle_filter/cmake/particle_filterConfig.cmake\n'}
[14.423220] (particle_filter) StdoutLine: {'line': b'-- Installing: /home/Platooning-F1Tenth/install/particle_filter/share/particle_filter/cmake/particle_filterConfig-version.cmake\n'}
[14.423870] (particle_filter) StdoutLine: {'line': b'-- Installing: /home/Platooning-F1Tenth/install/particle_filter/share/particle_filter/package.xml\n'}
[14.425443] (particle_filter) StdoutLine: {'line': b'-- Installing: /home/Platooning-F1Tenth/install/particle_filter/lib/particle_filter/particle_filter.py\n'}
[14.426798] (particle_filter) StdoutLine: {'line': b'-- Installing: /home/Platooning-F1Tenth/install/particle_filter/lib/particle_filter/utils.py\n'}
[14.427459] (particle_filter) StdoutLine: {'line': b'-- Installing: /home/Platooning-F1Tenth/install/particle_filter/share/particle_filter/launch\n'}
[14.428250] (particle_filter) StdoutLine: {'line': b'-- Installing: /home/Platooning-F1Tenth/install/particle_filter/share/particle_filter/launch/map_server.launch\n'}
[14.429186] (particle_filter) StdoutLine: {'line': b'-- Installing: /home/Platooning-F1Tenth/install/particle_filter/share/particle_filter/launch/slime.launch\n'}
[14.432893] (particle_filter) StdoutLine: {'line': b'-- Installing: /home/Platooning-F1Tenth/install/particle_filter/share/particle_filter/launch/localize.launch\n'}
[14.434222] (particle_filter) StdoutLine: {'line': b'-- Installing: /home/Platooning-F1Tenth/install/particle_filter/share/particle_filter/maps\n'}
[14.436526] (particle_filter) StdoutLine: {'line': b'-- Installing: /home/Platooning-F1Tenth/install/particle_filter/share/particle_filter/maps/basement_fixed.map.yaml\n'}
[14.443683] (particle_filter) StdoutLine: {'line': b'-- Installing: /home/Platooning-F1Tenth/install/particle_filter/share/particle_filter/rviz\n'}
[14.445473] (particle_filter) StdoutLine: {'line': b'-- Installing: /home/Platooning-F1Tenth/install/particle_filter/share/particle_filter/rviz/pf.rviz\n'}
[14.447521] (f110_rrt_star) JobProgress: {'identifier': 'f110_rrt_star', 'progress': 'build'}
[14.449124] (f110_rrt_star) Command: {'cmd': ['/usr/bin/cmake', '--build', '/home/Platooning-F1Tenth/build/f110_rrt_star', '--', '-j10', '-l10'], 'cwd': '/home/Platooning-F1Tenth/build/f110_rrt_star', 'env': OrderedDict([('HOSTNAME', '6782ed5a9168'), ('ROS_PACKAGE_PATH', '/opt/ros/noetic/share'), ('ROS_ETC_DIR', '/opt/ros/noetic/etc/ros'), ('SHLVL', '1'), ('LD_LIBRARY_PATH', '/opt/ros/noetic/lib'), ('HOME', '/root'), ('OLDPWD', '/'), ('ROS_PYTHON_VERSION', '3'), ('ROS_DISTRO', 'noetic'), ('_', '/usr/bin/colcon'), ('ROS_VERSION', '1'), ('PKG_CONFIG_PATH', '/opt/ros/noetic/lib/pkgconfig'), ('TERM', 'xterm'), ('PATH', '/opt/ros/noetic/bin:/usr/local/sbin:/usr/local/bin:/usr/sbin:/usr/bin:/sbin:/bin'), ('LANG', 'C.UTF-8'), ('ROSLISP_PACKAGE_DIRECTORIES', ''), ('LS_COLORS', 'rs=0:di=01;34:ln=01;36:mh=00:pi=40;33:so=01;35:do=01;35:bd=40;33;01:cd=40;33;01:or=40;31;01:mi=00:su=37;41:sg=30;43:ca=30;41:tw=30;42:ow=34;42:st=37;44:ex=01;32:*.tar=01;31:*.tgz=01;31:*.arc=01;31:*.arj=01;31:*.taz=01;31:*.lha=01;31:*.lz4=01;31:*.lzh=01;31:*.lzma=01;31:*.tlz=01;31:*.txz=01;31:*.tzo=01;31:*.t7z=01;31:*.zip=01;31:*.z=01;31:*.dz=01;31:*.gz=01;31:*.lrz=01;31:*.lz=01;31:*.lzo=01;31:*.xz=01;31:*.zst=01;31:*.tzst=01;31:*.bz2=01;31:*.bz=01;31:*.tbz=01;31:*.tbz2=01;31:*.tz=01;31:*.deb=01;31:*.rpm=01;31:*.jar=01;31:*.war=01;31:*.ear=01;31:*.sar=01;31:*.rar=01;31:*.alz=01;31:*.ace=01;31:*.zoo=01;31:*.cpio=01;31:*.7z=01;31:*.rz=01;31:*.cab=01;31:*.wim=01;31:*.swm=01;31:*.dwm=01;31:*.esd=01;31:*.jpg=01;35:*.jpeg=01;35:*.mjpg=01;35:*.mjpeg=01;35:*.gif=01;35:*.bmp=01;35:*.pbm=01;35:*.pgm=01;35:*.ppm=01;35:*.tga=01;35:*.xbm=01;35:*.xpm=01;35:*.tif=01;35:*.tiff=01;35:*.png=01;35:*.svg=01;35:*.svgz=01;35:*.mng=01;35:*.pcx=01;35:*.mov=01;35:*.mpg=01;35:*.mpeg=01;35:*.m2v=01;35:*.mkv=01;35:*.webm=01;35:*.ogm=01;35:*.mp4=01;35:*.m4v=01;35:*.mp4v=01;35:*.vob=01;35:*.qt=01;35:*.nuv=01;35:*.wmv=01;35:*.asf=01;35:*.rm=01;35:*.rmvb=01;35:*.flc=01;35:*.avi=01;35:*.fli=01;35:*.flv=01;35:*.gl=01;35:*.dl=01;35:*.xcf=01;35:*.xwd=01;35:*.yuv=01;35:*.cgm=01;35:*.emf=01;35:*.ogv=01;35:*.ogx=01;35:*.aac=00;36:*.au=00;36:*.flac=00;36:*.m4a=00;36:*.mid=00;36:*.midi=00;36:*.mka=00;36:*.mp3=00;36:*.mpc=00;36:*.ogg=00;36:*.ra=00;36:*.wav=00;36:*.oga=00;36:*.opus=00;36:*.spx=00;36:*.xspf=00;36:'), ('ROS_ROOT', '/opt/ros/noetic/share/ros'), ('ROS_MASTER_URI', 'http://localhost:11311'), ('PWD', '/home/Platooning-F1Tenth/build/f110_rrt_star'), ('LC_ALL', 'C.UTF-8'), ('PYTHONPATH', '/opt/ros/noetic/lib/python3/dist-packages'), ('COLCON', '1'), ('CMAKE_PREFIX_PATH', '/opt/ros/noetic')]), 'shell': False}
[14.450530] (pure_pursuit) StdoutLine: {'line': b'-- Installing: /home/Platooning-F1Tenth/install/pure_pursuit/share/pure_pursuit/launch/pure_pursuit_particle_filter.launch\n'}
[14.451789] (pure_pursuit) StdoutLine: {'line': b'-- Installing: /home/Platooning-F1Tenth/install/pure_pursuit/share/pure_pursuit/launch/collect_waypoints.launch\n'}
[14.453924] (pure_pursuit) StdoutLine: {'line': b'-- Installing: /home/Platooning-F1Tenth/install/pure_pursuit/share/pure_pursuit/launch/pure_pursuit.launch\n'}
[14.455195] (racecar_control) StdoutLine: {'line': b'-- Install configuration: ""\n'}
[14.456257] (racecar_control) StdoutLine: {'line': b'-- Installing: /home/Platooning-F1Tenth/install/racecar_control/lib/pkgconfig/racecar_control.pc\n'}
[14.457720] (racecar_control) StdoutLine: {'line': b'-- Installing: /home/Platooning-F1Tenth/install/racecar_control/share/racecar_control/cmake/racecar_controlConfig.cmake\n'}
[14.463032] (racecar_control) StdoutLine: {'line': b'-- Installing: /home/Platooning-F1Tenth/install/racecar_control/share/racecar_control/cmake/racecar_controlConfig-version.cmake\n'}
[14.464768] (racecar_control) StdoutLine: {'line': b'-- Installing: /home/Platooning-F1Tenth/install/racecar_control/share/racecar_control/package.xml\n'}
[14.465876] (racecar_control) StdoutLine: {'line': b'-- Installing: /home/Platooning-F1Tenth/install/racecar_control/lib/racecar_control/keyboard_teleop.py\n'}
[14.469184] (racecar_control) StdoutLine: {'line': b'-- Installing: /home/Platooning-F1Tenth/install/racecar_control/lib/racecar_control/servo_commands_gen.py\n'}
[14.470384] (racecar_control) StdoutLine: {'line': b'-- Installing: /home/Platooning-F1Tenth/install/racecar_control/lib/racecar_control/servo_commands.py\n'}
[14.471120] (racecar_control) StdoutLine: {'line': b'-- Installing: /home/Platooning-F1Tenth/install/racecar_control/share/racecar_control/config\n'}
[14.480235] (racecar_control) StdoutLine: {'line': b'-- Installing: /home/Platooning-F1Tenth/install/racecar_control/share/racecar_control/config/racecar_control2.yaml\n'}
[14.482670] (racecar_control) StdoutLine: {'line': b'-- Installing: /home/Platooning-F1Tenth/install/racecar_control/share/racecar_control/config/racecar_control3.yaml\n'}
[14.484460] (particle_filter) CommandEnded: {'returncode': 0}
[14.487385] (pure_pursuit) StdoutLine: {'line': b'-- Installing: /home/Platooning-F1Tenth/install/pure_pursuit/share/pure_pursuit/maps\n'}
[14.488512] (racecar_control) StdoutLine: {'line': b'-- Installing: /home/Platooning-F1Tenth/install/racecar_control/share/racecar_control/config/racecar_control_gen.yaml\n'}
[14.489120] (pure_pursuit) StdoutLine: {'line': b'-- Installing: /home/Platooning-F1Tenth/install/pure_pursuit/share/pure_pursuit/maps/levine.yaml\n'}
[14.490239] (racecar_control) StdoutLine: {'line': b'-- Installing: /home/Platooning-F1Tenth/install/racecar_control/share/racecar_control/config/racecar_control.yaml\n'}
[14.491690] (pure_pursuit) StdoutLine: {'line': b'-- Installing: /home/Platooning-F1Tenth/install/pure_pursuit/share/pure_pursuit/maps/track_2.pgm\n'}
[14.492852] (racecar_control) StdoutLine: {'line': b'-- Installing: /home/Platooning-F1Tenth/install/racecar_control/share/racecar_control/launch\n'}
[14.493795] (racecar_control) StdoutLine: {'line': b'-- Installing: /home/Platooning-F1Tenth/install/racecar_control/share/racecar_control/launch/teleop.launch\n'}
[14.494469] (pure_pursuit) StdoutLine: {'line': b'-- Installing: /home/Platooning-F1Tenth/install/pure_pursuit/share/pure_pursuit/maps/track_2.yaml\n'}
[14.495658] (racecar_control) StdoutLine: {'line': b'-- Installing: /home/Platooning-F1Tenth/install/racecar_control/share/racecar_control/launch/racecar_control.launch\n'}
[14.496996] (pure_pursuit) StdoutLine: {'line': b'-- Installing: /home/Platooning-F1Tenth/install/pure_pursuit/share/pure_pursuit/maps/levine.pgm\n'}
[14.498492] (racecar_control) StdoutLine: {'line': b'-- Installing: /home/Platooning-F1Tenth/install/racecar_control/share/racecar_control/launch/gazebo_sim_joy.launch\n'}
[14.500631] (race) StdoutLine: {'line': b'-- Found OpenNI: /usr/lib/libOpenNI.so  \n'}
[14.502693] (race) StdoutLine: {'line': b'-- OpenNI found (include: /usr/include/ni, lib: /usr/lib/libOpenNI.so)\n'}
[14.522055] (-) TimerEvent: {}
[14.540656] (ackermann_cmd_mux) StdoutLine: {'line': b'-- Build files have been written to: /home/Platooning-F1Tenth/build/ackermann_cmd_mux\n'}
[14.595254] (particle_filter) JobEnded: {'identifier': 'particle_filter', 'rc': 0}
[14.627382] (-) TimerEvent: {}
[14.628107] (racecar_description) JobStarted: {'identifier': 'racecar_description'}
[14.628627] (racecar) StdoutLine: {'line': b'-- Install configuration: ""\n'}
[14.635368] (racecar) StdoutLine: {'line': b'-- Installing: /home/Platooning-F1Tenth/install/racecar/lib/pkgconfig/racecar.pc\n'}
[14.639584] (racecar) StdoutLine: {'line': b'-- Installing: /home/Platooning-F1Tenth/install/racecar/share/racecar/cmake/racecarConfig.cmake\n'}
[14.644405] (racecar) StdoutLine: {'line': b'-- Installing: /home/Platooning-F1Tenth/install/racecar/share/racecar/cmake/racecarConfig-version.cmake\n'}
[14.650579] (racecar) StdoutLine: {'line': b'-- Installing: /home/Platooning-F1Tenth/install/racecar/share/racecar/package.xml\n'}
[14.656908] (racecar) StdoutLine: {'line': b'-- Installing: /home/Platooning-F1Tenth/install/racecar/share/racecar/launch\n'}
[14.663166] (racecar) StdoutLine: {'line': b'-- Installing: /home/Platooning-F1Tenth/install/racecar/share/racecar/launch/mux.launch\n'}
[14.666113] (racecar) StdoutLine: {'line': b'-- Installing: /home/Platooning-F1Tenth/install/racecar/share/racecar/launch/teleop.launch\n'}
[14.682437] (racecar) StdoutLine: {'line': b'-- Installing: /home/Platooning-F1Tenth/install/racecar/share/racecar/launch/replay_bag_file\n'}
[14.687997] (racecar) StdoutLine: {'line': b'-- Installing: /home/Platooning-F1Tenth/install/racecar/share/racecar/launch/replay_bag_file/replay_bag_mapping.launch\n'}
[14.692936] (racecar) StdoutLine: {'line': b'-- Installing: /home/Platooning-F1Tenth/install/racecar/share/racecar/launch/replay_bag_file/replay_bag_file.launch\n'}
[14.694324] (racecar) StdoutLine: {'line': b'-- Installing: /home/Platooning-F1Tenth/install/racecar/share/racecar/launch/replay_bag_file/replay_bag_with_lidar_processing.launch\n'}
[14.696226] (racecar) StdoutLine: {'line': b'-- Installing: /home/Platooning-F1Tenth/install/racecar/share/racecar/launch/includes\n'}
[14.700895] (racecar) StdoutLine: {'line': b'-- Installing: /home/Platooning-F1Tenth/install/racecar/share/racecar/launch/includes/racecar-v2\n'}
[14.703612] (racecar) StdoutLine: {'line': b'-- Installing: /home/Platooning-F1Tenth/install/racecar/share/racecar/launch/includes/racecar-v2/vesc.launch.xml\n'}
[14.710669] (racecar) StdoutLine: {'line': b'-- Installing: /home/Platooning-F1Tenth/install/racecar/share/racecar/launch/includes/racecar-v2/static_transforms.launch.xml\n'}
[14.714804] (racecar) StdoutLine: {'line': b'-- Installing: /home/Platooning-F1Tenth/install/racecar/share/racecar/launch/includes/common\n'}
[14.724294] (racecar) StdoutLine: {'line': b'-- Installing: /home/Platooning-F1Tenth/install/racecar/share/racecar/launch/includes/common/sensors.launch.xml\n'}
[14.731870] (-) TimerEvent: {}
[14.735729] (racecar) StdoutLine: {'line': b'-- Installing: /home/Platooning-F1Tenth/install/racecar/share/racecar/launch/includes/common/joy_teleop.launch.xml\n'}
[14.740694] (racecar) StdoutLine: {'line': b'-- Installing: /home/Platooning-F1Tenth/install/racecar/share/racecar/launch/includes/racecar-v2-teleop.launch.xml\n'}
[14.749105] (racecar) StdoutLine: {'line': b'-- Installing: /home/Platooning-F1Tenth/install/racecar/share/racecar/launch/known_map_localization.launch\n'}
[14.753584] (racecar) StdoutLine: {'line': b'-- Installing: /home/Platooning-F1Tenth/install/racecar/share/racecar/launch/mux_gen.launch\n'}
[14.755766] (racecar) StdoutLine: {'line': b'-- Installing: /home/Platooning-F1Tenth/install/racecar/share/racecar/config\n'}
[14.758025] (racecar) StdoutLine: {'line': b'-- Installing: /home/Platooning-F1Tenth/install/racecar/share/racecar/config/racecar-v2\n'}
[14.767410] (racecar) StdoutLine: {'line': b'-- Installing: /home/Platooning-F1Tenth/install/racecar/share/racecar/config/racecar-v2/low_level_mux.yaml\n'}
[14.772782] (racecar) StdoutLine: {'line': b'-- Installing: /home/Platooning-F1Tenth/install/racecar/share/racecar/config/racecar-v2/sensors.yaml\n'}
[14.787665] (racecar) StdoutLine: {'line': b'-- Installing: /home/Platooning-F1Tenth/install/racecar/share/racecar/config/racecar-v2/joy_teleop.yaml\n'}
[14.797305] (racecar) StdoutLine: {'line': b'-- Installing: /home/Platooning-F1Tenth/install/racecar/share/racecar/config/racecar-v2/vesc.yaml\n'}
[14.801521] (racecar) StdoutLine: {'line': b'-- Installing: /home/Platooning-F1Tenth/install/racecar/share/racecar/config/racecar-v2/vesc_new.yaml\n'}
[14.805376] (racecar) StdoutLine: {'line': b'-- Installing: /home/Platooning-F1Tenth/install/racecar/share/racecar/config/racecar-v2/high_level_mux.yaml\n'}
[14.811448] (racecar) StdoutLine: {'line': b'-- Installing: /home/Platooning-F1Tenth/install/racecar/share/racecar/rviz\n'}
[14.814407] (racecar) StdoutLine: {'line': b'-- Installing: /home/Platooning-F1Tenth/install/racecar/share/racecar/rviz/known_map_localization.rviz\n'}
[14.816910] (racecar) StdoutLine: {'line': b'-- Installing: /home/Platooning-F1Tenth/install/racecar/share/racecar/rviz/mapping.rviz\n'}
[14.819856] (racecar) StdoutLine: {'line': b'-- Installing: /home/Platooning-F1Tenth/install/racecar/share/racecar/rviz/laser_scan_matcher.rviz\n'}
[14.824206] (ackermann_cmd_mux) CommandEnded: {'returncode': 0}
[14.828808] (ackermann_cmd_mux) JobProgress: {'identifier': 'ackermann_cmd_mux', 'progress': 'build'}
[14.829305] (ackermann_cmd_mux) Command: {'cmd': ['/usr/bin/cmake', '--build', '/home/Platooning-F1Tenth/build/ackermann_cmd_mux', '--', '-j10', '-l10'], 'cwd': '/home/Platooning-F1Tenth/build/ackermann_cmd_mux', 'env': OrderedDict([('HOSTNAME', '6782ed5a9168'), ('ROS_PACKAGE_PATH', '/opt/ros/noetic/share'), ('ROS_ETC_DIR', '/opt/ros/noetic/etc/ros'), ('SHLVL', '1'), ('LD_LIBRARY_PATH', '/opt/ros/noetic/lib'), ('HOME', '/root'), ('OLDPWD', '/'), ('ROS_PYTHON_VERSION', '3'), ('ROS_DISTRO', 'noetic'), ('_', '/usr/bin/colcon'), ('ROS_VERSION', '1'), ('PKG_CONFIG_PATH', '/opt/ros/noetic/lib/pkgconfig'), ('TERM', 'xterm'), ('PATH', '/opt/ros/noetic/bin:/usr/local/sbin:/usr/local/bin:/usr/sbin:/usr/bin:/sbin:/bin'), ('LANG', 'C.UTF-8'), ('ROSLISP_PACKAGE_DIRECTORIES', ''), ('LS_COLORS', 'rs=0:di=01;34:ln=01;36:mh=00:pi=40;33:so=01;35:do=01;35:bd=40;33;01:cd=40;33;01:or=40;31;01:mi=00:su=37;41:sg=30;43:ca=30;41:tw=30;42:ow=34;42:st=37;44:ex=01;32:*.tar=01;31:*.tgz=01;31:*.arc=01;31:*.arj=01;31:*.taz=01;31:*.lha=01;31:*.lz4=01;31:*.lzh=01;31:*.lzma=01;31:*.tlz=01;31:*.txz=01;31:*.tzo=01;31:*.t7z=01;31:*.zip=01;31:*.z=01;31:*.dz=01;31:*.gz=01;31:*.lrz=01;31:*.lz=01;31:*.lzo=01;31:*.xz=01;31:*.zst=01;31:*.tzst=01;31:*.bz2=01;31:*.bz=01;31:*.tbz=01;31:*.tbz2=01;31:*.tz=01;31:*.deb=01;31:*.rpm=01;31:*.jar=01;31:*.war=01;31:*.ear=01;31:*.sar=01;31:*.rar=01;31:*.alz=01;31:*.ace=01;31:*.zoo=01;31:*.cpio=01;31:*.7z=01;31:*.rz=01;31:*.cab=01;31:*.wim=01;31:*.swm=01;31:*.dwm=01;31:*.esd=01;31:*.jpg=01;35:*.jpeg=01;35:*.mjpg=01;35:*.mjpeg=01;35:*.gif=01;35:*.bmp=01;35:*.pbm=01;35:*.pgm=01;35:*.ppm=01;35:*.tga=01;35:*.xbm=01;35:*.xpm=01;35:*.tif=01;35:*.tiff=01;35:*.png=01;35:*.svg=01;35:*.svgz=01;35:*.mng=01;35:*.pcx=01;35:*.mov=01;35:*.mpg=01;35:*.mpeg=01;35:*.m2v=01;35:*.mkv=01;35:*.webm=01;35:*.ogm=01;35:*.mp4=01;35:*.m4v=01;35:*.mp4v=01;35:*.vob=01;35:*.qt=01;35:*.nuv=01;35:*.wmv=01;35:*.asf=01;35:*.rm=01;35:*.rmvb=01;35:*.flc=01;35:*.avi=01;35:*.fli=01;35:*.flv=01;35:*.gl=01;35:*.dl=01;35:*.xcf=01;35:*.xwd=01;35:*.yuv=01;35:*.cgm=01;35:*.emf=01;35:*.ogv=01;35:*.ogx=01;35:*.aac=00;36:*.au=00;36:*.flac=00;36:*.m4a=00;36:*.mid=00;36:*.midi=00;36:*.mka=00;36:*.mp3=00;36:*.mpc=00;36:*.ogg=00;36:*.ra=00;36:*.wav=00;36:*.oga=00;36:*.opus=00;36:*.spx=00;36:*.xspf=00;36:'), ('ROS_ROOT', '/opt/ros/noetic/share/ros'), ('ROS_MASTER_URI', 'http://localhost:11311'), ('PWD', '/home/Platooning-F1Tenth/build/ackermann_cmd_mux'), ('LC_ALL', 'C.UTF-8'), ('PYTHONPATH', '/opt/ros/noetic/lib/python3/dist-packages'), ('COLCON', '1'), ('CMAKE_PREFIX_PATH', '/opt/ros/noetic')]), 'shell': False}
[14.836302] (-) TimerEvent: {}
[14.837555] (f110_rrt_star) StdoutLine: {'line': b'\x1b[35m\x1b[1mScanning dependencies of target visualization_msgs_generate_messages_lisp\x1b[0m\n'}
[14.843400] (f110_rrt_star) StdoutLine: {'line': b'\x1b[35m\x1b[1mScanning dependencies of target actionlib_generate_messages_py\x1b[0m\n'}
[14.850406] (racecar_control) CommandEnded: {'returncode': 0}
[14.871900] (f110_rrt_star) StdoutLine: {'line': b'\x1b[35m\x1b[1mScanning dependencies of target tf2_msgs_generate_messages_py\x1b[0m\n'}
[14.875302] (f110_rrt_star) StdoutLine: {'line': b'\x1b[35m\x1b[1mScanning dependencies of target tf2_msgs_generate_messages_cpp\x1b[0m\n'}
[14.878607] (f110_rrt_star) StdoutLine: {'line': b'\x1b[35m\x1b[1mScanning dependencies of target actionlib_generate_messages_nodejs\x1b[0m\n'}
[14.885406] (f110_rrt_star) StdoutLine: {'line': b'\x1b[35m\x1b[1mScanning dependencies of target nav_msgs_generate_messages_cpp\x1b[0m\n'}
[14.888590] (f110_rrt_star) StdoutLine: {'line': b'\x1b[35m\x1b[1mScanning dependencies of target tf2_msgs_generate_messages_nodejs\x1b[0m\n'}
[14.892585] (f110_rrt_star) StdoutLine: {'line': b'\x1b[35m\x1b[1mScanning dependencies of target tf2_msgs_generate_messages_lisp\x1b[0m\n'}
[14.902214] (f110_rrt_star) StdoutLine: {'line': b'\x1b[35m\x1b[1mScanning dependencies of target ackermann_msgs_generate_messages_py\x1b[0m\n'}
[14.905098] (f110_rrt_star) StdoutLine: {'line': b'\x1b[35m\x1b[1mScanning dependencies of target geometry_msgs_generate_messages_cpp\x1b[0m\n'}
[14.920151] (f110_rrt_star) StdoutLine: {'line': b'[  0%] Built target actionlib_generate_messages_py\n'}
[14.925928] (f110_rrt_star) StdoutLine: {'line': b'[  0%] Built target tf2_msgs_generate_messages_cpp\n'}
[14.935763] (f110_rrt_star) StdoutLine: {'line': b'[  0%] Built target tf2_msgs_generate_messages_py\n'}
[14.939762] (-) TimerEvent: {}
[14.941508] (f110_rrt_star) StdoutLine: {'line': b'[  0%] Built target actionlib_generate_messages_nodejs\n'}
[14.955052] (f110_rrt_star) StdoutLine: {'line': b'[  0%] Built target visualization_msgs_generate_messages_lisp\n'}
[14.960491] (f110_rrt_star) StdoutLine: {'line': b'[  0%] Built target tf2_msgs_generate_messages_nodejs\n'}
[14.965091] (f110_rrt_star) StdoutLine: {'line': b'[  0%] Built target tf2_msgs_generate_messages_lisp\n'}
[14.970053] (f110_rrt_star) StdoutLine: {'line': b'[  0%] Built target nav_msgs_generate_messages_cpp\n'}
[14.977149] (pure_pursuit) StdoutLine: {'line': b'-- Installing: /home/Platooning-F1Tenth/install/pure_pursuit/share/pure_pursuit/rviz_cfg\n'}
[14.988408] (pure_pursuit) StdoutLine: {'line': b'-- Installing: /home/Platooning-F1Tenth/install/pure_pursuit/share/pure_pursuit/rviz_cfg/pure_pursuit.rviz\n'}
[15.000504] (f110_rrt_star) StdoutLine: {'line': b'[  0%] Built target ackermann_msgs_generate_messages_py\n'}
[15.008438] (f110_rrt_star) StdoutLine: {'line': b'[  0%] Built target geometry_msgs_generate_messages_cpp\n'}
[15.015482] (pure_pursuit) StdoutLine: {'line': b'-- Installing: /home/Platooning-F1Tenth/install/pure_pursuit/share/pure_pursuit/waypoints\n'}
[15.017542] (pure_pursuit) StdoutLine: {'line': b'-- Installing: /home/Platooning-F1Tenth/install/pure_pursuit/share/pure_pursuit/waypoints/levine-waypoints.csv\n'}
[15.025779] (pure_pursuit) StdoutLine: {'line': b'-- Installing: /home/Platooning-F1Tenth/install/pure_pursuit/share/pure_pursuit/waypoints/track_porto_26780.csv\n'}
[15.034760] (f110_rrt_star) StdoutLine: {'line': b'\x1b[35m\x1b[1mScanning dependencies of target roscpp_generate_messages_lisp\x1b[0m\n'}
[15.042741] (-) TimerEvent: {}
[15.044007] (f110_rrt_star) StdoutLine: {'line': b'\x1b[35m\x1b[1mScanning dependencies of target visualization_msgs_generate_messages_eus\x1b[0m\n'}
[15.052450] (f110_rrt_star) StdoutLine: {'line': b'\x1b[35m\x1b[1mScanning dependencies of target std_msgs_generate_messages_nodejs\x1b[0m\n'}
[15.070029] (pure_pursuit) StdoutLine: {'line': b'-- Installing: /home/Platooning-F1Tenth/install/pure_pursuit/share/pure_pursuit/waypoints/.waypoints.csv.swp\n'}
[15.075202] (f110_rrt_star) StdoutLine: {'line': b'\x1b[35m\x1b[1mScanning dependencies of target geometry_msgs_generate_messages_eus\x1b[0m\n'}
[15.079671] (f110_rrt_star) StdoutLine: {'line': b'\x1b[35m\x1b[1mScanning dependencies of target rosgraph_msgs_generate_messages_eus\x1b[0m\n'}
[15.090559] (f110_rrt_star) StdoutLine: {'line': b'\x1b[35m\x1b[1mScanning dependencies of target nav_msgs_generate_messages_eus\x1b[0m\n'}
[15.094608] (f110_rrt_star) StdoutLine: {'line': b'\x1b[35m\x1b[1mScanning dependencies of target tf2_msgs_generate_messages_eus\x1b[0m\n'}
[15.104833] (f110_rrt_star) StdoutLine: {'line': b'\x1b[35m\x1b[1mScanning dependencies of target geometry_msgs_generate_messages_py\x1b[0m\n'}
[15.108324] (pure_pursuit) StdoutLine: {'line': b'-- Installing: /home/Platooning-F1Tenth/install/pure_pursuit/share/pure_pursuit/waypoints/racecar_tunnel_26520.csv\n'}
[15.119276] (f110_rrt_star) StdoutLine: {'line': b'\x1b[35m\x1b[1mScanning dependencies of target sensor_msgs_generate_messages_py\x1b[0m\n'}
[15.126540] (f110_rrt_star) StdoutLine: {'line': b'\x1b[35m\x1b[1mScanning dependencies of target nav_msgs_generate_messages_lisp\x1b[0m\n'}
[15.129622] (pure_pursuit) StdoutLine: {'line': b'-- Installing: /home/Platooning-F1Tenth/install/pure_pursuit/share/pure_pursuit/waypoints/levine-waypoints4.csv\n'}
[15.136339] (race) StdoutLine: {'line': b'-- Found OpenNI2: /usr/lib/libOpenNI2.so  \n'}
[15.145370] (-) TimerEvent: {}
[15.149217] (race) StdoutLine: {'line': b'-- OpenNI2 found (include: /usr/include/openni2, lib: /usr/lib/libOpenNI2.so)\n'}
[15.154204] (race) StderrLine: {'line': b'** WARNING ** io features related to pcap will be disabled\n'}
[15.162904] (race) StderrLine: {'line': b'** WARNING ** io features related to png will be disabled\n'}
[15.167829] (race) StdoutLine: {'line': b'-- Found libusb-1.0: /usr/include  \n'}
[15.172441] (race) StderrLine: {'line': b'** WARNING ** io features related to libusb-1.0 will be disabled\n'}
[15.176913] (pure_pursuit) StdoutLine: {'line': b'-- Installing: /home/Platooning-F1Tenth/install/pure_pursuit/share/pure_pursuit/waypoints/racecar_walker_28998.csv\n'}
[15.199223] (race) StdoutLine: {'line': b'-- OpenNI found (include: /usr/include/ni, lib: /usr/lib/libOpenNI.so)\n'}
[15.204901] (f110_rrt_star) StdoutLine: {'line': b'[  0%] Built target roscpp_generate_messages_lisp\n'}
[15.215652] (pure_pursuit) StdoutLine: {'line': b'-- Installing: /home/Platooning-F1Tenth/install/pure_pursuit/share/pure_pursuit/waypoints/levine-waypoints3.csv\n'}
[15.225862] (racecar_control) JobEnded: {'identifier': 'racecar_control', 'rc': 0}
[15.242263] (racecar_gazebo) JobStarted: {'identifier': 'racecar_gazebo'}
[15.243941] (ackermann_cmd_mux) StdoutLine: {'line': b'\x1b[35m\x1b[1mScanning dependencies of target ackermann_cmd_mux_gencfg\x1b[0m\n'}
[15.250877] (-) TimerEvent: {}
[15.251896] (f110_rrt_star) StdoutLine: {'line': b'[  0%] Built target visualization_msgs_generate_messages_eus\n'}
[15.256023] (race) StdoutLine: {'line': b'-- OpenNI2 found (include: /usr/include/openni2, lib: /usr/lib/libOpenNI2.so)\n'}
[15.261091] (f110_rrt_star) StdoutLine: {'line': b'[  0%] Built target std_msgs_generate_messages_nodejs\n'}
[15.272228] (f110_rrt_star) StdoutLine: {'line': b'[  0%] Built target geometry_msgs_generate_messages_eus\n'}
[15.281701] (pure_pursuit) StdoutLine: {'line': b'-- Installing: /home/Platooning-F1Tenth/install/pure_pursuit/share/pure_pursuit/waypoints/levine-waypoints2.csv\n'}
[15.291016] (f110_rrt_star) StdoutLine: {'line': b'[  0%] Built target rosgraph_msgs_generate_messages_eus\n'}
[15.298408] (f110_rrt_star) StdoutLine: {'line': b'[  0%] Built target nav_msgs_generate_messages_lisp\n'}
[15.306258] (f110_rrt_star) StdoutLine: {'line': b'[  0%] Built target sensor_msgs_generate_messages_py\n'}
[15.317741] (f110_rrt_star) StdoutLine: {'line': b'[  0%] Built target nav_msgs_generate_messages_eus\n'}
[15.320900] (racecar) CommandEnded: {'returncode': 0}
[15.338840] (pure_pursuit) StdoutLine: {'line': b'-- Installing: /home/Platooning-F1Tenth/install/pure_pursuit/share/pure_pursuit/waypoints/porto_waypoints.csv\n'}
[15.348756] (f110_rrt_star) StdoutLine: {'line': b'[  0%] Built target geometry_msgs_generate_messages_py\n'}
[15.353781] (-) TimerEvent: {}
[15.361506] (f110_rrt_star) StdoutLine: {'line': b'[  0%] Built target tf2_msgs_generate_messages_eus\n'}
[15.364151] (pure_pursuit) StdoutLine: {'line': b'-- Installing: /home/Platooning-F1Tenth/install/pure_pursuit/share/pure_pursuit/waypoints/track_barca_47396.csv\n'}
[15.366555] (f110_rrt_star) StdoutLine: {'line': b'\x1b[35m\x1b[1mScanning dependencies of target actionlib_msgs_generate_messages_eus\x1b[0m\n'}
[15.372358] (pure_pursuit) StdoutLine: {'line': b'-- Installing: /home/Platooning-F1Tenth/install/pure_pursuit/share/pure_pursuit/waypoints/racecar_walker_29418.csv\n'}
[15.377139] (f110_rrt_star) StdoutLine: {'line': b'\x1b[35m\x1b[1mScanning dependencies of target actionlib_generate_messages_lisp\x1b[0m\n'}
[15.381423] (f110_rrt_star) StdoutLine: {'line': b'\x1b[35m\x1b[1mScanning dependencies of target geometry_msgs_generate_messages_nodejs\x1b[0m\n'}
[15.387068] (f110_rrt_star) StdoutLine: {'line': b'\x1b[35m\x1b[1mScanning dependencies of target rosgraph_msgs_generate_messages_py\x1b[0m\n'}
[15.389496] (pure_pursuit) StdoutLine: {'line': b'-- Installing: /home/Platooning-F1Tenth/install/pure_pursuit/share/pure_pursuit/waypoints/track_barca_4676.csv\n'}
[15.397339] (f110_rrt_star) StdoutLine: {'line': b'\x1b[35m\x1b[1mScanning dependencies of target roscpp_generate_messages_eus\x1b[0m\n'}
[15.401644] (multi_object_tracking_lidar) StdoutLine: {'line': b'-- Build files have been written to: /home/Platooning-F1Tenth/build/multi_object_tracking_lidar\n'}
[15.405416] (f110_rrt_star) StdoutLine: {'line': b'\x1b[35m\x1b[1mScanning dependencies of target ackermann_msgs_generate_messages_eus\x1b[0m\n'}
[15.408631] (f110_rrt_star) StdoutLine: {'line': b'\x1b[35m\x1b[1mScanning dependencies of target ackermann_msgs_generate_messages_lisp\x1b[0m\n'}
[15.411368] (f110_rrt_star) StdoutLine: {'line': b'\x1b[35m\x1b[1mScanning dependencies of target std_msgs_generate_messages_cpp\x1b[0m\n'}
[15.415378] (f110_rrt_star) StdoutLine: {'line': b'\x1b[35m\x1b[1mScanning dependencies of target ackermann_msgs_generate_messages_nodejs\x1b[0m\n'}
[15.421689] (ackermann_cmd_mux) StdoutLine: {'line': b'[ 25%] \x1b[34m\x1b[1mGenerating dynamic reconfigure files from cfg/reload.cfg: /home/Platooning-F1Tenth/build/ackermann_cmd_mux/devel/include/ackermann_cmd_mux/reloadConfig.h /home/Platooning-F1Tenth/build/ackermann_cmd_mux/devel/lib/python3/dist-packages/ackermann_cmd_mux/cfg/reloadConfig.py\x1b[0m\n'}
[15.427235] (f110_rrt_star) StdoutLine: {'line': b'\x1b[35m\x1b[1mScanning dependencies of target std_msgs_generate_messages_py\x1b[0m\n'}
[15.429018] (map_server2) StdoutLine: {'line': b'-- Build files have been written to: /home/Platooning-F1Tenth/build/map_server2\n'}
[15.435055] (race) StdoutLine: {'line': b'-- Found Qhull: optimized;/usr/lib/x86_64-linux-gnu/libqhull.so;debug;/usr/lib/x86_64-linux-gnu/libqhull.so  \n'}
[15.438705] (race) StdoutLine: {'line': b'-- QHULL found (include: /usr/include, lib: optimized;/usr/lib/x86_64-linux-gnu/libqhull.so;debug;/usr/lib/x86_64-linux-gnu/libqhull.so)\n'}
[15.441902] (computer_vision) StdoutLine: {'line': b'-- Generating done\n'}
[15.448545] (f110_rrt_star) StdoutLine: {'line': b'[  0%] Built target actionlib_generate_messages_lisp\n'}
[15.455322] (-) TimerEvent: {}
[15.455848] (race) StdoutLine: {'line': b'-- OpenNI found (include: /usr/include/ni, lib: /usr/lib/libOpenNI.so)\n'}
[15.462010] (f110_rrt_star) StdoutLine: {'line': b'[  0%] Built target actionlib_msgs_generate_messages_eus\n'}
[15.463408] (f110_rrt_star) StdoutLine: {'line': b'[  0%] Built target geometry_msgs_generate_messages_nodejs\n'}
[15.470706] (race) StdoutLine: {'line': b'-- looking for PCL_COMMON\n'}
[15.473408] (race) StdoutLine: {'line': b'-- Found PCL_COMMON: /usr/lib/x86_64-linux-gnu/libpcl_common.so  \n'}
[15.478654] (race) StdoutLine: {'line': b'-- looking for PCL_KDTREE\n'}
[15.482557] (race) StdoutLine: {'line': b'-- Found PCL_KDTREE: /usr/lib/x86_64-linux-gnu/libpcl_kdtree.so  \n'}
[15.495852] (race) StdoutLine: {'line': b'-- looking for PCL_OCTREE\n'}
[15.503224] (race) StdoutLine: {'line': b'-- Found PCL_OCTREE: /usr/lib/x86_64-linux-gnu/libpcl_octree.so  \n'}
[15.505647] (race) StdoutLine: {'line': b'-- looking for PCL_SEARCH\n'}
[15.506872] (f110_rrt_star) StdoutLine: {'line': b'[  0%] Built target roscpp_generate_messages_eus\n'}
[15.514779] (race) StdoutLine: {'line': b'-- Found PCL_SEARCH: /usr/lib/x86_64-linux-gnu/libpcl_search.so  \n'}
[15.517198] (race) StdoutLine: {'line': b'-- looking for PCL_SAMPLE_CONSENSUS\n'}
[15.520750] (race) StdoutLine: {'line': b'-- Found PCL_SAMPLE_CONSENSUS: /usr/lib/x86_64-linux-gnu/libpcl_sample_consensus.so  \n'}
[15.525871] (race) StdoutLine: {'line': b'-- looking for PCL_FILTERS\n'}
[15.530410] (race) StdoutLine: {'line': b'-- Found PCL_FILTERS: /usr/lib/x86_64-linux-gnu/libpcl_filters.so  \n'}
[15.539655] (race) StdoutLine: {'line': b'-- looking for PCL_2D\n'}
[15.541082] (race) StdoutLine: {'line': b'-- Found PCL_2D: /usr/include/pcl-1.10  \n'}
[15.543426] (race) StdoutLine: {'line': b'-- looking for PCL_GEOMETRY\n'}
[15.558020] (-) TimerEvent: {}
[15.558611] (race) StdoutLine: {'line': b'-- Found PCL_GEOMETRY: /usr/include/pcl-1.10  \n'}
[15.559778] (race) StdoutLine: {'line': b'-- looking for PCL_IO\n'}
[15.560990] (race) StdoutLine: {'line': b'-- Found PCL_IO: /usr/lib/x86_64-linux-gnu/libpcl_io.so  \n'}
[15.562496] (race) StdoutLine: {'line': b'-- looking for PCL_FEATURES\n'}
[15.563729] (race) StdoutLine: {'line': b'-- Found PCL_FEATURES: /usr/lib/x86_64-linux-gnu/libpcl_features.so  \n'}
[15.573512] (race) StdoutLine: {'line': b'-- looking for PCL_ML\n'}
[15.580274] (race) StdoutLine: {'line': b'-- Found PCL_ML: /usr/lib/x86_64-linux-gnu/libpcl_ml.so  \n'}
[15.586364] (race) StdoutLine: {'line': b'-- looking for PCL_SEGMENTATION\n'}
[15.588765] (race) StdoutLine: {'line': b'-- Found PCL_SEGMENTATION: /usr/lib/x86_64-linux-gnu/libpcl_segmentation.so  \n'}
[15.591836] (race) StdoutLine: {'line': b'-- looking for PCL_VISUALIZATION\n'}
[15.595241] (race) StdoutLine: {'line': b'-- Found PCL_VISUALIZATION: /usr/lib/x86_64-linux-gnu/libpcl_visualization.so  \n'}
[15.598688] (race) StdoutLine: {'line': b'-- looking for PCL_SURFACE\n'}
[15.601994] (race) StdoutLine: {'line': b'-- Found PCL_SURFACE: /usr/lib/x86_64-linux-gnu/libpcl_surface.so  \n'}
[15.604359] (race) StdoutLine: {'line': b'-- looking for PCL_REGISTRATION\n'}
[15.612805] (race) StdoutLine: {'line': b'-- Found PCL_REGISTRATION: /usr/lib/x86_64-linux-gnu/libpcl_registration.so  \n'}
[15.624183] (race) StdoutLine: {'line': b'-- looking for PCL_KEYPOINTS\n'}
[15.629916] (race) StdoutLine: {'line': b'-- Found PCL_KEYPOINTS: /usr/lib/x86_64-linux-gnu/libpcl_keypoints.so  \n'}
[15.634155] (race) StdoutLine: {'line': b'-- looking for PCL_TRACKING\n'}
[15.635975] (race) StdoutLine: {'line': b'-- Found PCL_TRACKING: /usr/lib/x86_64-linux-gnu/libpcl_tracking.so  \n'}
[15.638204] (race) StdoutLine: {'line': b'-- looking for PCL_RECOGNITION\n'}
[15.639824] (race) StdoutLine: {'line': b'-- Found PCL_RECOGNITION: /usr/lib/x86_64-linux-gnu/libpcl_recognition.so  \n'}
[15.643798] (race) StdoutLine: {'line': b'-- looking for PCL_STEREO\n'}
[15.652329] (race) StdoutLine: {'line': b'-- Found PCL_STEREO: /usr/lib/x86_64-linux-gnu/libpcl_stereo.so  \n'}
[15.655432] (race) StdoutLine: {'line': b'-- looking for PCL_APPS\n'}
[15.660119] (-) TimerEvent: {}
[15.661699] (race) StdoutLine: {'line': b'-- Found PCL_APPS: /usr/lib/x86_64-linux-gnu/libpcl_apps.so  \n'}
[15.666139] (race) StdoutLine: {'line': b'-- looking for PCL_IN_HAND_SCANNER\n'}
[15.669205] (race) StdoutLine: {'line': b'-- Found PCL_IN_HAND_SCANNER: /usr/include/pcl-1.10  \n'}
[15.683142] (race) StdoutLine: {'line': b'-- looking for PCL_POINT_CLOUD_EDITOR\n'}
[15.689485] (f110_rrt_star) StdoutLine: {'line': b'[  0%] Built target rosgraph_msgs_generate_messages_py\n'}
[15.702438] (race) StdoutLine: {'line': b'-- Found PCL_POINT_CLOUD_EDITOR: /usr/include/pcl-1.10  \n'}
[15.707361] (race) StdoutLine: {'line': b'-- looking for PCL_OUTOFCORE\n'}
[15.711825] (race) StdoutLine: {'line': b'-- Found PCL_OUTOFCORE: /usr/lib/x86_64-linux-gnu/libpcl_outofcore.so  \n'}
[15.723608] (race) StdoutLine: {'line': b'-- looking for PCL_PEOPLE\n'}
[15.732838] (race) StdoutLine: {'line': b'-- Found PCL_PEOPLE: /usr/lib/x86_64-linux-gnu/libpcl_people.so  \n'}
[15.739139] (race) StdoutLine: {'line': b'-- Found PCL: pcl_common;pcl_kdtree;pcl_octree;pcl_search;pcl_sample_consensus;pcl_filters;pcl_io;pcl_features;pcl_ml;pcl_segmentation;pcl_visualization;pcl_surface;pcl_registration;pcl_keypoints;pcl_tracking;pcl_recognition;pcl_stereo;pcl_apps;pcl_outofcore;pcl_people;/usr/lib/x86_64-linux-gnu/libboost_system.so;/usr/lib/x86_64-linux-gnu/libboost_filesystem.so;/usr/lib/x86_64-linux-gnu/libboost_date_time.so;/usr/lib/x86_64-linux-gnu/libboost_iostreams.so;/usr/lib/x86_64-linux-gnu/libboost_regex.so;optimized;/usr/lib/x86_64-linux-gnu/libqhull.so;debug;/usr/lib/x86_64-linux-gnu/libqhull.so;/usr/lib/libOpenNI.so;/usr/lib/libOpenNI2.so;vtkChartsCore;vtkCommonColor;vtkCommonCore;vtksys;vtkCommonDataModel;vtkCommonMath;vtkCommonMisc;vtkCommonSystem;vtkCommonTransforms;vtkCommonExecutionModel;vtkFiltersGeneral;vtkCommonComputationalGeometry;vtkFiltersCore;vtkInfovisCore;vtkFiltersExtraction;vtkFiltersStatistics;vtkImagingFourier;vtkImagingCore;vtkalglib;vtkRenderingContext2D;vtkRenderingCore;vtkFiltersGeometry;vtkFiltersSources;vtkRenderingFreeType;/usr/lib/x86_64-linux-gnu/libfreetype.so;/usr/lib/x86_64-linux-gnu/libz.so;vtkFiltersModeling;vtkImagingSources;vtkInteractionStyle;vtkInteractionWidgets;vtkFiltersHybrid;vtkImagingColor;vtkImagingGeneral;vtkImagingHybrid;vtkIOImage;vtkDICOMParser;vtkmetaio;/usr/lib/x86_64-linux-gnu/libjpeg.so;/usr/lib/x86_64-linux-gnu/libpng.so;/usr/lib/x86_64-linux-gnu/libtiff.so;vtkRenderingAnnotation;vtkRenderingVolume;vtkIOXML;vtkIOCore;vtkIOXMLParser;/usr/lib/x86_64-linux-gnu/libexpat.so;vtkIOGeometry;vtkIOLegacy;vtkIOPLY;vtkRenderingLOD;vtkViewsContext2D;vtkViewsCore;vtkRenderingContextOpenGL2;vtkRenderingOpenGL2;FLANN::FLANN  \n'}
[15.750802] (f110_rrt_star) StdoutLine: {'line': b'[  0%] Built target ackermann_msgs_generate_messages_lisp\n'}
[15.752363] (f110_rrt_star) StdoutLine: {'line': b'[  0%] Built target ackermann_msgs_generate_messages_eus\n'}
[15.771197] (-) TimerEvent: {}
[15.771784] (f110_rrt_star) StdoutLine: {'line': b'[  0%] Built target std_msgs_generate_messages_cpp\n'}
[15.774921] (f110_rrt_star) StdoutLine: {'line': b'[  0%] Built target std_msgs_generate_messages_py\n'}
[15.784148] (f110_rrt_star) StdoutLine: {'line': b'[  0%] Built target ackermann_msgs_generate_messages_nodejs\n'}
[15.793590] (racecar) JobEnded: {'identifier': 'racecar', 'rc': 0}
[15.804148] (f110_rrt_star) StdoutLine: {'line': b'\x1b[35m\x1b[1mScanning dependencies of target tf_generate_messages_eus\x1b[0m\n'}
[15.813915] (racecar_description) JobProgress: {'identifier': 'racecar_description', 'progress': 'cmake'}
[15.817895] (f110_rrt_star) StdoutLine: {'line': b'\x1b[35m\x1b[1mScanning dependencies of target rosgraph_msgs_generate_messages_lisp\x1b[0m\n'}
[15.848821] (f110_rrt_star) StdoutLine: {'line': b'\x1b[35m\x1b[1mScanning dependencies of target geometry_msgs_generate_messages_lisp\x1b[0m\n'}
[15.860389] (f110_rrt_star) StdoutLine: {'line': b'\x1b[35m\x1b[1mScanning dependencies of target tf_generate_messages_cpp\x1b[0m\n'}
[15.864056] (f110_rrt_star) StdoutLine: {'line': b'\x1b[35m\x1b[1mScanning dependencies of target actionlib_msgs_generate_messages_cpp\x1b[0m\n'}
[15.873325] (-) TimerEvent: {}
[15.882497] (racecar_description) Command: {'cmd': ['/usr/bin/cmake', '/home/Platooning-F1Tenth/src/simulator/racecar-simulator/racecar_description', '-DCATKIN_INSTALL_INTO_PREFIX_ROOT=0', '-DCMAKE_INSTALL_PREFIX=/home/Platooning-F1Tenth/install/racecar_description'], 'cwd': '/home/Platooning-F1Tenth/build/racecar_description', 'env': OrderedDict([('HOSTNAME', '6782ed5a9168'), ('ROS_PACKAGE_PATH', '/opt/ros/noetic/share'), ('ROS_ETC_DIR', '/opt/ros/noetic/etc/ros'), ('SHLVL', '1'), ('LD_LIBRARY_PATH', '/opt/ros/noetic/lib'), ('HOME', '/root'), ('OLDPWD', '/'), ('ROS_PYTHON_VERSION', '3'), ('ROS_DISTRO', 'noetic'), ('_', '/usr/bin/colcon'), ('ROS_VERSION', '1'), ('PKG_CONFIG_PATH', '/opt/ros/noetic/lib/pkgconfig'), ('TERM', 'xterm'), ('PATH', '/opt/ros/noetic/bin:/usr/local/sbin:/usr/local/bin:/usr/sbin:/usr/bin:/sbin:/bin'), ('LANG', 'C.UTF-8'), ('ROSLISP_PACKAGE_DIRECTORIES', ''), ('LS_COLORS', 'rs=0:di=01;34:ln=01;36:mh=00:pi=40;33:so=01;35:do=01;35:bd=40;33;01:cd=40;33;01:or=40;31;01:mi=00:su=37;41:sg=30;43:ca=30;41:tw=30;42:ow=34;42:st=37;44:ex=01;32:*.tar=01;31:*.tgz=01;31:*.arc=01;31:*.arj=01;31:*.taz=01;31:*.lha=01;31:*.lz4=01;31:*.lzh=01;31:*.lzma=01;31:*.tlz=01;31:*.txz=01;31:*.tzo=01;31:*.t7z=01;31:*.zip=01;31:*.z=01;31:*.dz=01;31:*.gz=01;31:*.lrz=01;31:*.lz=01;31:*.lzo=01;31:*.xz=01;31:*.zst=01;31:*.tzst=01;31:*.bz2=01;31:*.bz=01;31:*.tbz=01;31:*.tbz2=01;31:*.tz=01;31:*.deb=01;31:*.rpm=01;31:*.jar=01;31:*.war=01;31:*.ear=01;31:*.sar=01;31:*.rar=01;31:*.alz=01;31:*.ace=01;31:*.zoo=01;31:*.cpio=01;31:*.7z=01;31:*.rz=01;31:*.cab=01;31:*.wim=01;31:*.swm=01;31:*.dwm=01;31:*.esd=01;31:*.jpg=01;35:*.jpeg=01;35:*.mjpg=01;35:*.mjpeg=01;35:*.gif=01;35:*.bmp=01;35:*.pbm=01;35:*.pgm=01;35:*.ppm=01;35:*.tga=01;35:*.xbm=01;35:*.xpm=01;35:*.tif=01;35:*.tiff=01;35:*.png=01;35:*.svg=01;35:*.svgz=01;35:*.mng=01;35:*.pcx=01;35:*.mov=01;35:*.mpg=01;35:*.mpeg=01;35:*.m2v=01;35:*.mkv=01;35:*.webm=01;35:*.ogm=01;35:*.mp4=01;35:*.m4v=01;35:*.mp4v=01;35:*.vob=01;35:*.qt=01;35:*.nuv=01;35:*.wmv=01;35:*.asf=01;35:*.rm=01;35:*.rmvb=01;35:*.flc=01;35:*.avi=01;35:*.fli=01;35:*.flv=01;35:*.gl=01;35:*.dl=01;35:*.xcf=01;35:*.xwd=01;35:*.yuv=01;35:*.cgm=01;35:*.emf=01;35:*.ogv=01;35:*.ogx=01;35:*.aac=00;36:*.au=00;36:*.flac=00;36:*.m4a=00;36:*.mid=00;36:*.midi=00;36:*.mka=00;36:*.mp3=00;36:*.mpc=00;36:*.ogg=00;36:*.ra=00;36:*.wav=00;36:*.oga=00;36:*.opus=00;36:*.spx=00;36:*.xspf=00;36:'), ('ROS_ROOT', '/opt/ros/noetic/share/ros'), ('ROS_MASTER_URI', 'http://localhost:11311'), ('PWD', '/home/Platooning-F1Tenth/build/racecar_description'), ('LC_ALL', 'C.UTF-8'), ('PYTHONPATH', '/opt/ros/noetic/lib/python3/dist-packages'), ('COLCON', '1'), ('CMAKE_PREFIX_PATH', '/opt/ros/noetic')]), 'shell': False}
[15.908566] (ackermann_cmd_mux) StdoutLine: {'line': b'Generating reconfiguration files for reload in ackermann_cmd_mux\n'}
[15.912836] (rl) JobStarted: {'identifier': 'rl'}
[15.914083] (ackermann_cmd_mux) StdoutLine: {'line': b'Wrote header file in /home/Platooning-F1Tenth/build/ackermann_cmd_mux/devel/include/ackermann_cmd_mux/reloadConfig.h\n'}
[15.918042] (f110_rrt_star) StdoutLine: {'line': b'\x1b[35m\x1b[1mScanning dependencies of target visualization_msgs_generate_messages_nodejs\x1b[0m\n'}
[15.921824] (f110_rrt_star) StdoutLine: {'line': b'\x1b[35m\x1b[1mScanning dependencies of target rosgraph_msgs_generate_messages_nodejs\x1b[0m\n'}
[15.930224] (map_server2) CommandEnded: {'returncode': 0}
[15.938108] (f110_rrt_star) StdoutLine: {'line': b'\x1b[35m\x1b[1mScanning dependencies of target actionlib_msgs_generate_messages_py\x1b[0m\n'}
[15.951350] (map_server2) JobProgress: {'identifier': 'map_server2', 'progress': 'build'}
[15.951914] (map_server2) Command: {'cmd': ['/usr/bin/cmake', '--build', '/home/Platooning-F1Tenth/build/map_server2', '--', '-j10', '-l10'], 'cwd': '/home/Platooning-F1Tenth/build/map_server2', 'env': OrderedDict([('HOSTNAME', '6782ed5a9168'), ('ROS_PACKAGE_PATH', '/opt/ros/noetic/share'), ('ROS_ETC_DIR', '/opt/ros/noetic/etc/ros'), ('SHLVL', '1'), ('LD_LIBRARY_PATH', '/opt/ros/noetic/lib'), ('HOME', '/root'), ('OLDPWD', '/'), ('ROS_PYTHON_VERSION', '3'), ('ROS_DISTRO', 'noetic'), ('_', '/usr/bin/colcon'), ('ROS_VERSION', '1'), ('PKG_CONFIG_PATH', '/opt/ros/noetic/lib/pkgconfig'), ('TERM', 'xterm'), ('PATH', '/opt/ros/noetic/bin:/usr/local/sbin:/usr/local/bin:/usr/sbin:/usr/bin:/sbin:/bin'), ('LANG', 'C.UTF-8'), ('ROSLISP_PACKAGE_DIRECTORIES', ''), ('LS_COLORS', 'rs=0:di=01;34:ln=01;36:mh=00:pi=40;33:so=01;35:do=01;35:bd=40;33;01:cd=40;33;01:or=40;31;01:mi=00:su=37;41:sg=30;43:ca=30;41:tw=30;42:ow=34;42:st=37;44:ex=01;32:*.tar=01;31:*.tgz=01;31:*.arc=01;31:*.arj=01;31:*.taz=01;31:*.lha=01;31:*.lz4=01;31:*.lzh=01;31:*.lzma=01;31:*.tlz=01;31:*.txz=01;31:*.tzo=01;31:*.t7z=01;31:*.zip=01;31:*.z=01;31:*.dz=01;31:*.gz=01;31:*.lrz=01;31:*.lz=01;31:*.lzo=01;31:*.xz=01;31:*.zst=01;31:*.tzst=01;31:*.bz2=01;31:*.bz=01;31:*.tbz=01;31:*.tbz2=01;31:*.tz=01;31:*.deb=01;31:*.rpm=01;31:*.jar=01;31:*.war=01;31:*.ear=01;31:*.sar=01;31:*.rar=01;31:*.alz=01;31:*.ace=01;31:*.zoo=01;31:*.cpio=01;31:*.7z=01;31:*.rz=01;31:*.cab=01;31:*.wim=01;31:*.swm=01;31:*.dwm=01;31:*.esd=01;31:*.jpg=01;35:*.jpeg=01;35:*.mjpg=01;35:*.mjpeg=01;35:*.gif=01;35:*.bmp=01;35:*.pbm=01;35:*.pgm=01;35:*.ppm=01;35:*.tga=01;35:*.xbm=01;35:*.xpm=01;35:*.tif=01;35:*.tiff=01;35:*.png=01;35:*.svg=01;35:*.svgz=01;35:*.mng=01;35:*.pcx=01;35:*.mov=01;35:*.mpg=01;35:*.mpeg=01;35:*.m2v=01;35:*.mkv=01;35:*.webm=01;35:*.ogm=01;35:*.mp4=01;35:*.m4v=01;35:*.mp4v=01;35:*.vob=01;35:*.qt=01;35:*.nuv=01;35:*.wmv=01;35:*.asf=01;35:*.rm=01;35:*.rmvb=01;35:*.flc=01;35:*.avi=01;35:*.fli=01;35:*.flv=01;35:*.gl=01;35:*.dl=01;35:*.xcf=01;35:*.xwd=01;35:*.yuv=01;35:*.cgm=01;35:*.emf=01;35:*.ogv=01;35:*.ogx=01;35:*.aac=00;36:*.au=00;36:*.flac=00;36:*.m4a=00;36:*.mid=00;36:*.midi=00;36:*.mka=00;36:*.mp3=00;36:*.mpc=00;36:*.ogg=00;36:*.ra=00;36:*.wav=00;36:*.oga=00;36:*.opus=00;36:*.spx=00;36:*.xspf=00;36:'), ('ROS_ROOT', '/opt/ros/noetic/share/ros'), ('ROS_MASTER_URI', 'http://localhost:11311'), ('PWD', '/home/Platooning-F1Tenth/build/map_server2'), ('LC_ALL', 'C.UTF-8'), ('PYTHONPATH', '/opt/ros/noetic/lib/python3/dist-packages'), ('COLCON', '1'), ('CMAKE_PREFIX_PATH', '/opt/ros/noetic')]), 'shell': False}
[15.958553] (f110_rrt_star) StdoutLine: {'line': b'\x1b[35m\x1b[1mScanning dependencies of target std_msgs_generate_messages_lisp\x1b[0m\n'}
[15.960302] (f110_rrt_star) StdoutLine: {'line': b'\x1b[35m\x1b[1mScanning dependencies of target actionlib_generate_messages_cpp\x1b[0m\n'}
[15.963733] (pure_pursuit) CommandEnded: {'returncode': 0}
[15.972766] (f110_rrt_star) StdoutLine: {'line': b'[  0%] Built target tf_generate_messages_eus\n'}
[15.973725] (-) TimerEvent: {}
[15.975367] (f110_rrt_star) StdoutLine: {'line': b'[  0%] Built target rosgraph_msgs_generate_messages_lisp\n'}
[15.977874] (f110_rrt_star) StdoutLine: {'line': b'[  0%] Built target geometry_msgs_generate_messages_lisp\n'}
[15.986034] (f110_rrt_star) StdoutLine: {'line': b'[  0%] Built target tf_generate_messages_cpp\n'}
[15.994630] (f110_rrt_star) StdoutLine: {'line': b'[  0%] Built target actionlib_msgs_generate_messages_cpp\n'}
[16.000677] (ackermann_cmd_mux) StdoutLine: {'line': b'[ 25%] Built target ackermann_cmd_mux_gencfg\n'}
[16.007260] (f110_rrt_star) StdoutLine: {'line': b'[  0%] Built target rosgraph_msgs_generate_messages_nodejs\n'}
[16.008434] (f110_rrt_star) StdoutLine: {'line': b'[  0%] Built target std_msgs_generate_messages_lisp\n'}
[16.015214] (f110_rrt_star) StdoutLine: {'line': b'[  0%] Built target visualization_msgs_generate_messages_nodejs\n'}
[16.015687] (f110_rrt_star) StdoutLine: {'line': b'[  0%] Built target actionlib_msgs_generate_messages_py\n'}
[16.017403] (f110_rrt_star) StdoutLine: {'line': b'\x1b[35m\x1b[1mScanning dependencies of target roscpp_generate_messages_cpp\x1b[0m\n'}
[16.022196] (f110_rrt_star) StdoutLine: {'line': b'\x1b[35m\x1b[1mScanning dependencies of target visualization_msgs_generate_messages_py\x1b[0m\n'}
[16.031520] (f110_rrt_star) StdoutLine: {'line': b'[  0%] Built target actionlib_generate_messages_cpp\n'}
[16.038565] (f110_rrt_star) StdoutLine: {'line': b'\x1b[35m\x1b[1mScanning dependencies of target sensor_msgs_generate_messages_lisp\x1b[0m\n'}
[16.049519] (f110_rrt_star) StdoutLine: {'line': b'\x1b[35m\x1b[1mScanning dependencies of target visualization_msgs_generate_messages_cpp\x1b[0m\n'}
[16.050587] (f110_rrt_star) StdoutLine: {'line': b'\x1b[35m\x1b[1mScanning dependencies of target roscpp_generate_messages_nodejs\x1b[0m\n'}
[16.051640] (f110_rrt_star) StdoutLine: {'line': b'\x1b[35m\x1b[1mScanning dependencies of target sensor_msgs_generate_messages_eus\x1b[0m\n'}
[16.059617] (ackermann_cmd_mux) StdoutLine: {'line': b'\x1b[35m\x1b[1mScanning dependencies of target ackermann_cmd_mux_nodelet\x1b[0m\n'}
[16.068347] (f110_rrt_star) StdoutLine: {'line': b'\x1b[35m\x1b[1mScanning dependencies of target roscpp_generate_messages_py\x1b[0m\n'}
[16.077850] (-) TimerEvent: {}
[16.080764] (f110_rrt_star) StdoutLine: {'line': b'\x1b[35m\x1b[1mScanning dependencies of target actionlib_msgs_generate_messages_nodejs\x1b[0m\n'}
[16.095688] (f110_rrt_star) StdoutLine: {'line': b'\x1b[35m\x1b[1mScanning dependencies of target std_msgs_generate_messages_eus\x1b[0m\n'}
[16.106698] (race) StdoutLine: {'line': b'-- race: 10 messages, 0 services\n'}
[16.113806] (f110_rrt_star) StdoutLine: {'line': b'\x1b[35m\x1b[1mScanning dependencies of target actionlib_msgs_generate_messages_lisp\x1b[0m\n'}
[16.119829] (f110_rrt_star) StdoutLine: {'line': b'[  0%] Built target roscpp_generate_messages_cpp\n'}
[16.126001] (f110_rrt_star) StdoutLine: {'line': b'[  0%] Built target sensor_msgs_generate_messages_lisp\n'}
[16.134432] (f110_rrt_star) StdoutLine: {'line': b'[  0%] Built target visualization_msgs_generate_messages_py\n'}
[16.156518] (pure_pursuit) JobEnded: {'identifier': 'pure_pursuit', 'rc': 0}
[16.207014] (-) TimerEvent: {}
[16.217118] (multi_object_tracking_lidar) CommandEnded: {'returncode': 0}
[16.233470] (multi_object_tracking_lidar) JobProgress: {'identifier': 'multi_object_tracking_lidar', 'progress': 'build'}
[16.234321] (multi_object_tracking_lidar) Command: {'cmd': ['/usr/bin/cmake', '--build', '/home/Platooning-F1Tenth/build/multi_object_tracking_lidar', '--', '-j10', '-l10'], 'cwd': '/home/Platooning-F1Tenth/build/multi_object_tracking_lidar', 'env': OrderedDict([('HOSTNAME', '6782ed5a9168'), ('ROS_PACKAGE_PATH', '/opt/ros/noetic/share'), ('ROS_ETC_DIR', '/opt/ros/noetic/etc/ros'), ('SHLVL', '1'), ('LD_LIBRARY_PATH', '/opt/ros/noetic/lib'), ('HOME', '/root'), ('OLDPWD', '/'), ('ROS_PYTHON_VERSION', '3'), ('ROS_DISTRO', 'noetic'), ('_', '/usr/bin/colcon'), ('ROS_VERSION', '1'), ('PKG_CONFIG_PATH', '/opt/ros/noetic/lib/pkgconfig'), ('TERM', 'xterm'), ('PATH', '/opt/ros/noetic/bin:/usr/local/sbin:/usr/local/bin:/usr/sbin:/usr/bin:/sbin:/bin'), ('LANG', 'C.UTF-8'), ('ROSLISP_PACKAGE_DIRECTORIES', ''), ('LS_COLORS', 'rs=0:di=01;34:ln=01;36:mh=00:pi=40;33:so=01;35:do=01;35:bd=40;33;01:cd=40;33;01:or=40;31;01:mi=00:su=37;41:sg=30;43:ca=30;41:tw=30;42:ow=34;42:st=37;44:ex=01;32:*.tar=01;31:*.tgz=01;31:*.arc=01;31:*.arj=01;31:*.taz=01;31:*.lha=01;31:*.lz4=01;31:*.lzh=01;31:*.lzma=01;31:*.tlz=01;31:*.txz=01;31:*.tzo=01;31:*.t7z=01;31:*.zip=01;31:*.z=01;31:*.dz=01;31:*.gz=01;31:*.lrz=01;31:*.lz=01;31:*.lzo=01;31:*.xz=01;31:*.zst=01;31:*.tzst=01;31:*.bz2=01;31:*.bz=01;31:*.tbz=01;31:*.tbz2=01;31:*.tz=01;31:*.deb=01;31:*.rpm=01;31:*.jar=01;31:*.war=01;31:*.ear=01;31:*.sar=01;31:*.rar=01;31:*.alz=01;31:*.ace=01;31:*.zoo=01;31:*.cpio=01;31:*.7z=01;31:*.rz=01;31:*.cab=01;31:*.wim=01;31:*.swm=01;31:*.dwm=01;31:*.esd=01;31:*.jpg=01;35:*.jpeg=01;35:*.mjpg=01;35:*.mjpeg=01;35:*.gif=01;35:*.bmp=01;35:*.pbm=01;35:*.pgm=01;35:*.ppm=01;35:*.tga=01;35:*.xbm=01;35:*.xpm=01;35:*.tif=01;35:*.tiff=01;35:*.png=01;35:*.svg=01;35:*.svgz=01;35:*.mng=01;35:*.pcx=01;35:*.mov=01;35:*.mpg=01;35:*.mpeg=01;35:*.m2v=01;35:*.mkv=01;35:*.webm=01;35:*.ogm=01;35:*.mp4=01;35:*.m4v=01;35:*.mp4v=01;35:*.vob=01;35:*.qt=01;35:*.nuv=01;35:*.wmv=01;35:*.asf=01;35:*.rm=01;35:*.rmvb=01;35:*.flc=01;35:*.avi=01;35:*.fli=01;35:*.flv=01;35:*.gl=01;35:*.dl=01;35:*.xcf=01;35:*.xwd=01;35:*.yuv=01;35:*.cgm=01;35:*.emf=01;35:*.ogv=01;35:*.ogx=01;35:*.aac=00;36:*.au=00;36:*.flac=00;36:*.m4a=00;36:*.mid=00;36:*.midi=00;36:*.mka=00;36:*.mp3=00;36:*.mpc=00;36:*.ogg=00;36:*.ra=00;36:*.wav=00;36:*.oga=00;36:*.opus=00;36:*.spx=00;36:*.xspf=00;36:'), ('ROS_ROOT', '/opt/ros/noetic/share/ros'), ('ROS_MASTER_URI', 'http://localhost:11311'), ('PWD', '/home/Platooning-F1Tenth/build/multi_object_tracking_lidar'), ('LC_ALL', 'C.UTF-8'), ('PYTHONPATH', '/opt/ros/noetic/lib/python3/dist-packages'), ('COLCON', '1'), ('CMAKE_PREFIX_PATH', '/opt/ros/noetic')]), 'shell': False}
[16.246594] (f110_rrt_star) StdoutLine: {'line': b'[  0%] Built target visualization_msgs_generate_messages_cpp\n'}
[16.251746] (f110_rrt_star) StdoutLine: {'line': b'[  0%] Built target roscpp_generate_messages_nodejs\n'}
[16.275094] (racecar_gazebo) JobProgress: {'identifier': 'racecar_gazebo', 'progress': 'cmake'}
[16.276049] (racecar_gazebo) Command: {'cmd': ['/usr/bin/cmake', '/home/Platooning-F1Tenth/src/simulator/racecar-simulator/racecar_gazebo', '-DCATKIN_INSTALL_INTO_PREFIX_ROOT=0', '-DCMAKE_INSTALL_PREFIX=/home/Platooning-F1Tenth/install/racecar_gazebo'], 'cwd': '/home/Platooning-F1Tenth/build/racecar_gazebo', 'env': OrderedDict([('HOSTNAME', '6782ed5a9168'), ('ROS_PACKAGE_PATH', '/opt/ros/noetic/share'), ('ROS_ETC_DIR', '/opt/ros/noetic/etc/ros'), ('SHLVL', '1'), ('LD_LIBRARY_PATH', '/opt/ros/noetic/lib'), ('HOME', '/root'), ('OLDPWD', '/'), ('ROS_PYTHON_VERSION', '3'), ('ROS_DISTRO', 'noetic'), ('_', '/usr/bin/colcon'), ('ROS_VERSION', '1'), ('PKG_CONFIG_PATH', '/opt/ros/noetic/lib/pkgconfig'), ('TERM', 'xterm'), ('PATH', '/opt/ros/noetic/bin:/usr/local/sbin:/usr/local/bin:/usr/sbin:/usr/bin:/sbin:/bin'), ('LANG', 'C.UTF-8'), ('ROSLISP_PACKAGE_DIRECTORIES', ''), ('LS_COLORS', 'rs=0:di=01;34:ln=01;36:mh=00:pi=40;33:so=01;35:do=01;35:bd=40;33;01:cd=40;33;01:or=40;31;01:mi=00:su=37;41:sg=30;43:ca=30;41:tw=30;42:ow=34;42:st=37;44:ex=01;32:*.tar=01;31:*.tgz=01;31:*.arc=01;31:*.arj=01;31:*.taz=01;31:*.lha=01;31:*.lz4=01;31:*.lzh=01;31:*.lzma=01;31:*.tlz=01;31:*.txz=01;31:*.tzo=01;31:*.t7z=01;31:*.zip=01;31:*.z=01;31:*.dz=01;31:*.gz=01;31:*.lrz=01;31:*.lz=01;31:*.lzo=01;31:*.xz=01;31:*.zst=01;31:*.tzst=01;31:*.bz2=01;31:*.bz=01;31:*.tbz=01;31:*.tbz2=01;31:*.tz=01;31:*.deb=01;31:*.rpm=01;31:*.jar=01;31:*.war=01;31:*.ear=01;31:*.sar=01;31:*.rar=01;31:*.alz=01;31:*.ace=01;31:*.zoo=01;31:*.cpio=01;31:*.7z=01;31:*.rz=01;31:*.cab=01;31:*.wim=01;31:*.swm=01;31:*.dwm=01;31:*.esd=01;31:*.jpg=01;35:*.jpeg=01;35:*.mjpg=01;35:*.mjpeg=01;35:*.gif=01;35:*.bmp=01;35:*.pbm=01;35:*.pgm=01;35:*.ppm=01;35:*.tga=01;35:*.xbm=01;35:*.xpm=01;35:*.tif=01;35:*.tiff=01;35:*.png=01;35:*.svg=01;35:*.svgz=01;35:*.mng=01;35:*.pcx=01;35:*.mov=01;35:*.mpg=01;35:*.mpeg=01;35:*.m2v=01;35:*.mkv=01;35:*.webm=01;35:*.ogm=01;35:*.mp4=01;35:*.m4v=01;35:*.mp4v=01;35:*.vob=01;35:*.qt=01;35:*.nuv=01;35:*.wmv=01;35:*.asf=01;35:*.rm=01;35:*.rmvb=01;35:*.flc=01;35:*.avi=01;35:*.fli=01;35:*.flv=01;35:*.gl=01;35:*.dl=01;35:*.xcf=01;35:*.xwd=01;35:*.yuv=01;35:*.cgm=01;35:*.emf=01;35:*.ogv=01;35:*.ogx=01;35:*.aac=00;36:*.au=00;36:*.flac=00;36:*.m4a=00;36:*.mid=00;36:*.midi=00;36:*.mka=00;36:*.mp3=00;36:*.mpc=00;36:*.ogg=00;36:*.ra=00;36:*.wav=00;36:*.oga=00;36:*.opus=00;36:*.spx=00;36:*.xspf=00;36:'), ('ROS_ROOT', '/opt/ros/noetic/share/ros'), ('ROS_MASTER_URI', 'http://localhost:11311'), ('PWD', '/home/Platooning-F1Tenth/build/racecar_gazebo'), ('LC_ALL', 'C.UTF-8'), ('PYTHONPATH', '/opt/ros/noetic/lib/python3/dist-packages'), ('COLCON', '1'), ('CMAKE_PREFIX_PATH', '/opt/ros/noetic')]), 'shell': False}
[16.345733] (-) TimerEvent: {}
[16.346514] (f110_rrt_star) StdoutLine: {'line': b'[  0%] Built target sensor_msgs_generate_messages_eus\n'}
[16.348062] (rtreach) JobStarted: {'identifier': 'rtreach'}
[16.349669] (map_server2) StdoutLine: {'line': b'\x1b[35m\x1b[1mScanning dependencies of target tf_generate_messages_nodejs\x1b[0m\n'}
[16.351179] (map_server2) StdoutLine: {'line': b'\x1b[35m\x1b[1mScanning dependencies of target gtest\x1b[0m\n'}
[16.353730] (map_server2) StdoutLine: {'line': b'\x1b[35m\x1b[1mScanning dependencies of target actionlib_msgs_generate_messages_py\x1b[0m\n'}
[16.359359] (map_server2) StdoutLine: {'line': b'\x1b[35m\x1b[1mScanning dependencies of target geometry_msgs_generate_messages_eus\x1b[0m\n'}
[16.361241] (map_server2) StdoutLine: {'line': b'\x1b[35m\x1b[1mScanning dependencies of target rosgraph_msgs_generate_messages_nodejs\x1b[0m\n'}
[16.362021] (map_server2) StdoutLine: {'line': b'\x1b[35m\x1b[1mScanning dependencies of target std_msgs_generate_messages_nodejs\x1b[0m\n'}
[16.374914] (f110_rrt_star) StdoutLine: {'line': b'[  0%] Built target actionlib_msgs_generate_messages_lisp\n'}
[16.376044] (map_server2) StdoutLine: {'line': b'\x1b[35m\x1b[1mScanning dependencies of target actionlib_generate_messages_cpp\x1b[0m\n'}
[16.377392] (map_server2) StdoutLine: {'line': b'\x1b[35m\x1b[1mScanning dependencies of target std_msgs_generate_messages_py\x1b[0m\n'}
[16.384060] (map_server2) StdoutLine: {'line': b'\x1b[35m\x1b[1mScanning dependencies of target std_msgs_generate_messages_cpp\x1b[0m\n'}
[16.384460] (f110_rrt_star) StdoutLine: {'line': b'[  0%] Built target std_msgs_generate_messages_eus\n'}
[16.385199] (f110_rrt_star) StdoutLine: {'line': b'\x1b[35m\x1b[1mScanning dependencies of target tf_generate_messages_py\x1b[0m\n'}
[16.385508] (f110_rrt_star) StdoutLine: {'line': b'[  0%] Built target actionlib_msgs_generate_messages_nodejs\n'}
[16.387599] (f110_rrt_star) StdoutLine: {'line': b'[  0%] Built target roscpp_generate_messages_py\n'}
[16.394867] (rl) JobProgress: {'identifier': 'rl', 'progress': 'cmake'}
[16.427057] (rl) Command: {'cmd': ['/usr/bin/cmake', '/home/Platooning-F1Tenth/src/rl', '-DCATKIN_INSTALL_INTO_PREFIX_ROOT=0', '-DCMAKE_INSTALL_PREFIX=/home/Platooning-F1Tenth/install/rl'], 'cwd': '/home/Platooning-F1Tenth/build/rl', 'env': OrderedDict([('HOSTNAME', '6782ed5a9168'), ('ROS_PACKAGE_PATH', '/opt/ros/noetic/share'), ('ROS_ETC_DIR', '/opt/ros/noetic/etc/ros'), ('SHLVL', '1'), ('LD_LIBRARY_PATH', '/opt/ros/noetic/lib'), ('HOME', '/root'), ('OLDPWD', '/'), ('ROS_PYTHON_VERSION', '3'), ('ROS_DISTRO', 'noetic'), ('_', '/usr/bin/colcon'), ('ROS_VERSION', '1'), ('PKG_CONFIG_PATH', '/opt/ros/noetic/lib/pkgconfig'), ('TERM', 'xterm'), ('PATH', '/opt/ros/noetic/bin:/usr/local/sbin:/usr/local/bin:/usr/sbin:/usr/bin:/sbin:/bin'), ('LANG', 'C.UTF-8'), ('ROSLISP_PACKAGE_DIRECTORIES', ''), ('LS_COLORS', 'rs=0:di=01;34:ln=01;36:mh=00:pi=40;33:so=01;35:do=01;35:bd=40;33;01:cd=40;33;01:or=40;31;01:mi=00:su=37;41:sg=30;43:ca=30;41:tw=30;42:ow=34;42:st=37;44:ex=01;32:*.tar=01;31:*.tgz=01;31:*.arc=01;31:*.arj=01;31:*.taz=01;31:*.lha=01;31:*.lz4=01;31:*.lzh=01;31:*.lzma=01;31:*.tlz=01;31:*.txz=01;31:*.tzo=01;31:*.t7z=01;31:*.zip=01;31:*.z=01;31:*.dz=01;31:*.gz=01;31:*.lrz=01;31:*.lz=01;31:*.lzo=01;31:*.xz=01;31:*.zst=01;31:*.tzst=01;31:*.bz2=01;31:*.bz=01;31:*.tbz=01;31:*.tbz2=01;31:*.tz=01;31:*.deb=01;31:*.rpm=01;31:*.jar=01;31:*.war=01;31:*.ear=01;31:*.sar=01;31:*.rar=01;31:*.alz=01;31:*.ace=01;31:*.zoo=01;31:*.cpio=01;31:*.7z=01;31:*.rz=01;31:*.cab=01;31:*.wim=01;31:*.swm=01;31:*.dwm=01;31:*.esd=01;31:*.jpg=01;35:*.jpeg=01;35:*.mjpg=01;35:*.mjpeg=01;35:*.gif=01;35:*.bmp=01;35:*.pbm=01;35:*.pgm=01;35:*.ppm=01;35:*.tga=01;35:*.xbm=01;35:*.xpm=01;35:*.tif=01;35:*.tiff=01;35:*.png=01;35:*.svg=01;35:*.svgz=01;35:*.mng=01;35:*.pcx=01;35:*.mov=01;35:*.mpg=01;35:*.mpeg=01;35:*.m2v=01;35:*.mkv=01;35:*.webm=01;35:*.ogm=01;35:*.mp4=01;35:*.m4v=01;35:*.mp4v=01;35:*.vob=01;35:*.qt=01;35:*.nuv=01;35:*.wmv=01;35:*.asf=01;35:*.rm=01;35:*.rmvb=01;35:*.flc=01;35:*.avi=01;35:*.fli=01;35:*.flv=01;35:*.gl=01;35:*.dl=01;35:*.xcf=01;35:*.xwd=01;35:*.yuv=01;35:*.cgm=01;35:*.emf=01;35:*.ogv=01;35:*.ogx=01;35:*.aac=00;36:*.au=00;36:*.flac=00;36:*.m4a=00;36:*.mid=00;36:*.midi=00;36:*.mka=00;36:*.mp3=00;36:*.mpc=00;36:*.ogg=00;36:*.ra=00;36:*.wav=00;36:*.oga=00;36:*.opus=00;36:*.spx=00;36:*.xspf=00;36:'), ('ROS_ROOT', '/opt/ros/noetic/share/ros'), ('ROS_MASTER_URI', 'http://localhost:11311'), ('PWD', '/home/Platooning-F1Tenth/build/rl'), ('LC_ALL', 'C.UTF-8'), ('PYTHONPATH', '/opt/ros/noetic/lib/python3/dist-packages'), ('COLCON', '1'), ('CMAKE_PREFIX_PATH', '/opt/ros/noetic')]), 'shell': False}
[16.456109] (-) TimerEvent: {}
[16.456440] (f110_rrt_star) StdoutLine: {'line': b'\x1b[35m\x1b[1mScanning dependencies of target nav_msgs_generate_messages_nodejs\x1b[0m\n'}
[16.479408] (computer_vision) StdoutLine: {'line': b'-- Build files have been written to: /home/Platooning-F1Tenth/build/computer_vision\n'}
[16.493654] (f110_rrt_star) StdoutLine: {'line': b'\x1b[35m\x1b[1mScanning dependencies of target rosgraph_msgs_generate_messages_cpp\x1b[0m\n'}
[16.501765] (computer_vision) CommandEnded: {'returncode': 0}
[16.512598] (computer_vision) JobProgress: {'identifier': 'computer_vision', 'progress': 'build'}
[16.515380] (map_server2) StdoutLine: {'line': b'[  0%] Built target tf_generate_messages_nodejs\n'}
[16.530321] (f110_rrt_star) StdoutLine: {'line': b'\x1b[35m\x1b[1mScanning dependencies of target actionlib_generate_messages_eus\x1b[0m\n'}
[16.548846] (computer_vision) Command: {'cmd': ['/usr/bin/cmake', '--build', '/home/Platooning-F1Tenth/build/computer_vision', '--', '-j10', '-l10'], 'cwd': '/home/Platooning-F1Tenth/build/computer_vision', 'env': OrderedDict([('HOSTNAME', '6782ed5a9168'), ('ROS_PACKAGE_PATH', '/opt/ros/noetic/share'), ('ROS_ETC_DIR', '/opt/ros/noetic/etc/ros'), ('SHLVL', '1'), ('LD_LIBRARY_PATH', '/opt/ros/noetic/lib'), ('HOME', '/root'), ('OLDPWD', '/'), ('ROS_PYTHON_VERSION', '3'), ('ROS_DISTRO', 'noetic'), ('_', '/usr/bin/colcon'), ('ROS_VERSION', '1'), ('PKG_CONFIG_PATH', '/opt/ros/noetic/lib/pkgconfig'), ('TERM', 'xterm'), ('PATH', '/opt/ros/noetic/bin:/usr/local/sbin:/usr/local/bin:/usr/sbin:/usr/bin:/sbin:/bin'), ('LANG', 'C.UTF-8'), ('ROSLISP_PACKAGE_DIRECTORIES', ''), ('LS_COLORS', 'rs=0:di=01;34:ln=01;36:mh=00:pi=40;33:so=01;35:do=01;35:bd=40;33;01:cd=40;33;01:or=40;31;01:mi=00:su=37;41:sg=30;43:ca=30;41:tw=30;42:ow=34;42:st=37;44:ex=01;32:*.tar=01;31:*.tgz=01;31:*.arc=01;31:*.arj=01;31:*.taz=01;31:*.lha=01;31:*.lz4=01;31:*.lzh=01;31:*.lzma=01;31:*.tlz=01;31:*.txz=01;31:*.tzo=01;31:*.t7z=01;31:*.zip=01;31:*.z=01;31:*.dz=01;31:*.gz=01;31:*.lrz=01;31:*.lz=01;31:*.lzo=01;31:*.xz=01;31:*.zst=01;31:*.tzst=01;31:*.bz2=01;31:*.bz=01;31:*.tbz=01;31:*.tbz2=01;31:*.tz=01;31:*.deb=01;31:*.rpm=01;31:*.jar=01;31:*.war=01;31:*.ear=01;31:*.sar=01;31:*.rar=01;31:*.alz=01;31:*.ace=01;31:*.zoo=01;31:*.cpio=01;31:*.7z=01;31:*.rz=01;31:*.cab=01;31:*.wim=01;31:*.swm=01;31:*.dwm=01;31:*.esd=01;31:*.jpg=01;35:*.jpeg=01;35:*.mjpg=01;35:*.mjpeg=01;35:*.gif=01;35:*.bmp=01;35:*.pbm=01;35:*.pgm=01;35:*.ppm=01;35:*.tga=01;35:*.xbm=01;35:*.xpm=01;35:*.tif=01;35:*.tiff=01;35:*.png=01;35:*.svg=01;35:*.svgz=01;35:*.mng=01;35:*.pcx=01;35:*.mov=01;35:*.mpg=01;35:*.mpeg=01;35:*.m2v=01;35:*.mkv=01;35:*.webm=01;35:*.ogm=01;35:*.mp4=01;35:*.m4v=01;35:*.mp4v=01;35:*.vob=01;35:*.qt=01;35:*.nuv=01;35:*.wmv=01;35:*.asf=01;35:*.rm=01;35:*.rmvb=01;35:*.flc=01;35:*.avi=01;35:*.fli=01;35:*.flv=01;35:*.gl=01;35:*.dl=01;35:*.xcf=01;35:*.xwd=01;35:*.yuv=01;35:*.cgm=01;35:*.emf=01;35:*.ogv=01;35:*.ogx=01;35:*.aac=00;36:*.au=00;36:*.flac=00;36:*.m4a=00;36:*.mid=00;36:*.midi=00;36:*.mka=00;36:*.mp3=00;36:*.mpc=00;36:*.ogg=00;36:*.ra=00;36:*.wav=00;36:*.oga=00;36:*.opus=00;36:*.spx=00;36:*.xspf=00;36:'), ('ROS_ROOT', '/opt/ros/noetic/share/ros'), ('ROS_MASTER_URI', 'http://localhost:11311'), ('PWD', '/home/Platooning-F1Tenth/build/computer_vision'), ('LC_ALL', 'C.UTF-8'), ('PYTHONPATH', '/opt/ros/noetic/lib/python3/dist-packages'), ('COLCON', '1'), ('CMAKE_PREFIX_PATH', '/opt/ros/noetic')]), 'shell': False}
[16.555336] (map_server2) StdoutLine: {'line': b'\x1b[35m\x1b[1mScanning dependencies of target tf2_msgs_generate_messages_cpp\x1b[0m\n'}
[16.559987] (-) TimerEvent: {}
[16.569986] (map_server2) StdoutLine: {'line': b'[  0%] Built target rosgraph_msgs_generate_messages_nodejs\n'}
[16.571557] (map_server2) StdoutLine: {'line': b'[  0%] Built target actionlib_msgs_generate_messages_py\n'}
[16.575924] (f110_rrt_star) StdoutLine: {'line': b'\x1b[35m\x1b[1mScanning dependencies of target tf_generate_messages_lisp\x1b[0m\n'}
[16.579903] (map_server2) StdoutLine: {'line': b'[  0%] Built target std_msgs_generate_messages_py\n'}
[16.582555] (f110_rrt_star) StdoutLine: {'line': b'\x1b[35m\x1b[1mScanning dependencies of target sensor_msgs_generate_messages_nodejs\x1b[0m\n'}
[16.585976] (f110_rrt_star) StdoutLine: {'line': b'\x1b[35m\x1b[1mScanning dependencies of target sensor_msgs_generate_messages_cpp\x1b[0m\n'}
[16.590081] (map_server2) StdoutLine: {'line': b'[  0%] Built target std_msgs_generate_messages_cpp\n'}
[16.590893] (rtreach) JobProgress: {'identifier': 'rtreach', 'progress': 'cmake'}
[16.591119] (map_server2) StdoutLine: {'line': b'[  0%] Built target actionlib_generate_messages_cpp\n'}
[16.621275] (rtreach) Command: {'cmd': ['/usr/bin/cmake', '/home/Platooning-F1Tenth/src/rtreach', '-DCATKIN_INSTALL_INTO_PREFIX_ROOT=0', '-DCMAKE_INSTALL_PREFIX=/home/Platooning-F1Tenth/install/rtreach'], 'cwd': '/home/Platooning-F1Tenth/build/rtreach', 'env': OrderedDict([('HOSTNAME', '6782ed5a9168'), ('ROS_PACKAGE_PATH', '/opt/ros/noetic/share'), ('ROS_ETC_DIR', '/opt/ros/noetic/etc/ros'), ('SHLVL', '1'), ('LD_LIBRARY_PATH', '/opt/ros/noetic/lib'), ('HOME', '/root'), ('OLDPWD', '/'), ('ROS_PYTHON_VERSION', '3'), ('ROS_DISTRO', 'noetic'), ('_', '/usr/bin/colcon'), ('ROS_VERSION', '1'), ('PKG_CONFIG_PATH', '/opt/ros/noetic/lib/pkgconfig'), ('TERM', 'xterm'), ('PATH', '/opt/ros/noetic/bin:/usr/local/sbin:/usr/local/bin:/usr/sbin:/usr/bin:/sbin:/bin'), ('LANG', 'C.UTF-8'), ('ROSLISP_PACKAGE_DIRECTORIES', ''), ('LS_COLORS', 'rs=0:di=01;34:ln=01;36:mh=00:pi=40;33:so=01;35:do=01;35:bd=40;33;01:cd=40;33;01:or=40;31;01:mi=00:su=37;41:sg=30;43:ca=30;41:tw=30;42:ow=34;42:st=37;44:ex=01;32:*.tar=01;31:*.tgz=01;31:*.arc=01;31:*.arj=01;31:*.taz=01;31:*.lha=01;31:*.lz4=01;31:*.lzh=01;31:*.lzma=01;31:*.tlz=01;31:*.txz=01;31:*.tzo=01;31:*.t7z=01;31:*.zip=01;31:*.z=01;31:*.dz=01;31:*.gz=01;31:*.lrz=01;31:*.lz=01;31:*.lzo=01;31:*.xz=01;31:*.zst=01;31:*.tzst=01;31:*.bz2=01;31:*.bz=01;31:*.tbz=01;31:*.tbz2=01;31:*.tz=01;31:*.deb=01;31:*.rpm=01;31:*.jar=01;31:*.war=01;31:*.ear=01;31:*.sar=01;31:*.rar=01;31:*.alz=01;31:*.ace=01;31:*.zoo=01;31:*.cpio=01;31:*.7z=01;31:*.rz=01;31:*.cab=01;31:*.wim=01;31:*.swm=01;31:*.dwm=01;31:*.esd=01;31:*.jpg=01;35:*.jpeg=01;35:*.mjpg=01;35:*.mjpeg=01;35:*.gif=01;35:*.bmp=01;35:*.pbm=01;35:*.pgm=01;35:*.ppm=01;35:*.tga=01;35:*.xbm=01;35:*.xpm=01;35:*.tif=01;35:*.tiff=01;35:*.png=01;35:*.svg=01;35:*.svgz=01;35:*.mng=01;35:*.pcx=01;35:*.mov=01;35:*.mpg=01;35:*.mpeg=01;35:*.m2v=01;35:*.mkv=01;35:*.webm=01;35:*.ogm=01;35:*.mp4=01;35:*.m4v=01;35:*.mp4v=01;35:*.vob=01;35:*.qt=01;35:*.nuv=01;35:*.wmv=01;35:*.asf=01;35:*.rm=01;35:*.rmvb=01;35:*.flc=01;35:*.avi=01;35:*.fli=01;35:*.flv=01;35:*.gl=01;35:*.dl=01;35:*.xcf=01;35:*.xwd=01;35:*.yuv=01;35:*.cgm=01;35:*.emf=01;35:*.ogv=01;35:*.ogx=01;35:*.aac=00;36:*.au=00;36:*.flac=00;36:*.m4a=00;36:*.mid=00;36:*.midi=00;36:*.mka=00;36:*.mp3=00;36:*.mpc=00;36:*.ogg=00;36:*.ra=00;36:*.wav=00;36:*.oga=00;36:*.opus=00;36:*.spx=00;36:*.xspf=00;36:'), ('ROS_ROOT', '/opt/ros/noetic/share/ros'), ('ROS_MASTER_URI', 'http://localhost:11311'), ('PWD', '/home/Platooning-F1Tenth/build/rtreach'), ('LC_ALL', 'C.UTF-8'), ('PYTHONPATH', '/opt/ros/noetic/lib/python3/dist-packages'), ('COLCON', '1'), ('CMAKE_PREFIX_PATH', '/opt/ros/noetic')]), 'shell': False}
[16.641782] (f110_rrt_star) StdoutLine: {'line': b'[  0%] Built target tf_generate_messages_py\n'}
[16.648603] (map_server2) StdoutLine: {'line': b'[  0%] Built target std_msgs_generate_messages_nodejs\n'}
[16.658802] (f110_rrt_star) StdoutLine: {'line': b'\x1b[35m\x1b[1mScanning dependencies of target ackermann_msgs_generate_messages_cpp\x1b[0m\n'}
[16.660031] (-) TimerEvent: {}
[16.684201] (f110_rrt_star) StdoutLine: {'line': b'\x1b[35m\x1b[1mScanning dependencies of target nav_msgs_generate_messages_py\x1b[0m\n'}
[16.698376] (map_server2) StdoutLine: {'line': b'[  0%] Built target geometry_msgs_generate_messages_eus\n'}
[16.710144] (racecar_description) StdoutLine: {'line': b'-- The C compiler identification is GNU 9.4.0\n'}
[16.717580] (map_server2) StdoutLine: {'line': b'[  9%] \x1b[32mBuilding CXX object gtest/googletest/CMakeFiles/gtest.dir/src/gtest-all.cc.o\x1b[0m\n'}
[16.745338] (map_server2) StdoutLine: {'line': b'\x1b[35m\x1b[1mScanning dependencies of target roscpp_generate_messages_lisp\x1b[0m\n'}
[16.757289] (map_server2) StdoutLine: {'line': b'\x1b[35m\x1b[1mScanning dependencies of target actionlib_generate_messages_lisp\x1b[0m\n'}
[16.769010] (-) TimerEvent: {}
[16.772267] (f110_rrt_star) StdoutLine: {'line': b'\x1b[35m\x1b[1mScanning dependencies of target tf_generate_messages_nodejs\x1b[0m\n'}
[16.783458] (f110_rrt_star) StdoutLine: {'line': b'[  0%] Built target nav_msgs_generate_messages_nodejs\n'}
[16.799666] (f110_rrt_star) StdoutLine: {'line': b'[  0%] Built target actionlib_generate_messages_eus\n'}
[16.812903] (f110_rrt_star) StdoutLine: {'line': b'[  0%] Built target rosgraph_msgs_generate_messages_cpp\n'}
[16.825767] (map_server2) StdoutLine: {'line': b'\x1b[35m\x1b[1mScanning dependencies of target rosgraph_msgs_generate_messages_lisp\x1b[0m\n'}
[16.844009] (map_server2) StdoutLine: {'line': b'\x1b[35m\x1b[1mScanning dependencies of target std_msgs_generate_messages_lisp\x1b[0m\n'}
[16.851364] (map_server2) StdoutLine: {'line': b'[  9%] Built target tf2_msgs_generate_messages_cpp\n'}
[16.881054] (-) TimerEvent: {}
[16.881705] (map_server2) StdoutLine: {'line': b'\x1b[35m\x1b[1mScanning dependencies of target tf_generate_messages_eus\x1b[0m\n'}
[16.887649] (f110_rrt_star) StdoutLine: {'line': b'[  0%] Built target sensor_msgs_generate_messages_cpp\n'}
[16.893024] (f110_rrt_star) StdoutLine: {'line': b'[  0%] Built target tf_generate_messages_lisp\n'}
[16.906131] (f110_rrt_star) StdoutLine: {'line': b'[  0%] Built target sensor_msgs_generate_messages_nodejs\n'}
[16.913190] (map_server2) StdoutLine: {'line': b'\x1b[35m\x1b[1mScanning dependencies of target actionlib_msgs_generate_messages_eus\x1b[0m\n'}
[16.917863] (map_server2) StdoutLine: {'line': b'\x1b[35m\x1b[1mScanning dependencies of target rosgraph_msgs_generate_messages_py\x1b[0m\n'}
[16.955133] (f110_rrt_star) StdoutLine: {'line': b'[  0%] Built target ackermann_msgs_generate_messages_cpp\n'}
[16.962687] (ackermann_cmd_mux) StdoutLine: {'line': b'[ 50%] \x1b[32mBuilding CXX object CMakeFiles/ackermann_cmd_mux_nodelet.dir/src/ackermann_cmd_subscribers.cpp.o\x1b[0m\n'}
[16.981775] (map_server2) StdoutLine: {'line': b'\x1b[35m\x1b[1mScanning dependencies of target roscpp_generate_messages_py\x1b[0m\n'}
[16.992234] (-) TimerEvent: {}
[17.002327] (ackermann_cmd_mux) StdoutLine: {'line': b'[ 75%] \x1b[32mBuilding CXX object CMakeFiles/ackermann_cmd_mux_nodelet.dir/src/ackermann_cmd_mux_nodelet.cpp.o\x1b[0m\n'}
[17.009206] (f110_rrt_star) StdoutLine: {'line': b'[  0%] Built target tf_generate_messages_nodejs\n'}
[17.022725] (f110_rrt_star) StdoutLine: {'line': b'[  0%] Built target nav_msgs_generate_messages_py\n'}
[17.034132] (map_server2) StdoutLine: {'line': b'[  9%] Built target actionlib_generate_messages_lisp\n'}
[17.044316] (map_server2) StdoutLine: {'line': b'\x1b[35m\x1b[1mScanning dependencies of target roscpp_generate_messages_cpp\x1b[0m\n'}
[17.051101] (map_server2) StdoutLine: {'line': b'[  9%] Built target roscpp_generate_messages_lisp\n'}
[17.083833] (map_server2) StdoutLine: {'line': b'[  9%] Built target actionlib_msgs_generate_messages_eus\n'}
[17.087219] (map_server2) StdoutLine: {'line': b'[  9%] Built target std_msgs_generate_messages_lisp\n'}
[17.097406] (-) TimerEvent: {}
[17.129061] (map_server2) StdoutLine: {'line': b'[  9%] Built target roscpp_generate_messages_py\n'}
[17.133125] (map_server2) StdoutLine: {'line': b'[  9%] Built target rosgraph_msgs_generate_messages_py\n'}
[17.145052] (map_server2) StdoutLine: {'line': b'[  9%] Built target tf_generate_messages_eus\n'}
[17.159186] (map_server2) StdoutLine: {'line': b'[  9%] Built target rosgraph_msgs_generate_messages_lisp\n'}
[17.177260] (map_server2) StdoutLine: {'line': b'\x1b[35m\x1b[1mScanning dependencies of target roscpp_generate_messages_eus\x1b[0m\n'}
[17.193330] (f110_rrt_star) StdoutLine: {'line': b'\x1b[35m\x1b[1mScanning dependencies of target rrt_node\x1b[0m\n'}
[17.201637] (-) TimerEvent: {}
[17.204181] (multi_object_tracking_lidar) StdoutLine: {'line': b'\x1b[35m\x1b[1mScanning dependencies of target kf_tracker\x1b[0m\n'}
[17.232757] (map_server2) StdoutLine: {'line': b'\x1b[35m\x1b[1mScanning dependencies of target tf2_msgs_generate_messages_py\x1b[0m\n'}
[17.274007] (map_server2) StdoutLine: {'line': b'[  9%] Built target roscpp_generate_messages_cpp\n'}
[17.297017] (map_server2) StdoutLine: {'line': b'\x1b[35m\x1b[1mScanning dependencies of target geometry_msgs_generate_messages_cpp\x1b[0m\n'}
[17.305659] (-) TimerEvent: {}
[17.325564] (map_server2) StdoutLine: {'line': b'\x1b[35m\x1b[1mScanning dependencies of target geometry_msgs_generate_messages_nodejs\x1b[0m\n'}
[17.331266] (map_server2) StdoutLine: {'line': b'\x1b[35m\x1b[1mScanning dependencies of target tf_generate_messages_cpp\x1b[0m\n'}
[17.367152] (map_server2) StdoutLine: {'line': b'[  9%] Built target roscpp_generate_messages_eus\n'}
[17.371897] (map_server2) StdoutLine: {'line': b'\x1b[35m\x1b[1mScanning dependencies of target rosgraph_msgs_generate_messages_eus\x1b[0m\n'}
[17.375667] (map_server2) StdoutLine: {'line': b'\x1b[35m\x1b[1mScanning dependencies of target roscpp_generate_messages_nodejs\x1b[0m\n'}
[17.379184] (map_server2) StdoutLine: {'line': b'\x1b[35m\x1b[1mScanning dependencies of target geometry_msgs_generate_messages_lisp\x1b[0m\n'}
[17.401936] (map_server2) StdoutLine: {'line': b'[  9%] Built target tf2_msgs_generate_messages_py\n'}
[17.407695] (-) TimerEvent: {}
[17.409084] (map_server2) StdoutLine: {'line': b'\x1b[35m\x1b[1mScanning dependencies of target nav_msgs_generate_messages_cpp\x1b[0m\n'}
[17.435432] (racecar_description) StdoutLine: {'line': b'-- The CXX compiler identification is GNU 9.4.0\n'}
[17.468397] (racecar_description) StdoutLine: {'line': b'-- Check for working C compiler: /usr/bin/cc\n'}
[17.476492] (map_server2) StdoutLine: {'line': b'[  9%] Built target geometry_msgs_generate_messages_cpp\n'}
[17.481911] (race) StdoutLine: {'line': b'-- Configuring done\n'}
[17.501247] (map_server2) StdoutLine: {'line': b'[  9%] Built target tf_generate_messages_cpp\n'}
[17.512671] (-) TimerEvent: {}
[17.538430] (map_server2) StdoutLine: {'line': b'[  9%] Built target geometry_msgs_generate_messages_lisp\n'}
[17.539560] (map_server2) StdoutLine: {'line': b'[  9%] Built target rosgraph_msgs_generate_messages_eus\n'}
[17.541195] (map_server2) StdoutLine: {'line': b'[  9%] Built target geometry_msgs_generate_messages_nodejs\n'}
[17.544783] (map_server2) StdoutLine: {'line': b'[  9%] Built target roscpp_generate_messages_nodejs\n'}
[17.566704] (map_server2) StdoutLine: {'line': b'\x1b[35m\x1b[1mScanning dependencies of target tf2_msgs_generate_messages_eus\x1b[0m\n'}
[17.571681] (map_server2) StdoutLine: {'line': b'[  9%] Built target nav_msgs_generate_messages_cpp\n'}
[17.574448] (map_server2) StdoutLine: {'line': b'\x1b[35m\x1b[1mScanning dependencies of target sensor_msgs_generate_messages_py\x1b[0m\n'}
[17.613675] (-) TimerEvent: {}
[17.660884] (map_server2) StdoutLine: {'line': b'\x1b[35m\x1b[1mScanning dependencies of target nav_msgs_generate_messages_nodejs\x1b[0m\n'}
[17.674919] (map_server2) StdoutLine: {'line': b'\x1b[35m\x1b[1mScanning dependencies of target nav_msgs_generate_messages_py\x1b[0m\n'}
[17.700304] (map_server2) StdoutLine: {'line': b'\x1b[35m\x1b[1mScanning dependencies of target tf_generate_messages_lisp\x1b[0m\n'}
[17.704982] (map_server2) StdoutLine: {'line': b'\x1b[35m\x1b[1mScanning dependencies of target sensor_msgs_generate_messages_nodejs\x1b[0m\n'}
[17.714100] (-) TimerEvent: {}
[17.721129] (map_server2) StdoutLine: {'line': b'[  9%] Built target sensor_msgs_generate_messages_py\n'}
[17.730741] (racecar_gazebo) StdoutLine: {'line': b'-- The C compiler identification is GNU 9.4.0\n'}
[17.739920] (map_server2) StdoutLine: {'line': b'\x1b[35m\x1b[1mScanning dependencies of target sensor_msgs_generate_messages_cpp\x1b[0m\n'}
[17.744523] (map_server2) StdoutLine: {'line': b'\x1b[35m\x1b[1mScanning dependencies of target sensor_msgs_generate_messages_lisp\x1b[0m\n'}
[17.749047] (map_server2) StdoutLine: {'line': b'[  9%] Built target tf2_msgs_generate_messages_eus\n'}
[17.754345] (map_server2) StdoutLine: {'line': b'\x1b[35m\x1b[1mScanning dependencies of target sensor_msgs_generate_messages_eus\x1b[0m\n'}
[17.795571] (map_server2) StdoutLine: {'line': b'[  9%] Built target nav_msgs_generate_messages_nodejs\n'}
[17.815779] (-) TimerEvent: {}
[17.887004] (f110_rrt_star) StdoutLine: {'line': b'[ 33%] \x1b[32mBuilding CXX object CMakeFiles/rrt_node.dir/node/rrt_node.cpp.o\x1b[0m\n'}
[17.900449] (f110_rrt_star) StdoutLine: {'line': b'[ 66%] \x1b[32mBuilding CXX object CMakeFiles/rrt_node.dir/src/rrt.cpp.o\x1b[0m\n'}
[17.904555] (map_server2) StdoutLine: {'line': b'\x1b[35m\x1b[1mScanning dependencies of target rosgraph_msgs_generate_messages_cpp\x1b[0m\n'}
[17.914411] (map_server2) StdoutLine: {'line': b'\x1b[35m\x1b[1mScanning dependencies of target actionlib_generate_messages_eus\x1b[0m\n'}
[17.925121] (-) TimerEvent: {}
[17.925634] (map_server2) StdoutLine: {'line': b'[  9%] Built target sensor_msgs_generate_messages_cpp\n'}
[17.932620] (map_server2) StdoutLine: {'line': b'[  9%] Built target tf_generate_messages_lisp\n'}
[17.940526] (map_server2) StdoutLine: {'line': b'[  9%] Built target sensor_msgs_generate_messages_lisp\n'}
[17.950429] (map_server2) StdoutLine: {'line': b'[  9%] Built target sensor_msgs_generate_messages_eus\n'}
[17.953134] (map_server2) StdoutLine: {'line': b'[  9%] Built target nav_msgs_generate_messages_py\n'}
[17.954528] (map_server2) StdoutLine: {'line': b'[  9%] Built target sensor_msgs_generate_messages_nodejs\n'}
[17.995563] (map_server2) StdoutLine: {'line': b'\x1b[35m\x1b[1mScanning dependencies of target actionlib_msgs_generate_messages_cpp\x1b[0m\n'}
[18.026554] (-) TimerEvent: {}
[18.122231] (map_server2) StdoutLine: {'line': b'[  9%] Built target rosgraph_msgs_generate_messages_cpp\n'}
[18.126799] (map_server2) StdoutLine: {'line': b'[  9%] Built target actionlib_generate_messages_eus\n'}
[18.132515] (-) TimerEvent: {}
[18.146236] (map_server2) StdoutLine: {'line': b'\x1b[35m\x1b[1mScanning dependencies of target actionlib_generate_messages_nodejs\x1b[0m\n'}
[18.159565] (map_server2) StdoutLine: {'line': b'[  9%] Built target actionlib_msgs_generate_messages_cpp\n'}
[18.168108] (map_server2) StdoutLine: {'line': b'\x1b[35m\x1b[1mScanning dependencies of target actionlib_generate_messages_py\x1b[0m\n'}
[18.232803] (-) TimerEvent: {}
[18.239445] (map_server2) StdoutLine: {'line': b'\x1b[35m\x1b[1mScanning dependencies of target actionlib_msgs_generate_messages_lisp\x1b[0m\n'}
[18.245807] (map_server2) StdoutLine: {'line': b'\x1b[35m\x1b[1mScanning dependencies of target std_msgs_generate_messages_eus\x1b[0m\n'}
[18.264570] (map_server2) StdoutLine: {'line': b'\x1b[35m\x1b[1mScanning dependencies of target actionlib_msgs_generate_messages_nodejs\x1b[0m\n'}
[18.293417] (map_server2) StdoutLine: {'line': b'\x1b[35m\x1b[1mScanning dependencies of target tf_generate_messages_py\x1b[0m\n'}
[18.310415] (map_server2) StdoutLine: {'line': b'[  9%] Built target actionlib_generate_messages_nodejs\n'}
[18.334037] (map_server2) StdoutLine: {'line': b'\x1b[35m\x1b[1mScanning dependencies of target nav_msgs_generate_messages_eus\x1b[0m\n'}
[18.336765] (-) TimerEvent: {}
[18.339563] (map_server2) StdoutLine: {'line': b'\x1b[35m\x1b[1mScanning dependencies of target geometry_msgs_generate_messages_py\x1b[0m\n'}
[18.379861] (map_server2) StdoutLine: {'line': b'[  9%] Built target actionlib_msgs_generate_messages_lisp\n'}
[18.437619] (-) TimerEvent: {}
[18.442877] (map_server2) StdoutLine: {'line': b'[  9%] Built target std_msgs_generate_messages_eus\n'}
[18.449525] (map_server2) StdoutLine: {'line': b'[  9%] Built target actionlib_generate_messages_py\n'}
[18.458124] (map_server2) StdoutLine: {'line': b'[  9%] Built target actionlib_msgs_generate_messages_nodejs\n'}
[18.487935] (map_server2) StdoutLine: {'line': b'\x1b[35m\x1b[1mScanning dependencies of target tf2_msgs_generate_messages_lisp\x1b[0m\n'}
[18.494586] (racecar_gazebo) StdoutLine: {'line': b'-- The CXX compiler identification is GNU 9.4.0\n'}
[18.514776] (racecar_gazebo) StdoutLine: {'line': b'-- Check for working C compiler: /usr/bin/cc\n'}
[18.535156] (map_server2) StdoutLine: {'line': b'[  9%] Built target nav_msgs_generate_messages_eus\n'}
[18.538119] (-) TimerEvent: {}
[18.605211] (map_server2) StdoutLine: {'line': b'\x1b[35m\x1b[1mScanning dependencies of target tf2_msgs_generate_messages_nodejs\x1b[0m\n'}
[18.614781] (map_server2) StdoutLine: {'line': b'[  9%] Built target tf_generate_messages_py\n'}
[18.628071] (map_server2) StdoutLine: {'line': b'\x1b[35m\x1b[1mScanning dependencies of target nav_msgs_generate_messages_lisp\x1b[0m\n'}
[18.631090] (map_server2) StdoutLine: {'line': b'[  9%] Built target geometry_msgs_generate_messages_py\n'}
[18.640529] (-) TimerEvent: {}
[18.693118] (map_server2) StdoutLine: {'line': b'\x1b[35m\x1b[1mScanning dependencies of target map_server-map_saver\x1b[0m\n'}
[18.708842] (map_server2) StdoutLine: {'line': b'\x1b[35m\x1b[1mScanning dependencies of target image_loader\x1b[0m\n'}
[18.741328] (-) TimerEvent: {}
[18.750384] (map_server2) StdoutLine: {'line': b'[  9%] Built target tf2_msgs_generate_messages_lisp\n'}
[18.759099] (map_server2) StdoutLine: {'line': b'[  9%] Built target tf2_msgs_generate_messages_nodejs\n'}
[18.781253] (map_server2) StdoutLine: {'line': b'[  9%] Built target nav_msgs_generate_messages_lisp\n'}
[18.842200] (-) TimerEvent: {}
[18.849695] (racecar_description) StdoutLine: {'line': b'-- Check for working C compiler: /usr/bin/cc -- works\n'}
[18.852175] (racecar_description) StdoutLine: {'line': b'-- Detecting C compiler ABI info\n'}
[18.943164] (-) TimerEvent: {}
[19.048592] (-) TimerEvent: {}
[19.153386] (-) TimerEvent: {}
[19.223175] (map_server2) StdoutLine: {'line': b'[ 18%] \x1b[32mBuilding CXX object CMakeFiles/map_server-map_saver.dir/src/map_saver.cpp.o\x1b[0m\n'}
[19.254858] (-) TimerEvent: {}
[19.363413] (-) TimerEvent: {}
[19.383479] (map_server2) StdoutLine: {'line': b'[ 27%] \x1b[32mBuilding CXX object CMakeFiles/image_loader.dir/src/image_loader.cpp.o\x1b[0m\n'}
[19.465049] (-) TimerEvent: {}
[19.570269] (-) TimerEvent: {}
[19.624730] (multi_object_tracking_lidar) StdoutLine: {'line': b'[ 50%] \x1b[32mBuilding CXX object CMakeFiles/kf_tracker.dir/src/main.cpp.o\x1b[0m\n'}
[19.666552] (racecar_gazebo) StdoutLine: {'line': b'-- Check for working C compiler: /usr/bin/cc -- works\n'}
[19.672494] (-) TimerEvent: {}
[19.675131] (racecar_gazebo) StdoutLine: {'line': b'-- Detecting C compiler ABI info\n'}
[19.773190] (-) TimerEvent: {}
[19.814976] (map_server2) StderrLine: {'line': b'\x1b[01m\x1b[K/home/Platooning-F1Tenth/src/map_server/src/image_loader.cpp:43:10:\x1b[m\x1b[K \x1b[01;31m\x1b[Kfatal error: \x1b[m\x1b[KSDL/SDL_image.h: No such file or directory\n'}
[19.826433] (map_server2) StderrLine: {'line': b'   43 | #include \x1b[01;31m\x1b[K<SDL/SDL_image.h>\x1b[m\x1b[K\n'}
[19.830124] (map_server2) StderrLine: {'line': b'      |          \x1b[01;31m\x1b[K^~~~~~~~~~~~~~~~~\x1b[m\x1b[K\n'}
[19.831913] (map_server2) StderrLine: {'line': b'compilation terminated.\n'}
[19.833748] (map_server2) StderrLine: {'line': b'make[2]: *** [CMakeFiles/image_loader.dir/build.make:63: CMakeFiles/image_loader.dir/src/image_loader.cpp.o] Error 1\n'}
[19.836247] (map_server2) StderrLine: {'line': b'make[1]: *** [CMakeFiles/Makefile2:2018: CMakeFiles/image_loader.dir/all] Error 2\n'}
[19.838674] (map_server2) StderrLine: {'line': b'make[1]: *** Waiting for unfinished jobs....\n'}
[19.841139] (race) StdoutLine: {'line': b'-- Generating done\n'}
[19.874640] (-) TimerEvent: {}
[19.963046] (racecar_description) StdoutLine: {'line': b'-- Detecting C compiler ABI info - done\n'}
[19.975249] (-) TimerEvent: {}
[20.024327] (racecar_description) StdoutLine: {'line': b'-- Detecting C compile features\n'}
[20.027576] (racecar_description) StdoutLine: {'line': b'-- Detecting C compile features - done\n'}
[20.050162] (racecar_description) StdoutLine: {'line': b'-- Check for working CXX compiler: /usr/bin/c++\n'}
[20.076587] (-) TimerEvent: {}
[20.179431] (-) TimerEvent: {}
[20.282499] (-) TimerEvent: {}
[20.387481] (-) TimerEvent: {}
[20.504276] (-) TimerEvent: {}
[20.606386] (-) TimerEvent: {}
[20.709564] (-) TimerEvent: {}
[20.813490] (-) TimerEvent: {}
[20.916473] (-) TimerEvent: {}
[20.986692] (race) StdoutLine: {'line': b'-- Build files have been written to: /home/Platooning-F1Tenth/build/race\n'}
[21.017143] (-) TimerEvent: {}
[21.036038] (rl) StdoutLine: {'line': b'-- The C compiler identification is GNU 9.4.0\n'}
[21.039931] (rl) StdoutLine: {'line': b'-- The CXX compiler identification is GNU 9.4.0\n'}
[21.048757] (rl) StdoutLine: {'line': b'-- Check for working C compiler: /usr/bin/cc\n'}
[21.065441] (rl) StdoutLine: {'line': b'-- Check for working C compiler: /usr/bin/cc -- works\n'}
[21.066006] (rl) StdoutLine: {'line': b'-- Detecting C compiler ABI info\n'}
[21.066252] (rl) StdoutLine: {'line': b'-- Detecting C compiler ABI info - done\n'}
[21.073136] (rl) StdoutLine: {'line': b'-- Detecting C compile features\n'}
[21.080150] (rl) StdoutLine: {'line': b'-- Detecting C compile features - done\n'}
[21.091546] (rl) StdoutLine: {'line': b'-- Check for working CXX compiler: /usr/bin/c++\n'}
[21.092712] (race) CommandEnded: {'returncode': 0}
[21.098315] (race) JobProgress: {'identifier': 'race', 'progress': 'build'}
[21.100192] (race) Command: {'cmd': ['/usr/bin/cmake', '--build', '/home/Platooning-F1Tenth/build/race', '--', '-j10', '-l10'], 'cwd': '/home/Platooning-F1Tenth/build/race', 'env': OrderedDict([('HOSTNAME', '6782ed5a9168'), ('ROS_PACKAGE_PATH', '/opt/ros/noetic/share'), ('ROS_ETC_DIR', '/opt/ros/noetic/etc/ros'), ('SHLVL', '1'), ('LD_LIBRARY_PATH', '/opt/ros/noetic/lib'), ('HOME', '/root'), ('OLDPWD', '/'), ('ROS_PYTHON_VERSION', '3'), ('ROS_DISTRO', 'noetic'), ('_', '/usr/bin/colcon'), ('ROS_VERSION', '1'), ('PKG_CONFIG_PATH', '/opt/ros/noetic/lib/pkgconfig'), ('TERM', 'xterm'), ('PATH', '/opt/ros/noetic/bin:/usr/local/sbin:/usr/local/bin:/usr/sbin:/usr/bin:/sbin:/bin'), ('LANG', 'C.UTF-8'), ('ROSLISP_PACKAGE_DIRECTORIES', ''), ('LS_COLORS', 'rs=0:di=01;34:ln=01;36:mh=00:pi=40;33:so=01;35:do=01;35:bd=40;33;01:cd=40;33;01:or=40;31;01:mi=00:su=37;41:sg=30;43:ca=30;41:tw=30;42:ow=34;42:st=37;44:ex=01;32:*.tar=01;31:*.tgz=01;31:*.arc=01;31:*.arj=01;31:*.taz=01;31:*.lha=01;31:*.lz4=01;31:*.lzh=01;31:*.lzma=01;31:*.tlz=01;31:*.txz=01;31:*.tzo=01;31:*.t7z=01;31:*.zip=01;31:*.z=01;31:*.dz=01;31:*.gz=01;31:*.lrz=01;31:*.lz=01;31:*.lzo=01;31:*.xz=01;31:*.zst=01;31:*.tzst=01;31:*.bz2=01;31:*.bz=01;31:*.tbz=01;31:*.tbz2=01;31:*.tz=01;31:*.deb=01;31:*.rpm=01;31:*.jar=01;31:*.war=01;31:*.ear=01;31:*.sar=01;31:*.rar=01;31:*.alz=01;31:*.ace=01;31:*.zoo=01;31:*.cpio=01;31:*.7z=01;31:*.rz=01;31:*.cab=01;31:*.wim=01;31:*.swm=01;31:*.dwm=01;31:*.esd=01;31:*.jpg=01;35:*.jpeg=01;35:*.mjpg=01;35:*.mjpeg=01;35:*.gif=01;35:*.bmp=01;35:*.pbm=01;35:*.pgm=01;35:*.ppm=01;35:*.tga=01;35:*.xbm=01;35:*.xpm=01;35:*.tif=01;35:*.tiff=01;35:*.png=01;35:*.svg=01;35:*.svgz=01;35:*.mng=01;35:*.pcx=01;35:*.mov=01;35:*.mpg=01;35:*.mpeg=01;35:*.m2v=01;35:*.mkv=01;35:*.webm=01;35:*.ogm=01;35:*.mp4=01;35:*.m4v=01;35:*.mp4v=01;35:*.vob=01;35:*.qt=01;35:*.nuv=01;35:*.wmv=01;35:*.asf=01;35:*.rm=01;35:*.rmvb=01;35:*.flc=01;35:*.avi=01;35:*.fli=01;35:*.flv=01;35:*.gl=01;35:*.dl=01;35:*.xcf=01;35:*.xwd=01;35:*.yuv=01;35:*.cgm=01;35:*.emf=01;35:*.ogv=01;35:*.ogx=01;35:*.aac=00;36:*.au=00;36:*.flac=00;36:*.m4a=00;36:*.mid=00;36:*.midi=00;36:*.mka=00;36:*.mp3=00;36:*.mpc=00;36:*.ogg=00;36:*.ra=00;36:*.wav=00;36:*.oga=00;36:*.opus=00;36:*.spx=00;36:*.xspf=00;36:'), ('ROS_ROOT', '/opt/ros/noetic/share/ros'), ('ROS_MASTER_URI', 'http://localhost:11311'), ('PWD', '/home/Platooning-F1Tenth/build/race'), ('LC_ALL', 'C.UTF-8'), ('PYTHONPATH', '/opt/ros/noetic/lib/python3/dist-packages'), ('COLCON', '1'), ('CMAKE_PREFIX_PATH', '/opt/ros/noetic')]), 'shell': False}
[21.109802] (racecar_gazebo) StdoutLine: {'line': b'-- Detecting C compiler ABI info - done\n'}
[21.118032] (-) TimerEvent: {}
[21.182102] (racecar_gazebo) StdoutLine: {'line': b'-- Detecting C compile features\n'}
[21.184664] (racecar_gazebo) StdoutLine: {'line': b'-- Detecting C compile features - done\n'}
[21.200736] (racecar_gazebo) StdoutLine: {'line': b'-- Check for working CXX compiler: /usr/bin/c++\n'}
[21.218759] (-) TimerEvent: {}
[21.325614] (-) TimerEvent: {}
[21.428571] (-) TimerEvent: {}
[21.531838] (-) TimerEvent: {}
[21.634767] (-) TimerEvent: {}
[21.737600] (-) TimerEvent: {}
[21.850524] (-) TimerEvent: {}
[21.853410] (racecar_description) StdoutLine: {'line': b'-- Check for working CXX compiler: /usr/bin/c++ -- works\n'}
[21.857618] (racecar_description) StdoutLine: {'line': b'-- Detecting CXX compiler ABI info\n'}
[21.952526] (-) TimerEvent: {}
[22.062083] (-) TimerEvent: {}
[22.166233] (-) TimerEvent: {}
[22.277060] (-) TimerEvent: {}
[22.400923] (-) TimerEvent: {}
[22.502453] (-) TimerEvent: {}
[22.604094] (-) TimerEvent: {}
[22.705345] (-) TimerEvent: {}
[22.807166] (-) TimerEvent: {}
[22.910700] (-) TimerEvent: {}
[22.917065] (rl) StdoutLine: {'line': b'-- Check for working CXX compiler: /usr/bin/c++ -- works\n'}
[22.929418] (rl) StdoutLine: {'line': b'-- Detecting CXX compiler ABI info\n'}
[23.012021] (-) TimerEvent: {}
[23.118339] (-) TimerEvent: {}
[23.221512] (-) TimerEvent: {}
[23.328770] (-) TimerEvent: {}
[23.435757] (-) TimerEvent: {}
[23.513574] (racecar_gazebo) StdoutLine: {'line': b'-- Check for working CXX compiler: /usr/bin/c++ -- works\n'}
[23.520137] (racecar_gazebo) StdoutLine: {'line': b'-- Detecting CXX compiler ABI info\n'}
[23.541261] (-) TimerEvent: {}
[23.652931] (-) TimerEvent: {}
[23.756700] (-) TimerEvent: {}
[23.860296] (-) TimerEvent: {}
[23.968100] (-) TimerEvent: {}
[24.072306] (-) TimerEvent: {}
[24.174281] (-) TimerEvent: {}
[24.289887] (-) TimerEvent: {}
[24.389345] (racecar_description) StdoutLine: {'line': b'-- Detecting CXX compiler ABI info - done\n'}
[24.392171] (-) TimerEvent: {}
[24.459651] (racecar_description) StdoutLine: {'line': b'-- Detecting CXX compile features\n'}
[24.474762] (racecar_description) StdoutLine: {'line': b'-- Detecting CXX compile features - done\n'}
[24.493110] (-) TimerEvent: {}
[24.588285] (racecar_description) StdoutLine: {'line': b'-- Using CATKIN_DEVEL_PREFIX: /home/Platooning-F1Tenth/build/racecar_description/devel\n'}
[24.596663] (-) TimerEvent: {}
[24.609777] (racecar_description) StdoutLine: {'line': b'-- Using CMAKE_PREFIX_PATH: /opt/ros/noetic\n'}
[24.615291] (racecar_description) StdoutLine: {'line': b'-- This workspace overlays: /opt/ros/noetic\n'}
[24.697376] (-) TimerEvent: {}
[24.805556] (-) TimerEvent: {}
[24.908931] (-) TimerEvent: {}
[25.016367] (-) TimerEvent: {}
[25.121692] (-) TimerEvent: {}
[25.230252] (-) TimerEvent: {}
[25.337641] (-) TimerEvent: {}
[25.342430] (rl) StdoutLine: {'line': b'-- Detecting CXX compiler ABI info - done\n'}
[25.438570] (-) TimerEvent: {}
[25.475124] (rl) StdoutLine: {'line': b'-- Detecting CXX compile features\n'}
[25.485018] (rl) StdoutLine: {'line': b'-- Detecting CXX compile features - done\n'}
[25.539150] (-) TimerEvent: {}
[25.570634] (rl) StdoutLine: {'line': b'-- Using CATKIN_DEVEL_PREFIX: /home/Platooning-F1Tenth/build/rl/devel\n'}
[25.577986] (racecar_description) StdoutLine: {'line': b'-- Found PythonInterp: /usr/bin/python3 (found suitable version "3.8.10", minimum required is "3") \n'}
[25.588148] (rl) StdoutLine: {'line': b'-- Using CMAKE_PREFIX_PATH: /opt/ros/noetic\n'}
[25.607973] (racecar_description) StdoutLine: {'line': b'-- Using PYTHON_EXECUTABLE: /usr/bin/python3\n'}
[25.615242] (racecar_description) StdoutLine: {'line': b'-- Using Debian Python package layout\n'}
[25.617288] (rl) StdoutLine: {'line': b'-- This workspace overlays: /opt/ros/noetic\n'}
[25.640453] (-) TimerEvent: {}
[25.745892] (-) TimerEvent: {}
[25.931117] (-) TimerEvent: {}
[26.038119] (-) TimerEvent: {}
[26.140132] (rl) StdoutLine: {'line': b'-- Found PythonInterp: /usr/bin/python3 (found suitable version "3.8.10", minimum required is "3") \n'}
[26.150636] (-) TimerEvent: {}
[26.152599] (racecar_description) StdoutLine: {'line': b'-- Found PY_em: /usr/lib/python3/dist-packages/em.py  \n'}
[26.172653] (racecar_description) StdoutLine: {'line': b'-- Using empy: /usr/lib/python3/dist-packages/em.py\n'}
[26.177831] (rl) StdoutLine: {'line': b'-- Using PYTHON_EXECUTABLE: /usr/bin/python3\n'}
[26.179140] (rl) StdoutLine: {'line': b'-- Using Debian Python package layout\n'}
[26.190437] (racecar_gazebo) StdoutLine: {'line': b'-- Detecting CXX compiler ABI info - done\n'}
[26.251078] (-) TimerEvent: {}
[26.296812] (racecar_gazebo) StdoutLine: {'line': b'-- Detecting CXX compile features\n'}
[26.303691] (racecar_gazebo) StdoutLine: {'line': b'-- Detecting CXX compile features - done\n'}
[26.352067] (-) TimerEvent: {}
[26.361712] (racecar_gazebo) StdoutLine: {'line': b'-- Using CATKIN_DEVEL_PREFIX: /home/Platooning-F1Tenth/build/racecar_gazebo/devel\n'}
[26.378236] (racecar_gazebo) StdoutLine: {'line': b'-- Using CMAKE_PREFIX_PATH: /opt/ros/noetic\n'}
[26.380087] (racecar_gazebo) StdoutLine: {'line': b'-- This workspace overlays: /opt/ros/noetic\n'}
[26.459080] (-) TimerEvent: {}
[26.570123] (-) TimerEvent: {}
[26.674932] (-) TimerEvent: {}
[26.764538] (racecar_gazebo) StdoutLine: {'line': b'-- Found PythonInterp: /usr/bin/python3 (found suitable version "3.8.10", minimum required is "3") \n'}
[26.769593] (racecar_gazebo) StdoutLine: {'line': b'-- Using PYTHON_EXECUTABLE: /usr/bin/python3\n'}
[26.781090] (-) TimerEvent: {}
[26.782278] (racecar_gazebo) StdoutLine: {'line': b'-- Using Debian Python package layout\n'}
[26.894545] (-) TimerEvent: {}
[27.031136] (-) TimerEvent: {}
[27.107162] (rl) StdoutLine: {'line': b'-- Found PY_em: /usr/lib/python3/dist-packages/em.py  \n'}
[27.111683] (rl) StdoutLine: {'line': b'-- Using empy: /usr/lib/python3/dist-packages/em.py\n'}
[27.132772] (-) TimerEvent: {}
[27.239199] (-) TimerEvent: {}
[27.347032] (-) TimerEvent: {}
[27.466533] (-) TimerEvent: {}
[27.533250] (racecar_gazebo) StdoutLine: {'line': b'-- Found PY_em: /usr/lib/python3/dist-packages/em.py  \n'}
[27.546355] (racecar_gazebo) StdoutLine: {'line': b'-- Using empy: /usr/lib/python3/dist-packages/em.py\n'}
[27.567092] (-) TimerEvent: {}
[27.668230] (-) TimerEvent: {}
[27.771169] (-) TimerEvent: {}
[27.848094] (map_server2) StdoutLine: {'line': b'[ 36%] \x1b[32m\x1b[1mLinking CXX shared library ../lib/libgtest.so\x1b[0m\n'}
[27.874432] (-) TimerEvent: {}
[27.986148] (-) TimerEvent: {}
[28.095181] (-) TimerEvent: {}
[28.197025] (-) TimerEvent: {}
[28.267126] (racecar_description) StdoutLine: {'line': b'-- Using CATKIN_ENABLE_TESTING: ON\n'}
[28.288504] (racecar_description) StdoutLine: {'line': b'-- Call enable_testing()\n'}
[28.298182] (-) TimerEvent: {}
[28.344486] (racecar_description) StdoutLine: {'line': b'-- Using CATKIN_TEST_RESULTS_DIR: /home/Platooning-F1Tenth/build/racecar_description/test_results\n'}
[28.400031] (-) TimerEvent: {}
[28.501247] (-) TimerEvent: {}
[28.603108] (-) TimerEvent: {}
[28.705842] (-) TimerEvent: {}
[28.814753] (-) TimerEvent: {}
[28.922255] (-) TimerEvent: {}
[28.978028] (rl) StdoutLine: {'line': b'-- Using CATKIN_ENABLE_TESTING: ON\n'}
[28.991606] (rl) StdoutLine: {'line': b'-- Call enable_testing()\n'}
[29.023119] (-) TimerEvent: {}
[29.050509] (rl) StdoutLine: {'line': b'-- Using CATKIN_TEST_RESULTS_DIR: /home/Platooning-F1Tenth/build/rl/test_results\n'}
[29.124120] (-) TimerEvent: {}
[29.226413] (-) TimerEvent: {}
[29.329795] (-) TimerEvent: {}
[29.360574] (racecar_gazebo) StdoutLine: {'line': b'-- Using CATKIN_ENABLE_TESTING: ON\n'}
[29.364666] (racecar_gazebo) StdoutLine: {'line': b'-- Call enable_testing()\n'}
[29.417450] (racecar_gazebo) StdoutLine: {'line': b'-- Using CATKIN_TEST_RESULTS_DIR: /home/Platooning-F1Tenth/build/racecar_gazebo/test_results\n'}
[29.431456] (-) TimerEvent: {}
[29.486132] (map_server2) StdoutLine: {'line': b'[ 45%] \x1b[32m\x1b[1mLinking CXX executable devel/lib/map_server2/map_saver\x1b[0m\n'}
[29.536880] (-) TimerEvent: {}
[29.579721] (map_server2) StdoutLine: {'line': b'[ 45%] Built target gtest\n'}
[29.647787] (-) TimerEvent: {}
[29.779156] (-) TimerEvent: {}
[29.881106] (-) TimerEvent: {}
[29.983102] (-) TimerEvent: {}
[30.085844] (-) TimerEvent: {}
[30.190112] (-) TimerEvent: {}
[30.295174] (-) TimerEvent: {}
[30.397495] (-) TimerEvent: {}
[30.518132] (-) TimerEvent: {}
[30.619214] (-) TimerEvent: {}
[30.727534] (-) TimerEvent: {}
[30.830243] (-) TimerEvent: {}
[30.932608] (-) TimerEvent: {}
[31.040909] (-) TimerEvent: {}
[31.148252] (-) TimerEvent: {}
[31.248411] (map_server2) StderrLine: {'line': b'make: *** [Makefile:141: all] Error 2\n'}
[31.263270] (-) TimerEvent: {}
[31.265744] (map_server2) StdoutLine: {'line': b'[ 45%] Built target map_server-map_saver\n'}
[31.310349] (rtreach) StdoutLine: {'line': b'-- The C compiler identification is GNU 9.4.0\n'}
[31.316514] (rtreach) StdoutLine: {'line': b'-- The CXX compiler identification is GNU 9.4.0\n'}
[31.317136] (rtreach) StdoutLine: {'line': b'-- Check for working C compiler: /usr/bin/cc\n'}
[31.322354] (rtreach) StdoutLine: {'line': b'-- Check for working C compiler: /usr/bin/cc -- works\n'}
[31.344678] (rtreach) StdoutLine: {'line': b'-- Detecting C compiler ABI info\n'}
[31.354318] (rtreach) StdoutLine: {'line': b'-- Detecting C compiler ABI info - done\n'}
[31.357355] (rtreach) StdoutLine: {'line': b'-- Detecting C compile features\n'}
[31.402814] (-) TimerEvent: {}
[31.413550] (rtreach) StdoutLine: {'line': b'-- Detecting C compile features - done\n'}
[31.415898] (rtreach) StdoutLine: {'line': b'-- Check for working CXX compiler: /usr/bin/c++\n'}
[31.416270] (rtreach) StdoutLine: {'line': b'-- Check for working CXX compiler: /usr/bin/c++ -- works\n'}
[31.421228] (rtreach) StdoutLine: {'line': b'-- Detecting CXX compiler ABI info\n'}
[31.433565] (rtreach) StdoutLine: {'line': b'-- Detecting CXX compiler ABI info - done\n'}
[31.452931] (rtreach) StdoutLine: {'line': b'-- Detecting CXX compile features\n'}
[31.475233] (rtreach) StdoutLine: {'line': b'-- Detecting CXX compile features - done\n'}
[31.482918] (rtreach) StdoutLine: {'line': b'-- Using CATKIN_DEVEL_PREFIX: /home/Platooning-F1Tenth/build/rtreach/devel\n'}
[31.491178] (rtreach) StdoutLine: {'line': b'-- Using CMAKE_PREFIX_PATH: /opt/ros/noetic\n'}
[31.509435] (-) TimerEvent: {}
[31.512912] (rtreach) StdoutLine: {'line': b'-- This workspace overlays: /opt/ros/noetic\n'}
[31.517631] (rtreach) StdoutLine: {'line': b'-- Found PythonInterp: /usr/bin/python3 (found suitable version "3.8.10", minimum required is "3") \n'}
[31.537249] (rtreach) StdoutLine: {'line': b'-- Using PYTHON_EXECUTABLE: /usr/bin/python3\n'}
[31.548353] (rtreach) StdoutLine: {'line': b'-- Using Debian Python package layout\n'}
[31.564277] (rtreach) StdoutLine: {'line': b'-- Found PY_em: /usr/lib/python3/dist-packages/em.py  \n'}
[31.581579] (rtreach) StdoutLine: {'line': b'-- Using empy: /usr/lib/python3/dist-packages/em.py\n'}
[31.586907] (rtreach) StdoutLine: {'line': b'-- Using CATKIN_ENABLE_TESTING: ON\n'}
[31.588633] (rtreach) StdoutLine: {'line': b'-- Call enable_testing()\n'}
[31.604409] (rtreach) StdoutLine: {'line': b'-- Using CATKIN_TEST_RESULTS_DIR: /home/Platooning-F1Tenth/build/rtreach/test_results\n'}
[31.616209] (-) TimerEvent: {}
[31.617356] (computer_vision) CommandEnded: {'returncode': 0}
[31.645343] (computer_vision) JobProgress: {'identifier': 'computer_vision', 'progress': "build target 'tests'"}
[31.645611] (computer_vision) Command: {'cmd': ['/usr/bin/cmake', '--build', '/home/Platooning-F1Tenth/build/computer_vision', '--target', 'tests', '--', '-j10', '-l10'], 'cwd': '/home/Platooning-F1Tenth/build/computer_vision', 'env': OrderedDict([('HOSTNAME', '6782ed5a9168'), ('ROS_PACKAGE_PATH', '/opt/ros/noetic/share'), ('ROS_ETC_DIR', '/opt/ros/noetic/etc/ros'), ('SHLVL', '1'), ('LD_LIBRARY_PATH', '/opt/ros/noetic/lib'), ('HOME', '/root'), ('OLDPWD', '/'), ('ROS_PYTHON_VERSION', '3'), ('ROS_DISTRO', 'noetic'), ('_', '/usr/bin/colcon'), ('ROS_VERSION', '1'), ('PKG_CONFIG_PATH', '/opt/ros/noetic/lib/pkgconfig'), ('TERM', 'xterm'), ('PATH', '/opt/ros/noetic/bin:/usr/local/sbin:/usr/local/bin:/usr/sbin:/usr/bin:/sbin:/bin'), ('LANG', 'C.UTF-8'), ('ROSLISP_PACKAGE_DIRECTORIES', ''), ('LS_COLORS', 'rs=0:di=01;34:ln=01;36:mh=00:pi=40;33:so=01;35:do=01;35:bd=40;33;01:cd=40;33;01:or=40;31;01:mi=00:su=37;41:sg=30;43:ca=30;41:tw=30;42:ow=34;42:st=37;44:ex=01;32:*.tar=01;31:*.tgz=01;31:*.arc=01;31:*.arj=01;31:*.taz=01;31:*.lha=01;31:*.lz4=01;31:*.lzh=01;31:*.lzma=01;31:*.tlz=01;31:*.txz=01;31:*.tzo=01;31:*.t7z=01;31:*.zip=01;31:*.z=01;31:*.dz=01;31:*.gz=01;31:*.lrz=01;31:*.lz=01;31:*.lzo=01;31:*.xz=01;31:*.zst=01;31:*.tzst=01;31:*.bz2=01;31:*.bz=01;31:*.tbz=01;31:*.tbz2=01;31:*.tz=01;31:*.deb=01;31:*.rpm=01;31:*.jar=01;31:*.war=01;31:*.ear=01;31:*.sar=01;31:*.rar=01;31:*.alz=01;31:*.ace=01;31:*.zoo=01;31:*.cpio=01;31:*.7z=01;31:*.rz=01;31:*.cab=01;31:*.wim=01;31:*.swm=01;31:*.dwm=01;31:*.esd=01;31:*.jpg=01;35:*.jpeg=01;35:*.mjpg=01;35:*.mjpeg=01;35:*.gif=01;35:*.bmp=01;35:*.pbm=01;35:*.pgm=01;35:*.ppm=01;35:*.tga=01;35:*.xbm=01;35:*.xpm=01;35:*.tif=01;35:*.tiff=01;35:*.png=01;35:*.svg=01;35:*.svgz=01;35:*.mng=01;35:*.pcx=01;35:*.mov=01;35:*.mpg=01;35:*.mpeg=01;35:*.m2v=01;35:*.mkv=01;35:*.webm=01;35:*.ogm=01;35:*.mp4=01;35:*.m4v=01;35:*.mp4v=01;35:*.vob=01;35:*.qt=01;35:*.nuv=01;35:*.wmv=01;35:*.asf=01;35:*.rm=01;35:*.rmvb=01;35:*.flc=01;35:*.avi=01;35:*.fli=01;35:*.flv=01;35:*.gl=01;35:*.dl=01;35:*.xcf=01;35:*.xwd=01;35:*.yuv=01;35:*.cgm=01;35:*.emf=01;35:*.ogv=01;35:*.ogx=01;35:*.aac=00;36:*.au=00;36:*.flac=00;36:*.m4a=00;36:*.mid=00;36:*.midi=00;36:*.mka=00;36:*.mp3=00;36:*.mpc=00;36:*.ogg=00;36:*.ra=00;36:*.wav=00;36:*.oga=00;36:*.opus=00;36:*.spx=00;36:*.xspf=00;36:'), ('ROS_ROOT', '/opt/ros/noetic/share/ros'), ('ROS_MASTER_URI', 'http://localhost:11311'), ('PWD', '/home/Platooning-F1Tenth/build/computer_vision'), ('LC_ALL', 'C.UTF-8'), ('PYTHONPATH', '/opt/ros/noetic/lib/python3/dist-packages'), ('COLCON', '1'), ('CMAKE_PREFIX_PATH', '/opt/ros/noetic')]), 'shell': False}
[31.654087] (map_server2) CommandEnded: {'returncode': 2}
[31.718094] (-) TimerEvent: {}
[31.822102] (-) TimerEvent: {}
[31.893795] (map_server2) JobEnded: {'identifier': 'map_server2', 'rc': 2}
[31.923064] (-) TimerEvent: {}
[32.030386] (-) TimerEvent: {}
[32.165165] (-) TimerEvent: {}
[32.272333] (-) TimerEvent: {}
[32.375213] (-) TimerEvent: {}
[32.477454] (-) TimerEvent: {}
[32.583717] (-) TimerEvent: {}
[32.694577] (-) TimerEvent: {}
[32.797941] (-) TimerEvent: {}
[32.901303] (-) TimerEvent: {}
[33.009932] (-) TimerEvent: {}
[33.118443] (-) TimerEvent: {}
[33.231466] (-) TimerEvent: {}
[33.335548] (-) TimerEvent: {}
[33.444608] (-) TimerEvent: {}
[33.553219] (-) TimerEvent: {}
[33.656509] (-) TimerEvent: {}
[33.763147] (-) TimerEvent: {}
[33.884088] (-) TimerEvent: {}
[33.991442] (-) TimerEvent: {}
[34.094137] (-) TimerEvent: {}
[34.198438] (-) TimerEvent: {}
[34.301197] (-) TimerEvent: {}
[34.406832] (-) TimerEvent: {}
[34.508111] (-) TimerEvent: {}
[34.611362] (-) TimerEvent: {}
[34.713177] (-) TimerEvent: {}
[34.817560] (-) TimerEvent: {}
[34.876911] (ackermann_cmd_mux) StdoutLine: {'line': b'[100%] \x1b[32m\x1b[1mLinking CXX shared library devel/lib/libackermann_cmd_mux_nodelet.so\x1b[0m\n'}
[34.918115] (-) TimerEvent: {}
[35.019535] (-) TimerEvent: {}
[35.126764] (-) TimerEvent: {}
[35.230704] (-) TimerEvent: {}
[35.245404] (racecar_description) StdoutLine: {'line': b'-- Forcing gtest/gmock from source, though one was otherwise available.\n'}
[35.253315] (racecar_description) StdoutLine: {'line': b"-- Found gtest sources under '/usr/src/googletest': gtests will be built\n"}
[35.255708] (racecar_description) StdoutLine: {'line': b"-- Found gmock sources under '/usr/src/googletest': gmock will be built\n"}
[35.331171] (-) TimerEvent: {}
[35.337617] (rl) StdoutLine: {'line': b'-- Forcing gtest/gmock from source, though one was otherwise available.\n'}
[35.342096] (rl) StdoutLine: {'line': b"-- Found gtest sources under '/usr/src/googletest': gtests will be built\n"}
[35.344920] (rl) StdoutLine: {'line': b"-- Found gmock sources under '/usr/src/googletest': gmock will be built\n"}
[35.368828] (racecar_gazebo) StdoutLine: {'line': b'-- Forcing gtest/gmock from source, though one was otherwise available.\n'}
[35.371866] (racecar_gazebo) StdoutLine: {'line': b"-- Found gtest sources under '/usr/src/googletest': gtests will be built\n"}
[35.376504] (racecar_gazebo) StdoutLine: {'line': b"-- Found gmock sources under '/usr/src/googletest': gmock will be built\n"}
[35.432770] (-) TimerEvent: {}
[35.433639] (racecar_description) StdoutLine: {'line': b'-- Found PythonInterp: /usr/bin/python3 (found version "3.8.10") \n'}
[35.440051] (racecar_description) StdoutLine: {'line': b'-- Found Threads: TRUE  \n'}
[35.459370] (racecar_description) StdoutLine: {'line': b'-- Using Python nosetests: /usr/bin/nosetests3\n'}
[35.511378] (rl) StdoutLine: {'line': b'-- Found PythonInterp: /usr/bin/python3 (found version "3.8.10") \n'}
[35.513050] (rl) StdoutLine: {'line': b'-- Found Threads: TRUE  \n'}
[35.521812] (rl) StdoutLine: {'line': b'-- Using Python nosetests: /usr/bin/nosetests3\n'}
[35.533215] (-) TimerEvent: {}
[35.556344] (racecar_gazebo) StdoutLine: {'line': b'-- Found PythonInterp: /usr/bin/python3 (found version "3.8.10") \n'}
[35.559926] (racecar_gazebo) StdoutLine: {'line': b'-- Found Threads: TRUE  \n'}
[35.571014] (racecar_gazebo) StdoutLine: {'line': b'-- Using Python nosetests: /usr/bin/nosetests3\n'}
[35.634161] (-) TimerEvent: {}
[35.672580] (racecar_description) StdoutLine: {'line': b'-- catkin 0.8.12\n'}
[35.674076] (racecar_description) StdoutLine: {'line': b'-- BUILD_SHARED_LIBS is on\n'}
[35.726269] (rl) StdoutLine: {'line': b'-- catkin 0.8.12\n'}
[35.731132] (rl) StdoutLine: {'line': b'-- BUILD_SHARED_LIBS is on\n'}
[35.733164] (f110_rrt_star) StdoutLine: {'line': b'[100%] \x1b[32m\x1b[1mLinking CXX executable devel/lib/f110_rrt_star/rrt_node\x1b[0m\n'}
[35.736315] (-) TimerEvent: {}
[35.759092] (racecar_gazebo) StdoutLine: {'line': b'-- catkin 0.8.12\n'}
[35.762530] (racecar_gazebo) StdoutLine: {'line': b'-- BUILD_SHARED_LIBS is on\n'}
[35.837167] (-) TimerEvent: {}
[35.851919] (rtreach) StdoutLine: {'line': b'-- Forcing gtest/gmock from source, though one was otherwise available.\n'}
[35.852763] (rtreach) StdoutLine: {'line': b"-- Found gtest sources under '/usr/src/googletest': gtests will be built\n"}
[35.853575] (rtreach) StdoutLine: {'line': b"-- Found gmock sources under '/usr/src/googletest': gmock will be built\n"}
[35.938407] (-) TimerEvent: {}
[35.964360] (rtreach) StdoutLine: {'line': b'-- Found PythonInterp: /usr/bin/python3 (found version "3.8.10") \n'}
[35.967245] (rtreach) StdoutLine: {'line': b'-- Found Threads: TRUE  \n'}
[35.972459] (rtreach) StdoutLine: {'line': b'-- Using Python nosetests: /usr/bin/nosetests3\n'}
[36.039206] (-) TimerEvent: {}
[36.145133] (-) TimerEvent: {}
[36.182670] (rtreach) StdoutLine: {'line': b'-- catkin 0.8.12\n'}
[36.183596] (rtreach) StdoutLine: {'line': b'-- BUILD_SHARED_LIBS is on\n'}
[36.246185] (-) TimerEvent: {}
[36.249537] (ackermann_cmd_mux) StdoutLine: {'line': b'[100%] Built target ackermann_cmd_mux_nodelet\n'}
[36.316526] (race) StdoutLine: {'line': b'\x1b[35m\x1b[1mScanning dependencies of target _race_generate_messages_check_deps_prediction\x1b[0m\n'}
[36.319413] (race) StdoutLine: {'line': b'\x1b[35m\x1b[1mScanning dependencies of target laser_converter_node\x1b[0m\n'}
[36.321575] (race) StdoutLine: {'line': b'\x1b[35m\x1b[1mScanning dependencies of target _race_generate_messages_check_deps_interval\x1b[0m\n'}
[36.322264] (race) StdoutLine: {'line': b'\x1b[35m\x1b[1mScanning dependencies of target _race_generate_messages_check_deps_pid_input\x1b[0m\n'}
[36.322903] (race) StdoutLine: {'line': b'\x1b[35m\x1b[1mScanning dependencies of target _race_generate_messages_check_deps_drive_param\x1b[0m\n'}
[36.325863] (race) StdoutLine: {'line': b'\x1b[35m\x1b[1mScanning dependencies of target _race_generate_messages_check_deps_angle_msg\x1b[0m\n'}
[36.328407] (race) StdoutLine: {'line': b'\x1b[35m\x1b[1mScanning dependencies of target _race_generate_messages_check_deps_reach_tube\x1b[0m\n'}
[36.331286] (race) StdoutLine: {'line': b'\x1b[35m\x1b[1mScanning dependencies of target _race_generate_messages_check_deps_drive_values\x1b[0m\n'}
[36.333547] (race) StdoutLine: {'line': b'\x1b[35m\x1b[1mScanning dependencies of target _race_generate_messages_check_deps_obstacle_list\x1b[0m\n'}
[36.334855] (race) StdoutLine: {'line': b'\x1b[35m\x1b[1mScanning dependencies of target _race_generate_messages_check_deps_stamped_ttc\x1b[0m\n'}
[36.335863] (race) StdoutLine: {'line': b'[  0%] Built target _race_generate_messages_check_deps_pid_input\n'}
[36.336901] (race) StdoutLine: {'line': b'[  0%] Built target _race_generate_messages_check_deps_prediction\n'}
[36.339237] (race) StdoutLine: {'line': b'[  0%] Built target _race_generate_messages_check_deps_drive_values\n'}
[36.340732] (race) StdoutLine: {'line': b'\x1b[35m\x1b[1mScanning dependencies of target _race_generate_messages_check_deps_velocity_msg\x1b[0m\n'}
[36.341584] (race) StdoutLine: {'line': b'\x1b[35m\x1b[1mScanning dependencies of target sensor_msgs_generate_messages_py\x1b[0m\n'}
[36.342421] (race) StdoutLine: {'line': b'\x1b[35m\x1b[1mScanning dependencies of target sensor_msgs_generate_messages_nodejs\x1b[0m\n'}
[36.343581] (race) StdoutLine: {'line': b'[  0%] Built target _race_generate_messages_check_deps_reach_tube\n'}
[36.345738] (race) StdoutLine: {'line': b'[  0%] Built target _race_generate_messages_check_deps_interval\n'}
[36.347819] (-) TimerEvent: {}
[36.350018] (race) StdoutLine: {'line': b'[  0%] Built target _race_generate_messages_check_deps_stamped_ttc\n'}
[36.351801] (race) StdoutLine: {'line': b'[  0%] Built target _race_generate_messages_check_deps_drive_param\n'}
[36.353408] (race) StdoutLine: {'line': b'[  0%] Built target _race_generate_messages_check_deps_obstacle_list\n'}
[36.355156] (race) StdoutLine: {'line': b'[  0%] Built target _race_generate_messages_check_deps_angle_msg\n'}
[36.359602] (race) StdoutLine: {'line': b'[  0%] Built target sensor_msgs_generate_messages_py\n'}
[36.362437] (race) StdoutLine: {'line': b'[  0%] Built target sensor_msgs_generate_messages_nodejs\n'}
[36.364518] (race) StdoutLine: {'line': b'\x1b[35m\x1b[1mScanning dependencies of target sensor_msgs_generate_messages_eus\x1b[0m\n'}
[36.370017] (race) StdoutLine: {'line': b'\x1b[35m\x1b[1mScanning dependencies of target sensor_msgs_generate_messages_cpp\x1b[0m\n'}
[36.373487] (race) StdoutLine: {'line': b'\x1b[35m\x1b[1mScanning dependencies of target sensor_msgs_generate_messages_lisp\x1b[0m\n'}
[36.376239] (race) StdoutLine: {'line': b'[  1%] \x1b[32mBuilding CXX object CMakeFiles/laser_converter_node.dir/src/laser_to_pointcloud.cpp.o\x1b[0m\n'}
[36.377739] (race) StdoutLine: {'line': b'[  1%] Built target sensor_msgs_generate_messages_eus\n'}
[36.378431] (race) StdoutLine: {'line': b'[  1%] Built target sensor_msgs_generate_messages_lisp\n'}
[36.380099] (race) StdoutLine: {'line': b'[  1%] Built target sensor_msgs_generate_messages_cpp\n'}
[36.381635] (race) StdoutLine: {'line': b'[  1%] Built target _race_generate_messages_check_deps_velocity_msg\n'}
[36.382826] (race) StdoutLine: {'line': b'\x1b[35m\x1b[1mScanning dependencies of target race_generate_messages_py\x1b[0m\n'}
[36.385487] (race) StdoutLine: {'line': b'\x1b[35m\x1b[1mScanning dependencies of target race_generate_messages_lisp\x1b[0m\n'}
[36.386404] (race) StdoutLine: {'line': b'\x1b[35m\x1b[1mScanning dependencies of target race_generate_messages_nodejs\x1b[0m\n'}
[36.387428] (race) StdoutLine: {'line': b'\x1b[35m\x1b[1mScanning dependencies of target race_generate_messages_cpp\x1b[0m\n'}
[36.388230] (race) StdoutLine: {'line': b'\x1b[35m\x1b[1mScanning dependencies of target race_generate_messages_eus\x1b[0m\n'}
[36.395973] (race) StdoutLine: {'line': b'[  3%] \x1b[34m\x1b[1mGenerating Lisp code from race/drive_param.msg\x1b[0m\n'}
[36.396591] (race) StdoutLine: {'line': b'[  9%] \x1b[34m\x1b[1mGenerating Lisp code from race/drive_values.msg\x1b[0m\n'}
[36.397892] (race) StdoutLine: {'line': b'[  9%] \x1b[34m\x1b[1mGenerating C++ code from race/angle_msg.msg\x1b[0m\n'}
[36.399594] (race) StdoutLine: {'line': b'[  9%] \x1b[34m\x1b[1mGenerating Lisp code from race/velocity_msg.msg\x1b[0m\n'}
[36.400150] (race) StdoutLine: {'line': b'[ 12%] \x1b[34m\x1b[1mGenerating Lisp code from race/angle_msg.msg\x1b[0m\n'}
[36.401251] (race) StdoutLine: {'line': b'[ 12%] \x1b[34m\x1b[1mGenerating Python from MSG race/angle_msg\x1b[0m\n'}
[36.403016] (race) StdoutLine: {'line': b'[ 16%] \x1b[34m\x1b[1mGenerating EusLisp code from race/angle_msg.msg\x1b[0m\n'}
[36.404271] (race) StdoutLine: {'line': b'[ 16%] \x1b[34m\x1b[1mGenerating Lisp code from race/prediction.msg\x1b[0m\n'}
[36.405262] (race) StdoutLine: {'line': b'[ 18%] \x1b[34m\x1b[1mGenerating Javascript code from race/angle_msg.msg\x1b[0m\n'}
[36.406230] (race) StdoutLine: {'line': b'[ 20%] \x1b[34m\x1b[1mGenerating Lisp code from race/pid_input.msg\x1b[0m\n'}
[36.408770] (race) StdoutLine: {'line': b'[ 22%] \x1b[34m\x1b[1mGenerating Python from MSG race/prediction\x1b[0m\n'}
[36.409756] (race) StdoutLine: {'line': b'[ 24%] \x1b[34m\x1b[1mGenerating C++ code from race/prediction.msg\x1b[0m\n'}
[36.411088] (race) StdoutLine: {'line': b'[ 25%] \x1b[34m\x1b[1mGenerating Javascript code from race/prediction.msg\x1b[0m\n'}
[36.412249] (race) StdoutLine: {'line': b'[ 27%] \x1b[34m\x1b[1mGenerating Javascript code from race/velocity_msg.msg\x1b[0m\n'}
[36.412893] (race) StdoutLine: {'line': b'[ 33%] \x1b[34m\x1b[1mGenerating Python from MSG race/velocity_msg\x1b[0m\n'}
[36.413856] (race) StdoutLine: {'line': b'[ 33%] \x1b[34m\x1b[1mGenerating EusLisp code from race/prediction.msg\x1b[0m\n'}
[36.414945] (race) StdoutLine: {'line': b'[ 33%] \x1b[34m\x1b[1mGenerating Javascript code from race/drive_param.msg\x1b[0m\n'}
[36.415951] (race) StdoutLine: {'line': b'[ 35%] \x1b[34m\x1b[1mGenerating C++ code from race/velocity_msg.msg\x1b[0m\n'}
[36.417997] (race) StdoutLine: {'line': b'[ 37%] \x1b[34m\x1b[1mGenerating Lisp code from race/stamped_ttc.msg\x1b[0m\n'}
[36.421098] (race) StdoutLine: {'line': b'[ 38%] \x1b[34m\x1b[1mGenerating EusLisp code from race/velocity_msg.msg\x1b[0m\n'}
[36.424572] (race) StdoutLine: {'line': b'[ 40%] \x1b[34m\x1b[1mGenerating Lisp code from race/interval.msg\x1b[0m\n'}
[36.426061] (race) StdoutLine: {'line': b'[ 42%] \x1b[34m\x1b[1mGenerating EusLisp code from race/drive_param.msg\x1b[0m\n'}
[36.427634] (race) StdoutLine: {'line': b'[ 44%] \x1b[34m\x1b[1mGenerating C++ code from race/drive_param.msg\x1b[0m\n'}
[36.430261] (race) StdoutLine: {'line': b'[ 46%] \x1b[34m\x1b[1mGenerating Javascript code from race/drive_values.msg\x1b[0m\n'}
[36.436464] (race) StdoutLine: {'line': b'[ 48%] \x1b[34m\x1b[1mGenerating C++ code from race/drive_values.msg\x1b[0m\n'}
[36.436905] (race) StdoutLine: {'line': b'[ 50%] \x1b[34m\x1b[1mGenerating EusLisp code from race/drive_values.msg\x1b[0m\n'}
[36.437723] (race) StdoutLine: {'line': b'[ 51%] \x1b[34m\x1b[1mGenerating EusLisp code from race/pid_input.msg\x1b[0m\n'}
[36.439990] (race) StdoutLine: {'line': b'[ 53%] \x1b[34m\x1b[1mGenerating Lisp code from race/obstacle_list.msg\x1b[0m\n'}
[36.441528] (race) StdoutLine: {'line': b'[ 55%] \x1b[34m\x1b[1mGenerating C++ code from race/pid_input.msg\x1b[0m\n'}
[36.442040] (race) StdoutLine: {'line': b'[ 57%] \x1b[34m\x1b[1mGenerating Javascript code from race/pid_input.msg\x1b[0m\n'}
[36.443073] (race) StdoutLine: {'line': b'[ 59%] \x1b[34m\x1b[1mGenerating Python from MSG race/drive_param\x1b[0m\n'}
[36.443754] (race) StdoutLine: {'line': b'[ 61%] \x1b[34m\x1b[1mGenerating Lisp code from race/reach_tube.msg\x1b[0m\n'}
[36.444321] (race) StdoutLine: {'line': b'[ 62%] \x1b[34m\x1b[1mGenerating C++ code from race/stamped_ttc.msg\x1b[0m\n'}
[36.444637] (race) StdoutLine: {'line': b'[ 66%] \x1b[34m\x1b[1mGenerating Python from MSG race/drive_values\x1b[0m\n'}
[36.445023] (race) StdoutLine: {'line': b'[ 66%] \x1b[34m\x1b[1mGenerating EusLisp code from race/stamped_ttc.msg\x1b[0m\n'}
[36.445434] (race) StdoutLine: {'line': b'[ 68%] \x1b[34m\x1b[1mGenerating Javascript code from race/stamped_ttc.msg\x1b[0m\n'}
[36.445883] (race) StdoutLine: {'line': b'[ 70%] \x1b[34m\x1b[1mGenerating Javascript code from race/interval.msg\x1b[0m\n'}
[36.446439] (race) StdoutLine: {'line': b'[ 72%] \x1b[34m\x1b[1mGenerating C++ code from race/interval.msg\x1b[0m\n'}
[36.447045] (race) StdoutLine: {'line': b'[ 74%] \x1b[34m\x1b[1mGenerating Python from MSG race/pid_input\x1b[0m\n'}
[36.447663] (race) StdoutLine: {'line': b'[ 75%] \x1b[34m\x1b[1mGenerating Javascript code from race/obstacle_list.msg\x1b[0m\n'}
[36.447994] (-) TimerEvent: {}
[36.448518] (race) StdoutLine: {'line': b'[ 75%] Built target race_generate_messages_lisp\n'}
[36.449554] (race) StdoutLine: {'line': b'[ 77%] \x1b[34m\x1b[1mGenerating EusLisp code from race/interval.msg\x1b[0m\n'}
[36.450024] (race) StdoutLine: {'line': b'[ 79%] \x1b[34m\x1b[1mGenerating Python from MSG race/stamped_ttc\x1b[0m\n'}
[36.450342] (race) StdoutLine: {'line': b'[ 81%] \x1b[34m\x1b[1mGenerating C++ code from race/obstacle_list.msg\x1b[0m\n'}
[36.450650] (race) StdoutLine: {'line': b'[ 83%] \x1b[34m\x1b[1mGenerating Javascript code from race/reach_tube.msg\x1b[0m\n'}
[36.450937] (race) StdoutLine: {'line': b'[ 87%] \x1b[34m\x1b[1mGenerating Python from MSG race/obstacle_list\x1b[0m\n'}
[36.451560] (race) StdoutLine: {'line': b'[ 87%] \x1b[34m\x1b[1mGenerating Python from MSG race/interval\x1b[0m\n'}
[36.452053] (race) StdoutLine: {'line': b'[ 90%] \x1b[34m\x1b[1mGenerating EusLisp code from race/obstacle_list.msg\x1b[0m\n'}
[36.452571] (race) StdoutLine: {'line': b'[ 90%] \x1b[34m\x1b[1mGenerating C++ code from race/reach_tube.msg\x1b[0m\n'}
[36.452908] (race) StdoutLine: {'line': b'[ 92%] \x1b[34m\x1b[1mGenerating EusLisp code from race/reach_tube.msg\x1b[0m\n'}
[36.453211] (race) StdoutLine: {'line': b'[ 94%] \x1b[34m\x1b[1mGenerating EusLisp manifest code for race\x1b[0m\n'}
[36.453587] (race) StdoutLine: {'line': b'[ 96%] \x1b[34m\x1b[1mGenerating Python from MSG race/reach_tube\x1b[0m\n'}
[36.454019] (race) StdoutLine: {'line': b'[ 96%] Built target race_generate_messages_nodejs\n'}
[36.455734] (race) StdoutLine: {'line': b'[ 96%] Built target race_generate_messages_cpp\n'}
[36.457803] (race) StdoutLine: {'line': b'[ 98%] \x1b[34m\x1b[1mGenerating Python msg __init__.py for race\x1b[0m\n'}
[36.458424] (race) StdoutLine: {'line': b'[ 98%] Built target race_generate_messages_py\n'}
[36.458790] (race) StdoutLine: {'line': b'[ 98%] Built target race_generate_messages_eus\n'}
[36.459145] (race) StdoutLine: {'line': b'\x1b[35m\x1b[1mScanning dependencies of target race_generate_messages\x1b[0m\n'}
[36.459658] (race) StdoutLine: {'line': b'[ 98%] Built target race_generate_messages\n'}
[36.460089] (ackermann_cmd_mux) JobEnded: {'identifier': 'ackermann_cmd_mux', 'rc': 'SIGINT'}
[36.549154] (-) TimerEvent: {}
[36.651206] (-) TimerEvent: {}
[36.666142] (f110_rrt_star) StdoutLine: {'line': b'[100%] Built target rrt_node\n'}
[36.741044] (computer_vision) StdoutLine: {'line': b'\x1b[35m\x1b[1mScanning dependencies of target tests\x1b[0m\n'}
[36.742045] (computer_vision) StdoutLine: {'line': b'Built target tests\n'}
[36.742865] (f110_rrt_star) JobEnded: {'identifier': 'f110_rrt_star', 'rc': 'SIGINT'}
[36.744713] (computer_vision) JobEnded: {'identifier': 'computer_vision', 'rc': 'SIGINT'}
[36.752094] (-) TimerEvent: {}
[36.853099] (-) TimerEvent: {}
[36.866010] (racecar_description) StderrLine: {'line': b"WARNING: package 'gazebo_ros' is deprecated (This package has been deprecated as of January 2025 with Gazebo classic 11 reaching\n"}
[36.875577] (racecar_description) StderrLine: {'line': b'      end-of-life. Users are highly encouraged to migrate to the new Gazebo\n'}
[36.883135] (racecar_description) StderrLine: {'line': b'      using our migration guides (https://gazebosim.org/docs/latest/gazebo_classic_migration))\n'}
[36.925851] (rl) StderrLine: {'line': b"WARNING: package 'gazebo_ros' is deprecated (This package has been deprecated as of January 2025 with Gazebo classic 11 reaching\n"}
[36.928513] (rl) StderrLine: {'line': b'      end-of-life. Users are highly encouraged to migrate to the new Gazebo\n'}
[36.928991] (rl) StderrLine: {'line': b'      using our migration guides (https://gazebosim.org/docs/latest/gazebo_classic_migration))\n'}
[36.931269] (racecar_gazebo) StderrLine: {'line': b"WARNING: package 'gazebo_ros' is deprecated (This package has been deprecated as of January 2025 with Gazebo classic 11 reaching\n"}
[36.932023] (racecar_gazebo) StderrLine: {'line': b'      end-of-life. Users are highly encouraged to migrate to the new Gazebo\n'}
[36.932574] (racecar_gazebo) StderrLine: {'line': b'      using our migration guides (https://gazebosim.org/docs/latest/gazebo_classic_migration))\n'}
[36.954189] (-) TimerEvent: {}
[37.057052] (-) TimerEvent: {}
[37.093391] (racecar_description) StdoutLine: {'line': b'-- Using these message generators: gencpp;geneus;genlisp;gennodejs;genpy\n'}
[37.147183] (racecar_gazebo) StdoutLine: {'line': b'-- Using these message generators: gencpp;geneus;genlisp;gennodejs;genpy\n'}
[37.158095] (-) TimerEvent: {}
[37.182173] (racecar_description) StderrLine: {'line': b"WARNING: package 'gazebo_msgs' is deprecated (This package has been deprecated as of January 2025 with Gazebo classic 11 reaching\n"}
[37.183349] (racecar_description) StderrLine: {'line': b'      end-of-life. Users are highly encouraged to migrate to the new Gazebo\n'}
[37.183937] (racecar_description) StderrLine: {'line': b'      using our migration guides (https://gazebosim.org/docs/latest/gazebo_classic_migration))\n'}
[37.184381] (rl) StdoutLine: {'line': b'-- Using these message generators: gencpp;geneus;genlisp;gennodejs;genpy\n'}
[37.230262] (racecar_gazebo) StderrLine: {'line': b"WARNING: package 'gazebo_msgs' is deprecated (This package has been deprecated as of January 2025 with Gazebo classic 11 reaching\n"}
[37.232104] (racecar_gazebo) StderrLine: {'line': b'      end-of-life. Users are highly encouraged to migrate to the new Gazebo\n'}
[37.232730] (racecar_gazebo) StderrLine: {'line': b'      using our migration guides (https://gazebosim.org/docs/latest/gazebo_classic_migration))\n'}
[37.259370] (-) TimerEvent: {}
[37.268746] (rl) StderrLine: {'line': b"WARNING: package 'gazebo_msgs' is deprecated (This package has been deprecated as of January 2025 with Gazebo classic 11 reaching\n"}
[37.273289] (rl) StderrLine: {'line': b'      end-of-life. Users are highly encouraged to migrate to the new Gazebo\n'}
[37.275729] (rl) StderrLine: {'line': b'      using our migration guides (https://gazebosim.org/docs/latest/gazebo_classic_migration))\n'}
[37.365086] (rtreach) StderrLine: {'line': b"WARNING: package 'gazebo_ros' is deprecated (This package has been deprecated as of January 2025 with Gazebo classic 11 reaching\n"}
[37.366026] (-) TimerEvent: {}
[37.366262] (rtreach) StderrLine: {'line': b'      end-of-life. Users are highly encouraged to migrate to the new Gazebo\n'}
[37.367888] (rtreach) StderrLine: {'line': b'      using our migration guides (https://gazebosim.org/docs/latest/gazebo_classic_migration))\n'}
[37.467099] (-) TimerEvent: {}
[37.568193] (-) TimerEvent: {}
[37.598121] (rtreach) StdoutLine: {'line': b'-- Using these message generators: gencpp;geneus;genlisp;gennodejs;genpy\n'}
[37.672562] (-) TimerEvent: {}
[37.685184] (rtreach) StderrLine: {'line': b"WARNING: package 'gazebo_msgs' is deprecated (This package has been deprecated as of January 2025 with Gazebo classic 11 reaching\n"}
[37.685868] (rtreach) StderrLine: {'line': b'      end-of-life. Users are highly encouraged to migrate to the new Gazebo\n'}
[37.686689] (rtreach) StderrLine: {'line': b'      using our migration guides (https://gazebosim.org/docs/latest/gazebo_classic_migration))\n'}
[37.773449] (-) TimerEvent: {}
[37.878485] (-) TimerEvent: {}
[37.981481] (-) TimerEvent: {}
[38.084586] (-) TimerEvent: {}
[38.186995] (-) TimerEvent: {}
[38.290763] (-) TimerEvent: {}
[38.391913] (racecar_description) StdoutLine: {'line': b'-- Configuring done\n'}
[38.396811] (-) TimerEvent: {}
[38.406446] (racecar_gazebo) StdoutLine: {'line': b'-- Configuring done\n'}
[38.497099] (-) TimerEvent: {}
[38.598253] (-) TimerEvent: {}
[38.626932] (rtreach) StdoutLine: {'line': b'-- rtreach: 6 messages, 0 services\n'}
[38.699505] (-) TimerEvent: {}
[38.803218] (-) TimerEvent: {}
[38.904212] (-) TimerEvent: {}
[39.007168] (-) TimerEvent: {}
[39.108211] (-) TimerEvent: {}
[39.210414] (-) TimerEvent: {}
[39.238345] (racecar_gazebo) StdoutLine: {'line': b'-- Generating done\n'}
[39.240325] (racecar_description) StdoutLine: {'line': b'-- Generating done\n'}
[39.312387] (-) TimerEvent: {}
[39.421123] (-) TimerEvent: {}
[39.523217] (-) TimerEvent: {}
[39.622883] (rtreach) StdoutLine: {'line': b'-- Configuring done\n'}
[39.624494] (-) TimerEvent: {}
[39.725927] (-) TimerEvent: {}
[39.728976] (racecar_description) StdoutLine: {'line': b'-- Build files have been written to: /home/Platooning-F1Tenth/build/racecar_description\n'}
[39.737710] (racecar_gazebo) StdoutLine: {'line': b'-- Build files have been written to: /home/Platooning-F1Tenth/build/racecar_gazebo\n'}
[39.757775] (racecar_description) JobEnded: {'identifier': 'racecar_description', 'rc': 'SIGINT'}
[39.769318] (racecar_gazebo) JobEnded: {'identifier': 'racecar_gazebo', 'rc': 'SIGINT'}
[39.827149] (-) TimerEvent: {}
[39.929166] (-) TimerEvent: {}
[40.030645] (-) TimerEvent: {}
[40.133365] (-) TimerEvent: {}
[40.143234] (rl) StdoutLine: {'line': b'-- Configuring done\n'}
[40.234228] (-) TimerEvent: {}
[40.336434] (-) TimerEvent: {}
[40.441662] (-) TimerEvent: {}
[40.543178] (-) TimerEvent: {}
[40.645568] (-) TimerEvent: {}
[40.667394] (rl) StdoutLine: {'line': b'-- Generating done\n'}
[40.746380] (-) TimerEvent: {}
[40.777339] (rtreach) StdoutLine: {'line': b'-- Generating done\n'}
[40.847114] (-) TimerEvent: {}
[40.918565] (rl) StdoutLine: {'line': b'-- Build files have been written to: /home/Platooning-F1Tenth/build/rl\n'}
[40.939683] (rl) JobEnded: {'identifier': 'rl', 'rc': 'SIGINT'}
[40.948409] (-) TimerEvent: {}
[41.049116] (-) TimerEvent: {}
[41.092073] (rtreach) StdoutLine: {'line': b'-- Build files have been written to: /home/Platooning-F1Tenth/build/rtreach\n'}
[41.109538] (rtreach) JobEnded: {'identifier': 'rtreach', 'rc': 'SIGINT'}
[41.151136] (-) TimerEvent: {}
[41.254387] (-) TimerEvent: {}
[41.356616] (-) TimerEvent: {}
[41.458102] (-) TimerEvent: {}
[41.559626] (-) TimerEvent: {}
[41.661660] (-) TimerEvent: {}
[41.763377] (-) TimerEvent: {}
[41.864256] (-) TimerEvent: {}
[41.966097] (-) TimerEvent: {}
[42.067062] (-) TimerEvent: {}
[42.168052] (-) TimerEvent: {}
[42.269075] (-) TimerEvent: {}
[42.371233] (-) TimerEvent: {}
[42.472099] (-) TimerEvent: {}
[42.573152] (-) TimerEvent: {}
[42.674218] (-) TimerEvent: {}
[42.775088] (-) TimerEvent: {}
[42.876137] (-) TimerEvent: {}
[42.977083] (-) TimerEvent: {}
[43.078227] (-) TimerEvent: {}
[43.179078] (-) TimerEvent: {}
[43.280081] (-) TimerEvent: {}
[43.381134] (-) TimerEvent: {}
[43.482087] (-) TimerEvent: {}
[43.583066] (-) TimerEvent: {}
[43.652933] (multi_object_tracking_lidar) StderrLine: {'line': b'\x1b[01m\x1b[K/home/Platooning-F1Tenth/src/multiple-object-tracking-lidar/src/main.cpp:\x1b[m\x1b[K In function \xe2\x80\x98\x1b[01m\x1b[Kvoid cloud_cb(const PointCloud2ConstPtr&)\x1b[m\x1b[K\xe2\x80\x99:\n'}
[43.659995] (multi_object_tracking_lidar) StderrLine: {'line': b'\x1b[01m\x1b[K/home/Platooning-F1Tenth/src/multiple-object-tracking-lidar/src/main.cpp:647:23:\x1b[m\x1b[K \x1b[01;35m\x1b[Kwarning: \x1b[m\x1b[Kstatement will never be executed [\x1b[01;35m\x1b[K-Wswitch-unreachable\x1b[m\x1b[K]\n'}
[43.660206] (multi_object_tracking_lidar) StderrLine: {'line': b'  647 |                 cout<<\x1b[01;35m\x1b[K"Inside the switch case\\n"\x1b[m\x1b[K;\n'}
[43.660360] (multi_object_tracking_lidar) StderrLine: {'line': b'      |                       \x1b[01;35m\x1b[K^~~~~~~~~~~~~~~~~~~~~~~~~~\x1b[m\x1b[K\n'}
[43.684053] (-) TimerEvent: {}
[43.785064] (-) TimerEvent: {}
[43.886045] (-) TimerEvent: {}
[43.987045] (-) TimerEvent: {}
[44.088325] (-) TimerEvent: {}
[44.190210] (-) TimerEvent: {}
[44.291176] (-) TimerEvent: {}
[44.323067] (race) StdoutLine: {'line': b'[100%] \x1b[32m\x1b[1mLinking CXX executable devel/lib/race/laser_converter_node\x1b[0m\n'}
[44.392154] (-) TimerEvent: {}
[44.493081] (-) TimerEvent: {}
[44.601067] (-) TimerEvent: {}
[44.702084] (-) TimerEvent: {}
[44.806081] (-) TimerEvent: {}
[44.911167] (-) TimerEvent: {}
[44.983338] (race) StdoutLine: {'line': b'[100%] Built target laser_converter_node\n'}
[45.012034] (-) TimerEvent: {}
[45.040007] (race) JobEnded: {'identifier': 'race', 'rc': 'SIGINT'}
[45.066823] (multi_object_tracking_lidar) StdoutLine: {'line': b'[100%] \x1b[32m\x1b[1mLinking CXX executable devel/lib/multi_object_tracking_lidar/kf_tracker\x1b[0m\n'}
[45.113098] (-) TimerEvent: {}
[45.218039] (-) TimerEvent: {}
[45.323093] (-) TimerEvent: {}
[45.424041] (-) TimerEvent: {}
[45.527104] (-) TimerEvent: {}
[45.628070] (-) TimerEvent: {}
[45.729084] (-) TimerEvent: {}
[45.832104] (-) TimerEvent: {}
[45.933053] (-) TimerEvent: {}
[46.034054] (-) TimerEvent: {}
[46.139052] (-) TimerEvent: {}
[46.240067] (-) TimerEvent: {}
[46.257405] (multi_object_tracking_lidar) StdoutLine: {'line': b'[100%] Built target kf_tracker\n'}
[46.294511] (multi_object_tracking_lidar) JobEnded: {'identifier': 'multi_object_tracking_lidar', 'rc': 'SIGINT'}
[46.308281] (mpc) JobSkipped: {'identifier': 'mpc'}
[46.308439] (-) EventReactorShutdown: {}
