[0.109s] DEBUG:colcon:Command line arguments: ['/usr/bin/colcon', 'build']
[0.109s] DEBUG:colcon:Parsed command line arguments: Namespace(allow_overriding=[], ament_cmake_args=None, base_paths=['.'], build_base='build', catkin_cmake_args=None, catkin_skip_building_tests=False, cmake_args=None, cmake_clean_cache=False, cmake_clean_first=False, cmake_force_configure=False, cmake_target=None, cmake_target_skip_unavailable=False, continue_on_error=False, event_handlers=None, executor='parallel', ignore_user_meta=False, install_base='install', log_base=None, log_level=None, main=<bound method BuildVerb.main of <colcon_core.verb.build.BuildVerb object at 0x7ffffe647d00>>, merge_install=False, metas=['./colcon.meta'], packages_above=None, packages_above_and_dependencies=None, packages_above_depth=None, packages_end=None, packages_ignore=None, packages_ignore_regex=None, packages_select=None, packages_select_build_failed=False, packages_select_by_dep=None, packages_select_regex=None, packages_select_test_failures=False, packages_skip=None, packages_skip_build_finished=False, packages_skip_by_dep=None, packages_skip_regex=None, packages_skip_test_passed=False, packages_skip_up_to=None, packages_start=None, packages_up_to=None, packages_up_to_regex=None, parallel_workers=10, paths=None, symlink_install=False, test_result_base=None, verb_extension=<colcon_core.verb.build.BuildVerb object at 0x7ffffe647d00>, verb_name='build', verb_parser=<colcon_defaults.argument_parser.defaults.DefaultArgumentsDecorator object at 0x7ffffe523850>)
[0.218s] Level 1:colcon.colcon_core.package_discovery:discover_packages(colcon_meta) check parameters
[0.218s] Level 1:colcon.colcon_core.package_discovery:discover_packages(recursive) check parameters
[0.218s] Level 1:colcon.colcon_core.package_discovery:discover_packages(ignore) check parameters
[0.218s] Level 1:colcon.colcon_core.package_discovery:discover_packages(path) check parameters
[0.218s] Level 1:colcon.colcon_core.package_discovery:discover_packages(colcon_meta) discover
[0.218s] Level 1:colcon.colcon_core.package_discovery:discover_packages(recursive) discover
[0.218s] INFO:colcon.colcon_core.package_discovery:Crawling recursively for packages in '/home/Platooning-F1Tenth'
[0.219s] Level 1:colcon.colcon_core.package_identification:_identify(.) by extensions ['ignore', 'ignore_ament_install']
[0.219s] Level 1:colcon.colcon_core.package_identification:_identify(.) by extension 'ignore'
[0.219s] Level 1:colcon.colcon_core.package_identification:_identify(.) by extension 'ignore_ament_install'
[0.219s] Level 1:colcon.colcon_core.package_identification:_identify(.) by extensions ['colcon_pkg']
[0.219s] Level 1:colcon.colcon_core.package_identification:_identify(.) by extension 'colcon_pkg'
[0.219s] Level 1:colcon.colcon_core.package_identification:_identify(.) by extensions ['colcon_meta']
[0.219s] Level 1:colcon.colcon_core.package_identification:_identify(.) by extension 'colcon_meta'
[0.219s] Level 1:colcon.colcon_core.package_identification:_identify(.) by extensions ['ros']
[0.219s] Level 1:colcon.colcon_core.package_identification:_identify(.) by extension 'ros'
[0.225s] Level 1:colcon.colcon_core.package_identification:_identify(.) by extensions ['cmake', 'python']
[0.225s] Level 1:colcon.colcon_core.package_identification:_identify(.) by extension 'cmake'
[0.225s] Level 1:colcon.colcon_core.package_identification:_identify(.) by extension 'python'
[0.225s] Level 1:colcon.colcon_core.package_identification:_identify(.) by extensions ['python_setup_py']
[0.225s] Level 1:colcon.colcon_core.package_identification:_identify(.) by extension 'python_setup_py'
[0.226s] Level 1:colcon.colcon_core.package_identification:_identify(build) by extensions ['ignore', 'ignore_ament_install']
[0.226s] Level 1:colcon.colcon_core.package_identification:_identify(build) by extension 'ignore'
[0.226s] Level 1:colcon.colcon_core.package_identification:_identify(build) ignored
[0.226s] Level 1:colcon.colcon_core.package_identification:_identify(docker) by extensions ['ignore', 'ignore_ament_install']
[0.226s] Level 1:colcon.colcon_core.package_identification:_identify(docker) by extension 'ignore'
[0.226s] Level 1:colcon.colcon_core.package_identification:_identify(docker) by extension 'ignore_ament_install'
[0.226s] Level 1:colcon.colcon_core.package_identification:_identify(docker) by extensions ['colcon_pkg']
[0.226s] Level 1:colcon.colcon_core.package_identification:_identify(docker) by extension 'colcon_pkg'
[0.227s] Level 1:colcon.colcon_core.package_identification:_identify(docker) by extensions ['colcon_meta']
[0.227s] Level 1:colcon.colcon_core.package_identification:_identify(docker) by extension 'colcon_meta'
[0.227s] Level 1:colcon.colcon_core.package_identification:_identify(docker) by extensions ['ros']
[0.227s] Level 1:colcon.colcon_core.package_identification:_identify(docker) by extension 'ros'
[0.227s] Level 1:colcon.colcon_core.package_identification:_identify(docker) by extensions ['cmake', 'python']
[0.227s] Level 1:colcon.colcon_core.package_identification:_identify(docker) by extension 'cmake'
[0.227s] Level 1:colcon.colcon_core.package_identification:_identify(docker) by extension 'python'
[0.227s] Level 1:colcon.colcon_core.package_identification:_identify(docker) by extensions ['python_setup_py']
[0.227s] Level 1:colcon.colcon_core.package_identification:_identify(docker) by extension 'python_setup_py'
[0.227s] Level 1:colcon.colcon_core.package_identification:_identify(images) by extensions ['ignore', 'ignore_ament_install']
[0.227s] Level 1:colcon.colcon_core.package_identification:_identify(images) by extension 'ignore'
[0.227s] Level 1:colcon.colcon_core.package_identification:_identify(images) by extension 'ignore_ament_install'
[0.228s] Level 1:colcon.colcon_core.package_identification:_identify(images) by extensions ['colcon_pkg']
[0.228s] Level 1:colcon.colcon_core.package_identification:_identify(images) by extension 'colcon_pkg'
[0.228s] Level 1:colcon.colcon_core.package_identification:_identify(images) by extensions ['colcon_meta']
[0.228s] Level 1:colcon.colcon_core.package_identification:_identify(images) by extension 'colcon_meta'
[0.228s] Level 1:colcon.colcon_core.package_identification:_identify(images) by extensions ['ros']
[0.228s] Level 1:colcon.colcon_core.package_identification:_identify(images) by extension 'ros'
[0.228s] Level 1:colcon.colcon_core.package_identification:_identify(images) by extensions ['cmake', 'python']
[0.228s] Level 1:colcon.colcon_core.package_identification:_identify(images) by extension 'cmake'
[0.228s] Level 1:colcon.colcon_core.package_identification:_identify(images) by extension 'python'
[0.228s] Level 1:colcon.colcon_core.package_identification:_identify(images) by extensions ['python_setup_py']
[0.228s] Level 1:colcon.colcon_core.package_identification:_identify(images) by extension 'python_setup_py'
[0.228s] Level 1:colcon.colcon_core.package_identification:_identify(install) by extensions ['ignore', 'ignore_ament_install']
[0.228s] Level 1:colcon.colcon_core.package_identification:_identify(install) by extension 'ignore'
[0.228s] Level 1:colcon.colcon_core.package_identification:_identify(install) ignored
[0.229s] Level 1:colcon.colcon_core.package_identification:_identify(log) by extensions ['ignore', 'ignore_ament_install']
[0.229s] Level 1:colcon.colcon_core.package_identification:_identify(log) by extension 'ignore'
[0.229s] Level 1:colcon.colcon_core.package_identification:_identify(log) ignored
[0.230s] Level 1:colcon.colcon_core.package_identification:_identify(src) by extensions ['ignore', 'ignore_ament_install']
[0.230s] Level 1:colcon.colcon_core.package_identification:_identify(src) by extension 'ignore'
[0.230s] Level 1:colcon.colcon_core.package_identification:_identify(src) by extension 'ignore_ament_install'
[0.230s] Level 1:colcon.colcon_core.package_identification:_identify(src) by extensions ['colcon_pkg']
[0.230s] Level 1:colcon.colcon_core.package_identification:_identify(src) by extension 'colcon_pkg'
[0.230s] Level 1:colcon.colcon_core.package_identification:_identify(src) by extensions ['colcon_meta']
[0.230s] Level 1:colcon.colcon_core.package_identification:_identify(src) by extension 'colcon_meta'
[0.231s] Level 1:colcon.colcon_core.package_identification:_identify(src) by extensions ['ros']
[0.231s] Level 1:colcon.colcon_core.package_identification:_identify(src) by extension 'ros'
[0.231s] Level 1:colcon.colcon_core.package_identification:_identify(src) by extensions ['cmake', 'python']
[0.231s] Level 1:colcon.colcon_core.package_identification:_identify(src) by extension 'cmake'
[0.231s] Level 1:colcon.colcon_core.package_identification:_identify(src) by extension 'python'
[0.231s] Level 1:colcon.colcon_core.package_identification:_identify(src) by extensions ['python_setup_py']
[0.231s] Level 1:colcon.colcon_core.package_identification:_identify(src) by extension 'python_setup_py'
[0.231s] Level 1:colcon.colcon_core.package_identification:_identify(src/ackermann_cmd_mux) by extensions ['ignore', 'ignore_ament_install']
[0.231s] Level 1:colcon.colcon_core.package_identification:_identify(src/ackermann_cmd_mux) by extension 'ignore'
[0.231s] Level 1:colcon.colcon_core.package_identification:_identify(src/ackermann_cmd_mux) by extension 'ignore_ament_install'
[0.232s] Level 1:colcon.colcon_core.package_identification:_identify(src/ackermann_cmd_mux) by extensions ['colcon_pkg']
[0.232s] Level 1:colcon.colcon_core.package_identification:_identify(src/ackermann_cmd_mux) by extension 'colcon_pkg'
[0.232s] Level 1:colcon.colcon_core.package_identification:_identify(src/ackermann_cmd_mux) by extensions ['colcon_meta']
[0.232s] Level 1:colcon.colcon_core.package_identification:_identify(src/ackermann_cmd_mux) by extension 'colcon_meta'
[0.232s] Level 1:colcon.colcon_core.package_identification:_identify(src/ackermann_cmd_mux) by extensions ['ros']
[0.232s] Level 1:colcon.colcon_core.package_identification:_identify(src/ackermann_cmd_mux) by extension 'ros'
[0.237s] DEBUG:colcon.colcon_core.package_identification:Package 'src/ackermann_cmd_mux' with type 'ros.catkin' and name 'ackermann_cmd_mux'
[0.238s] Level 1:colcon.colcon_core.package_identification:_identify(src/cartographer_config) by extensions ['ignore', 'ignore_ament_install']
[0.238s] Level 1:colcon.colcon_core.package_identification:_identify(src/cartographer_config) by extension 'ignore'
[0.238s] Level 1:colcon.colcon_core.package_identification:_identify(src/cartographer_config) by extension 'ignore_ament_install'
[0.238s] Level 1:colcon.colcon_core.package_identification:_identify(src/cartographer_config) by extensions ['colcon_pkg']
[0.238s] Level 1:colcon.colcon_core.package_identification:_identify(src/cartographer_config) by extension 'colcon_pkg'
[0.238s] Level 1:colcon.colcon_core.package_identification:_identify(src/cartographer_config) by extensions ['colcon_meta']
[0.238s] Level 1:colcon.colcon_core.package_identification:_identify(src/cartographer_config) by extension 'colcon_meta'
[0.238s] Level 1:colcon.colcon_core.package_identification:_identify(src/cartographer_config) by extensions ['ros']
[0.238s] Level 1:colcon.colcon_core.package_identification:_identify(src/cartographer_config) by extension 'ros'
[0.238s] Level 1:colcon.colcon_core.package_identification:_identify(src/cartographer_config) by extensions ['cmake', 'python']
[0.238s] Level 1:colcon.colcon_core.package_identification:_identify(src/cartographer_config) by extension 'cmake'
[0.238s] Level 1:colcon.colcon_core.package_identification:_identify(src/cartographer_config) by extension 'python'
[0.238s] Level 1:colcon.colcon_core.package_identification:_identify(src/cartographer_config) by extensions ['python_setup_py']
[0.238s] Level 1:colcon.colcon_core.package_identification:_identify(src/cartographer_config) by extension 'python_setup_py'
[0.239s] Level 1:colcon.colcon_core.package_identification:_identify(src/computer_vision) by extensions ['ignore', 'ignore_ament_install']
[0.239s] Level 1:colcon.colcon_core.package_identification:_identify(src/computer_vision) by extension 'ignore'
[0.239s] Level 1:colcon.colcon_core.package_identification:_identify(src/computer_vision) by extension 'ignore_ament_install'
[0.239s] Level 1:colcon.colcon_core.package_identification:_identify(src/computer_vision) by extensions ['colcon_pkg']
[0.239s] Level 1:colcon.colcon_core.package_identification:_identify(src/computer_vision) by extension 'colcon_pkg'
[0.239s] Level 1:colcon.colcon_core.package_identification:_identify(src/computer_vision) by extensions ['colcon_meta']
[0.239s] Level 1:colcon.colcon_core.package_identification:_identify(src/computer_vision) by extension 'colcon_meta'
[0.239s] Level 1:colcon.colcon_core.package_identification:_identify(src/computer_vision) by extensions ['ros']
[0.239s] Level 1:colcon.colcon_core.package_identification:_identify(src/computer_vision) by extension 'ros'
[0.241s] DEBUG:colcon.colcon_core.package_identification:Package 'src/computer_vision' with type 'ros.catkin' and name 'computer_vision'
[0.241s] Level 1:colcon.colcon_core.package_identification:_identify(src/f110_rrt_star) by extensions ['ignore', 'ignore_ament_install']
[0.241s] Level 1:colcon.colcon_core.package_identification:_identify(src/f110_rrt_star) by extension 'ignore'
[0.241s] Level 1:colcon.colcon_core.package_identification:_identify(src/f110_rrt_star) by extension 'ignore_ament_install'
[0.241s] Level 1:colcon.colcon_core.package_identification:_identify(src/f110_rrt_star) by extensions ['colcon_pkg']
[0.241s] Level 1:colcon.colcon_core.package_identification:_identify(src/f110_rrt_star) by extension 'colcon_pkg'
[0.241s] Level 1:colcon.colcon_core.package_identification:_identify(src/f110_rrt_star) by extensions ['colcon_meta']
[0.241s] Level 1:colcon.colcon_core.package_identification:_identify(src/f110_rrt_star) by extension 'colcon_meta'
[0.241s] Level 1:colcon.colcon_core.package_identification:_identify(src/f110_rrt_star) by extensions ['ros']
[0.241s] Level 1:colcon.colcon_core.package_identification:_identify(src/f110_rrt_star) by extension 'ros'
[0.242s] DEBUG:colcon.colcon_core.package_identification:Package 'src/f110_rrt_star' with type 'ros.catkin' and name 'f110_rrt_star'
[0.242s] Level 1:colcon.colcon_core.package_identification:_identify(src/map_server) by extensions ['ignore', 'ignore_ament_install']
[0.242s] Level 1:colcon.colcon_core.package_identification:_identify(src/map_server) by extension 'ignore'
[0.243s] Level 1:colcon.colcon_core.package_identification:_identify(src/map_server) by extension 'ignore_ament_install'
[0.243s] Level 1:colcon.colcon_core.package_identification:_identify(src/map_server) by extensions ['colcon_pkg']
[0.243s] Level 1:colcon.colcon_core.package_identification:_identify(src/map_server) by extension 'colcon_pkg'
[0.243s] Level 1:colcon.colcon_core.package_identification:_identify(src/map_server) by extensions ['colcon_meta']
[0.243s] Level 1:colcon.colcon_core.package_identification:_identify(src/map_server) by extension 'colcon_meta'
[0.243s] Level 1:colcon.colcon_core.package_identification:_identify(src/map_server) by extensions ['ros']
[0.243s] Level 1:colcon.colcon_core.package_identification:_identify(src/map_server) by extension 'ros'
[0.244s] DEBUG:colcon.colcon_core.package_identification:Package 'src/map_server' with type 'ros.catkin' and name 'map_server2'
[0.244s] Level 1:colcon.colcon_core.package_identification:_identify(src/mpc) by extensions ['ignore', 'ignore_ament_install']
[0.244s] Level 1:colcon.colcon_core.package_identification:_identify(src/mpc) by extension 'ignore'
[0.244s] Level 1:colcon.colcon_core.package_identification:_identify(src/mpc) by extension 'ignore_ament_install'
[0.244s] Level 1:colcon.colcon_core.package_identification:_identify(src/mpc) by extensions ['colcon_pkg']
[0.244s] Level 1:colcon.colcon_core.package_identification:_identify(src/mpc) by extension 'colcon_pkg'
[0.244s] Level 1:colcon.colcon_core.package_identification:_identify(src/mpc) by extensions ['colcon_meta']
[0.244s] Level 1:colcon.colcon_core.package_identification:_identify(src/mpc) by extension 'colcon_meta'
[0.244s] Level 1:colcon.colcon_core.package_identification:_identify(src/mpc) by extensions ['ros']
[0.244s] Level 1:colcon.colcon_core.package_identification:_identify(src/mpc) by extension 'ros'
[0.245s] DEBUG:colcon.colcon_core.package_identification:Package 'src/mpc' with type 'ros.catkin' and name 'mpc'
[0.245s] Level 1:colcon.colcon_core.package_identification:_identify(src/multiple-object-tracking-lidar) by extensions ['ignore', 'ignore_ament_install']
[0.245s] Level 1:colcon.colcon_core.package_identification:_identify(src/multiple-object-tracking-lidar) by extension 'ignore'
[0.245s] Level 1:colcon.colcon_core.package_identification:_identify(src/multiple-object-tracking-lidar) by extension 'ignore_ament_install'
[0.245s] Level 1:colcon.colcon_core.package_identification:_identify(src/multiple-object-tracking-lidar) by extensions ['colcon_pkg']
[0.245s] Level 1:colcon.colcon_core.package_identification:_identify(src/multiple-object-tracking-lidar) by extension 'colcon_pkg'
[0.246s] Level 1:colcon.colcon_core.package_identification:_identify(src/multiple-object-tracking-lidar) by extensions ['colcon_meta']
[0.246s] Level 1:colcon.colcon_core.package_identification:_identify(src/multiple-object-tracking-lidar) by extension 'colcon_meta'
[0.246s] Level 1:colcon.colcon_core.package_identification:_identify(src/multiple-object-tracking-lidar) by extensions ['ros']
[0.246s] Level 1:colcon.colcon_core.package_identification:_identify(src/multiple-object-tracking-lidar) by extension 'ros'
[0.247s] DEBUG:colcon.colcon_core.package_identification:Package 'src/multiple-object-tracking-lidar' with type 'ros.catkin' and name 'multi_object_tracking_lidar'
[0.247s] Level 1:colcon.colcon_core.package_identification:_identify(src/particle_filter) by extensions ['ignore', 'ignore_ament_install']
[0.247s] Level 1:colcon.colcon_core.package_identification:_identify(src/particle_filter) by extension 'ignore'
[0.247s] Level 1:colcon.colcon_core.package_identification:_identify(src/particle_filter) by extension 'ignore_ament_install'
[0.247s] Level 1:colcon.colcon_core.package_identification:_identify(src/particle_filter) by extensions ['colcon_pkg']
[0.247s] Level 1:colcon.colcon_core.package_identification:_identify(src/particle_filter) by extension 'colcon_pkg'
[0.247s] Level 1:colcon.colcon_core.package_identification:_identify(src/particle_filter) by extensions ['colcon_meta']
[0.247s] Level 1:colcon.colcon_core.package_identification:_identify(src/particle_filter) by extension 'colcon_meta'
[0.247s] Level 1:colcon.colcon_core.package_identification:_identify(src/particle_filter) by extensions ['ros']
[0.247s] Level 1:colcon.colcon_core.package_identification:_identify(src/particle_filter) by extension 'ros'
[0.248s] DEBUG:colcon.colcon_core.package_identification:Package 'src/particle_filter' with type 'ros.catkin' and name 'particle_filter'
[0.248s] Level 1:colcon.colcon_core.package_identification:_identify(src/pure_pursuit) by extensions ['ignore', 'ignore_ament_install']
[0.248s] Level 1:colcon.colcon_core.package_identification:_identify(src/pure_pursuit) by extension 'ignore'
[0.248s] Level 1:colcon.colcon_core.package_identification:_identify(src/pure_pursuit) by extension 'ignore_ament_install'
[0.248s] Level 1:colcon.colcon_core.package_identification:_identify(src/pure_pursuit) by extensions ['colcon_pkg']
[0.248s] Level 1:colcon.colcon_core.package_identification:_identify(src/pure_pursuit) by extension 'colcon_pkg'
[0.248s] Level 1:colcon.colcon_core.package_identification:_identify(src/pure_pursuit) by extensions ['colcon_meta']
[0.248s] Level 1:colcon.colcon_core.package_identification:_identify(src/pure_pursuit) by extension 'colcon_meta'
[0.248s] Level 1:colcon.colcon_core.package_identification:_identify(src/pure_pursuit) by extensions ['ros']
[0.248s] Level 1:colcon.colcon_core.package_identification:_identify(src/pure_pursuit) by extension 'ros'
[0.249s] DEBUG:colcon.colcon_core.package_identification:Package 'src/pure_pursuit' with type 'ros.catkin' and name 'pure_pursuit'
[0.249s] Level 1:colcon.colcon_core.package_identification:_identify(src/race) by extensions ['ignore', 'ignore_ament_install']
[0.249s] Level 1:colcon.colcon_core.package_identification:_identify(src/race) by extension 'ignore'
[0.249s] Level 1:colcon.colcon_core.package_identification:_identify(src/race) by extension 'ignore_ament_install'
[0.249s] Level 1:colcon.colcon_core.package_identification:_identify(src/race) by extensions ['colcon_pkg']
[0.249s] Level 1:colcon.colcon_core.package_identification:_identify(src/race) by extension 'colcon_pkg'
[0.249s] Level 1:colcon.colcon_core.package_identification:_identify(src/race) by extensions ['colcon_meta']
[0.249s] Level 1:colcon.colcon_core.package_identification:_identify(src/race) by extension 'colcon_meta'
[0.250s] Level 1:colcon.colcon_core.package_identification:_identify(src/race) by extensions ['ros']
[0.250s] Level 1:colcon.colcon_core.package_identification:_identify(src/race) by extension 'ros'
[0.263s] DEBUG:colcon.colcon_core.package_identification:Package 'src/race' with type 'ros.catkin' and name 'race'
[0.263s] Level 1:colcon.colcon_core.package_identification:_identify(src/racecar) by extensions ['ignore', 'ignore_ament_install']
[0.263s] Level 1:colcon.colcon_core.package_identification:_identify(src/racecar) by extension 'ignore'
[0.263s] Level 1:colcon.colcon_core.package_identification:_identify(src/racecar) by extension 'ignore_ament_install'
[0.263s] Level 1:colcon.colcon_core.package_identification:_identify(src/racecar) by extensions ['colcon_pkg']
[0.263s] Level 1:colcon.colcon_core.package_identification:_identify(src/racecar) by extension 'colcon_pkg'
[0.263s] Level 1:colcon.colcon_core.package_identification:_identify(src/racecar) by extensions ['colcon_meta']
[0.263s] Level 1:colcon.colcon_core.package_identification:_identify(src/racecar) by extension 'colcon_meta'
[0.263s] Level 1:colcon.colcon_core.package_identification:_identify(src/racecar) by extensions ['ros']
[0.263s] Level 1:colcon.colcon_core.package_identification:_identify(src/racecar) by extension 'ros'
[0.264s] DEBUG:colcon.colcon_core.package_identification:Package 'src/racecar' with type 'ros.catkin' and name 'racecar'
[0.264s] Level 1:colcon.colcon_core.package_identification:_identify(src/rl) by extensions ['ignore', 'ignore_ament_install']
[0.265s] Level 1:colcon.colcon_core.package_identification:_identify(src/rl) by extension 'ignore'
[0.265s] Level 1:colcon.colcon_core.package_identification:_identify(src/rl) by extension 'ignore_ament_install'
[0.265s] Level 1:colcon.colcon_core.package_identification:_identify(src/rl) by extensions ['colcon_pkg']
[0.265s] Level 1:colcon.colcon_core.package_identification:_identify(src/rl) by extension 'colcon_pkg'
[0.265s] Level 1:colcon.colcon_core.package_identification:_identify(src/rl) by extensions ['colcon_meta']
[0.265s] Level 1:colcon.colcon_core.package_identification:_identify(src/rl) by extension 'colcon_meta'
[0.265s] Level 1:colcon.colcon_core.package_identification:_identify(src/rl) by extensions ['ros']
[0.265s] Level 1:colcon.colcon_core.package_identification:_identify(src/rl) by extension 'ros'
[0.266s] DEBUG:colcon.colcon_core.package_identification:Package 'src/rl' with type 'ros.catkin' and name 'rl'
[0.266s] Level 1:colcon.colcon_core.package_identification:_identify(src/rtreach) by extensions ['ignore', 'ignore_ament_install']
[0.266s] Level 1:colcon.colcon_core.package_identification:_identify(src/rtreach) by extension 'ignore'
[0.266s] Level 1:colcon.colcon_core.package_identification:_identify(src/rtreach) by extension 'ignore_ament_install'
[0.266s] Level 1:colcon.colcon_core.package_identification:_identify(src/rtreach) by extensions ['colcon_pkg']
[0.266s] Level 1:colcon.colcon_core.package_identification:_identify(src/rtreach) by extension 'colcon_pkg'
[0.266s] Level 1:colcon.colcon_core.package_identification:_identify(src/rtreach) by extensions ['colcon_meta']
[0.266s] Level 1:colcon.colcon_core.package_identification:_identify(src/rtreach) by extension 'colcon_meta'
[0.266s] Level 1:colcon.colcon_core.package_identification:_identify(src/rtreach) by extensions ['ros']
[0.266s] Level 1:colcon.colcon_core.package_identification:_identify(src/rtreach) by extension 'ros'
[0.267s] DEBUG:colcon.colcon_core.package_identification:Package 'src/rtreach' with type 'ros.catkin' and name 'rtreach'
[0.267s] Level 1:colcon.colcon_core.package_identification:_identify(src/simulator) by extensions ['ignore', 'ignore_ament_install']
[0.267s] Level 1:colcon.colcon_core.package_identification:_identify(src/simulator) by extension 'ignore'
[0.267s] Level 1:colcon.colcon_core.package_identification:_identify(src/simulator) by extension 'ignore_ament_install'
[0.268s] Level 1:colcon.colcon_core.package_identification:_identify(src/simulator) by extensions ['colcon_pkg']
[0.268s] Level 1:colcon.colcon_core.package_identification:_identify(src/simulator) by extension 'colcon_pkg'
[0.268s] Level 1:colcon.colcon_core.package_identification:_identify(src/simulator) by extensions ['colcon_meta']
[0.268s] Level 1:colcon.colcon_core.package_identification:_identify(src/simulator) by extension 'colcon_meta'
[0.268s] Level 1:colcon.colcon_core.package_identification:_identify(src/simulator) by extensions ['ros']
[0.268s] Level 1:colcon.colcon_core.package_identification:_identify(src/simulator) by extension 'ros'
[0.268s] Level 1:colcon.colcon_core.package_identification:_identify(src/simulator) by extensions ['cmake', 'python']
[0.268s] Level 1:colcon.colcon_core.package_identification:_identify(src/simulator) by extension 'cmake'
[0.268s] Level 1:colcon.colcon_core.package_identification:_identify(src/simulator) by extension 'python'
[0.268s] Level 1:colcon.colcon_core.package_identification:_identify(src/simulator) by extensions ['python_setup_py']
[0.268s] Level 1:colcon.colcon_core.package_identification:_identify(src/simulator) by extension 'python_setup_py'
[0.268s] Level 1:colcon.colcon_core.package_identification:_identify(src/simulator/racecar-simulator) by extensions ['ignore', 'ignore_ament_install']
[0.268s] Level 1:colcon.colcon_core.package_identification:_identify(src/simulator/racecar-simulator) by extension 'ignore'
[0.268s] Level 1:colcon.colcon_core.package_identification:_identify(src/simulator/racecar-simulator) by extension 'ignore_ament_install'
[0.268s] Level 1:colcon.colcon_core.package_identification:_identify(src/simulator/racecar-simulator) by extensions ['colcon_pkg']
[0.268s] Level 1:colcon.colcon_core.package_identification:_identify(src/simulator/racecar-simulator) by extension 'colcon_pkg'
[0.269s] Level 1:colcon.colcon_core.package_identification:_identify(src/simulator/racecar-simulator) by extensions ['colcon_meta']
[0.269s] Level 1:colcon.colcon_core.package_identification:_identify(src/simulator/racecar-simulator) by extension 'colcon_meta'
[0.269s] Level 1:colcon.colcon_core.package_identification:_identify(src/simulator/racecar-simulator) by extensions ['ros']
[0.269s] Level 1:colcon.colcon_core.package_identification:_identify(src/simulator/racecar-simulator) by extension 'ros'
[0.269s] Level 1:colcon.colcon_core.package_identification:_identify(src/simulator/racecar-simulator) by extensions ['cmake', 'python']
[0.269s] Level 1:colcon.colcon_core.package_identification:_identify(src/simulator/racecar-simulator) by extension 'cmake'
[0.269s] Level 1:colcon.colcon_core.package_identification:_identify(src/simulator/racecar-simulator) by extension 'python'
[0.269s] Level 1:colcon.colcon_core.package_identification:_identify(src/simulator/racecar-simulator) by extensions ['python_setup_py']
[0.269s] Level 1:colcon.colcon_core.package_identification:_identify(src/simulator/racecar-simulator) by extension 'python_setup_py'
[0.269s] Level 1:colcon.colcon_core.package_identification:_identify(src/simulator/racecar-simulator/racecar_control) by extensions ['ignore', 'ignore_ament_install']
[0.269s] Level 1:colcon.colcon_core.package_identification:_identify(src/simulator/racecar-simulator/racecar_control) by extension 'ignore'
[0.269s] Level 1:colcon.colcon_core.package_identification:_identify(src/simulator/racecar-simulator/racecar_control) by extension 'ignore_ament_install'
[0.269s] Level 1:colcon.colcon_core.package_identification:_identify(src/simulator/racecar-simulator/racecar_control) by extensions ['colcon_pkg']
[0.269s] Level 1:colcon.colcon_core.package_identification:_identify(src/simulator/racecar-simulator/racecar_control) by extension 'colcon_pkg'
[0.269s] Level 1:colcon.colcon_core.package_identification:_identify(src/simulator/racecar-simulator/racecar_control) by extensions ['colcon_meta']
[0.269s] Level 1:colcon.colcon_core.package_identification:_identify(src/simulator/racecar-simulator/racecar_control) by extension 'colcon_meta'
[0.269s] Level 1:colcon.colcon_core.package_identification:_identify(src/simulator/racecar-simulator/racecar_control) by extensions ['ros']
[0.270s] Level 1:colcon.colcon_core.package_identification:_identify(src/simulator/racecar-simulator/racecar_control) by extension 'ros'
[0.270s] DEBUG:colcon.colcon_core.package_identification:Package 'src/simulator/racecar-simulator/racecar_control' with type 'ros.catkin' and name 'racecar_control'
[0.270s] Level 1:colcon.colcon_core.package_identification:_identify(src/simulator/racecar-simulator/racecar_description) by extensions ['ignore', 'ignore_ament_install']
[0.270s] Level 1:colcon.colcon_core.package_identification:_identify(src/simulator/racecar-simulator/racecar_description) by extension 'ignore'
[0.270s] Level 1:colcon.colcon_core.package_identification:_identify(src/simulator/racecar-simulator/racecar_description) by extension 'ignore_ament_install'
[0.270s] Level 1:colcon.colcon_core.package_identification:_identify(src/simulator/racecar-simulator/racecar_description) by extensions ['colcon_pkg']
[0.270s] Level 1:colcon.colcon_core.package_identification:_identify(src/simulator/racecar-simulator/racecar_description) by extension 'colcon_pkg'
[0.270s] Level 1:colcon.colcon_core.package_identification:_identify(src/simulator/racecar-simulator/racecar_description) by extensions ['colcon_meta']
[0.270s] Level 1:colcon.colcon_core.package_identification:_identify(src/simulator/racecar-simulator/racecar_description) by extension 'colcon_meta'
[0.270s] Level 1:colcon.colcon_core.package_identification:_identify(src/simulator/racecar-simulator/racecar_description) by extensions ['ros']
[0.271s] Level 1:colcon.colcon_core.package_identification:_identify(src/simulator/racecar-simulator/racecar_description) by extension 'ros'
[0.271s] DEBUG:colcon.colcon_core.package_identification:Package 'src/simulator/racecar-simulator/racecar_description' with type 'ros.catkin' and name 'racecar_description'
[0.271s] Level 1:colcon.colcon_core.package_identification:_identify(src/simulator/racecar-simulator/racecar_gazebo) by extensions ['ignore', 'ignore_ament_install']
[0.271s] Level 1:colcon.colcon_core.package_identification:_identify(src/simulator/racecar-simulator/racecar_gazebo) by extension 'ignore'
[0.272s] Level 1:colcon.colcon_core.package_identification:_identify(src/simulator/racecar-simulator/racecar_gazebo) by extension 'ignore_ament_install'
[0.272s] Level 1:colcon.colcon_core.package_identification:_identify(src/simulator/racecar-simulator/racecar_gazebo) by extensions ['colcon_pkg']
[0.272s] Level 1:colcon.colcon_core.package_identification:_identify(src/simulator/racecar-simulator/racecar_gazebo) by extension 'colcon_pkg'
[0.272s] Level 1:colcon.colcon_core.package_identification:_identify(src/simulator/racecar-simulator/racecar_gazebo) by extensions ['colcon_meta']
[0.272s] Level 1:colcon.colcon_core.package_identification:_identify(src/simulator/racecar-simulator/racecar_gazebo) by extension 'colcon_meta'
[0.272s] Level 1:colcon.colcon_core.package_identification:_identify(src/simulator/racecar-simulator/racecar_gazebo) by extensions ['ros']
[0.272s] Level 1:colcon.colcon_core.package_identification:_identify(src/simulator/racecar-simulator/racecar_gazebo) by extension 'ros'
[0.273s] DEBUG:colcon.colcon_core.package_identification:Package 'src/simulator/racecar-simulator/racecar_gazebo' with type 'ros.catkin' and name 'racecar_gazebo'
[0.273s] Level 1:colcon.colcon_core.package_discovery:discover_packages(recursive) using defaults
[0.273s] Level 1:colcon.colcon_core.package_discovery:discover_packages(ignore) discover
[0.273s] Level 1:colcon.colcon_core.package_discovery:discover_packages(ignore) using defaults
[0.273s] Level 1:colcon.colcon_core.package_discovery:discover_packages(path) discover
[0.273s] Level 1:colcon.colcon_core.package_discovery:discover_packages(path) using defaults
[0.286s] Level 1:colcon.colcon_core.package_discovery:discover_packages(prefix_path) check parameters
[0.286s] Level 1:colcon.colcon_core.package_discovery:discover_packages(prefix_path) discover
[0.287s] Level 1:colcon.colcon_core.package_discovery:discover_packages(prefix_path) using defaults
[0.287s] Level 5:colcon.colcon_core.verb:set package 'ackermann_cmd_mux' build argument 'cmake_args' from command line to 'None'
[0.287s] Level 5:colcon.colcon_core.verb:set package 'ackermann_cmd_mux' build argument 'cmake_target' from command line to 'None'
[0.287s] Level 5:colcon.colcon_core.verb:set package 'ackermann_cmd_mux' build argument 'cmake_target_skip_unavailable' from command line to 'False'
[0.287s] Level 5:colcon.colcon_core.verb:set package 'ackermann_cmd_mux' build argument 'cmake_clean_cache' from command line to 'False'
[0.288s] Level 5:colcon.colcon_core.verb:set package 'ackermann_cmd_mux' build argument 'cmake_clean_first' from command line to 'False'
[0.288s] Level 5:colcon.colcon_core.verb:set package 'ackermann_cmd_mux' build argument 'cmake_force_configure' from command line to 'False'
[0.288s] Level 5:colcon.colcon_core.verb:set package 'ackermann_cmd_mux' build argument 'ament_cmake_args' from command line to 'None'
[0.288s] Level 5:colcon.colcon_core.verb:set package 'ackermann_cmd_mux' build argument 'catkin_cmake_args' from command line to 'None'
[0.288s] Level 5:colcon.colcon_core.verb:set package 'ackermann_cmd_mux' build argument 'catkin_skip_building_tests' from command line to 'False'
[0.288s] DEBUG:colcon.colcon_core.verb:Building package 'ackermann_cmd_mux' with the following arguments: {'ament_cmake_args': None, 'build_base': '/home/Platooning-F1Tenth/build/ackermann_cmd_mux', 'catkin_cmake_args': None, 'catkin_skip_building_tests': False, 'cmake_args': None, 'cmake_clean_cache': False, 'cmake_clean_first': False, 'cmake_force_configure': False, 'cmake_target': None, 'cmake_target_skip_unavailable': False, 'install_base': '/home/Platooning-F1Tenth/install/ackermann_cmd_mux', 'merge_install': False, 'path': '/home/Platooning-F1Tenth/src/ackermann_cmd_mux', 'symlink_install': False, 'test_result_base': None}
[0.288s] Level 5:colcon.colcon_core.verb:set package 'computer_vision' build argument 'cmake_args' from command line to 'None'
[0.288s] Level 5:colcon.colcon_core.verb:set package 'computer_vision' build argument 'cmake_target' from command line to 'None'
[0.288s] Level 5:colcon.colcon_core.verb:set package 'computer_vision' build argument 'cmake_target_skip_unavailable' from command line to 'False'
[0.288s] Level 5:colcon.colcon_core.verb:set package 'computer_vision' build argument 'cmake_clean_cache' from command line to 'False'
[0.288s] Level 5:colcon.colcon_core.verb:set package 'computer_vision' build argument 'cmake_clean_first' from command line to 'False'
[0.288s] Level 5:colcon.colcon_core.verb:set package 'computer_vision' build argument 'cmake_force_configure' from command line to 'False'
[0.288s] Level 5:colcon.colcon_core.verb:set package 'computer_vision' build argument 'ament_cmake_args' from command line to 'None'
[0.288s] Level 5:colcon.colcon_core.verb:set package 'computer_vision' build argument 'catkin_cmake_args' from command line to 'None'
[0.288s] Level 5:colcon.colcon_core.verb:set package 'computer_vision' build argument 'catkin_skip_building_tests' from command line to 'False'
[0.288s] DEBUG:colcon.colcon_core.verb:Building package 'computer_vision' with the following arguments: {'ament_cmake_args': None, 'build_base': '/home/Platooning-F1Tenth/build/computer_vision', 'catkin_cmake_args': None, 'catkin_skip_building_tests': False, 'cmake_args': None, 'cmake_clean_cache': False, 'cmake_clean_first': False, 'cmake_force_configure': False, 'cmake_target': None, 'cmake_target_skip_unavailable': False, 'install_base': '/home/Platooning-F1Tenth/install/computer_vision', 'merge_install': False, 'path': '/home/Platooning-F1Tenth/src/computer_vision', 'symlink_install': False, 'test_result_base': None}
[0.289s] Level 5:colcon.colcon_core.verb:set package 'f110_rrt_star' build argument 'cmake_args' from command line to 'None'
[0.289s] Level 5:colcon.colcon_core.verb:set package 'f110_rrt_star' build argument 'cmake_target' from command line to 'None'
[0.289s] Level 5:colcon.colcon_core.verb:set package 'f110_rrt_star' build argument 'cmake_target_skip_unavailable' from command line to 'False'
[0.289s] Level 5:colcon.colcon_core.verb:set package 'f110_rrt_star' build argument 'cmake_clean_cache' from command line to 'False'
[0.289s] Level 5:colcon.colcon_core.verb:set package 'f110_rrt_star' build argument 'cmake_clean_first' from command line to 'False'
[0.289s] Level 5:colcon.colcon_core.verb:set package 'f110_rrt_star' build argument 'cmake_force_configure' from command line to 'False'
[0.289s] Level 5:colcon.colcon_core.verb:set package 'f110_rrt_star' build argument 'ament_cmake_args' from command line to 'None'
[0.289s] Level 5:colcon.colcon_core.verb:set package 'f110_rrt_star' build argument 'catkin_cmake_args' from command line to 'None'
[0.289s] Level 5:colcon.colcon_core.verb:set package 'f110_rrt_star' build argument 'catkin_skip_building_tests' from command line to 'False'
[0.289s] DEBUG:colcon.colcon_core.verb:Building package 'f110_rrt_star' with the following arguments: {'ament_cmake_args': None, 'build_base': '/home/Platooning-F1Tenth/build/f110_rrt_star', 'catkin_cmake_args': None, 'catkin_skip_building_tests': False, 'cmake_args': None, 'cmake_clean_cache': False, 'cmake_clean_first': False, 'cmake_force_configure': False, 'cmake_target': None, 'cmake_target_skip_unavailable': False, 'install_base': '/home/Platooning-F1Tenth/install/f110_rrt_star', 'merge_install': False, 'path': '/home/Platooning-F1Tenth/src/f110_rrt_star', 'symlink_install': False, 'test_result_base': None}
[0.289s] Level 5:colcon.colcon_core.verb:set package 'map_server2' build argument 'cmake_args' from command line to 'None'
[0.289s] Level 5:colcon.colcon_core.verb:set package 'map_server2' build argument 'cmake_target' from command line to 'None'
[0.289s] Level 5:colcon.colcon_core.verb:set package 'map_server2' build argument 'cmake_target_skip_unavailable' from command line to 'False'
[0.289s] Level 5:colcon.colcon_core.verb:set package 'map_server2' build argument 'cmake_clean_cache' from command line to 'False'
[0.289s] Level 5:colcon.colcon_core.verb:set package 'map_server2' build argument 'cmake_clean_first' from command line to 'False'
[0.289s] Level 5:colcon.colcon_core.verb:set package 'map_server2' build argument 'cmake_force_configure' from command line to 'False'
[0.289s] Level 5:colcon.colcon_core.verb:set package 'map_server2' build argument 'ament_cmake_args' from command line to 'None'
[0.289s] Level 5:colcon.colcon_core.verb:set package 'map_server2' build argument 'catkin_cmake_args' from command line to 'None'
[0.290s] Level 5:colcon.colcon_core.verb:set package 'map_server2' build argument 'catkin_skip_building_tests' from command line to 'False'
[0.290s] DEBUG:colcon.colcon_core.verb:Building package 'map_server2' with the following arguments: {'ament_cmake_args': None, 'build_base': '/home/Platooning-F1Tenth/build/map_server2', 'catkin_cmake_args': None, 'catkin_skip_building_tests': False, 'cmake_args': None, 'cmake_clean_cache': False, 'cmake_clean_first': False, 'cmake_force_configure': False, 'cmake_target': None, 'cmake_target_skip_unavailable': False, 'install_base': '/home/Platooning-F1Tenth/install/map_server2', 'merge_install': False, 'path': '/home/Platooning-F1Tenth/src/map_server', 'symlink_install': False, 'test_result_base': None}
[0.290s] Level 5:colcon.colcon_core.verb:set package 'multi_object_tracking_lidar' build argument 'cmake_args' from command line to 'None'
[0.290s] Level 5:colcon.colcon_core.verb:set package 'multi_object_tracking_lidar' build argument 'cmake_target' from command line to 'None'
[0.290s] Level 5:colcon.colcon_core.verb:set package 'multi_object_tracking_lidar' build argument 'cmake_target_skip_unavailable' from command line to 'False'
[0.290s] Level 5:colcon.colcon_core.verb:set package 'multi_object_tracking_lidar' build argument 'cmake_clean_cache' from command line to 'False'
[0.290s] Level 5:colcon.colcon_core.verb:set package 'multi_object_tracking_lidar' build argument 'cmake_clean_first' from command line to 'False'
[0.290s] Level 5:colcon.colcon_core.verb:set package 'multi_object_tracking_lidar' build argument 'cmake_force_configure' from command line to 'False'
[0.290s] Level 5:colcon.colcon_core.verb:set package 'multi_object_tracking_lidar' build argument 'ament_cmake_args' from command line to 'None'
[0.290s] Level 5:colcon.colcon_core.verb:set package 'multi_object_tracking_lidar' build argument 'catkin_cmake_args' from command line to 'None'
[0.290s] Level 5:colcon.colcon_core.verb:set package 'multi_object_tracking_lidar' build argument 'catkin_skip_building_tests' from command line to 'False'
[0.290s] DEBUG:colcon.colcon_core.verb:Building package 'multi_object_tracking_lidar' with the following arguments: {'ament_cmake_args': None, 'build_base': '/home/Platooning-F1Tenth/build/multi_object_tracking_lidar', 'catkin_cmake_args': None, 'catkin_skip_building_tests': False, 'cmake_args': None, 'cmake_clean_cache': False, 'cmake_clean_first': False, 'cmake_force_configure': False, 'cmake_target': None, 'cmake_target_skip_unavailable': False, 'install_base': '/home/Platooning-F1Tenth/install/multi_object_tracking_lidar', 'merge_install': False, 'path': '/home/Platooning-F1Tenth/src/multiple-object-tracking-lidar', 'symlink_install': False, 'test_result_base': None}
[0.290s] Level 5:colcon.colcon_core.verb:set package 'particle_filter' build argument 'cmake_args' from command line to 'None'
[0.291s] Level 5:colcon.colcon_core.verb:set package 'particle_filter' build argument 'cmake_target' from command line to 'None'
[0.291s] Level 5:colcon.colcon_core.verb:set package 'particle_filter' build argument 'cmake_target_skip_unavailable' from command line to 'False'
[0.291s] Level 5:colcon.colcon_core.verb:set package 'particle_filter' build argument 'cmake_clean_cache' from command line to 'False'
[0.291s] Level 5:colcon.colcon_core.verb:set package 'particle_filter' build argument 'cmake_clean_first' from command line to 'False'
[0.291s] Level 5:colcon.colcon_core.verb:set package 'particle_filter' build argument 'cmake_force_configure' from command line to 'False'
[0.291s] Level 5:colcon.colcon_core.verb:set package 'particle_filter' build argument 'ament_cmake_args' from command line to 'None'
[0.291s] Level 5:colcon.colcon_core.verb:set package 'particle_filter' build argument 'catkin_cmake_args' from command line to 'None'
[0.291s] Level 5:colcon.colcon_core.verb:set package 'particle_filter' build argument 'catkin_skip_building_tests' from command line to 'False'
[0.291s] DEBUG:colcon.colcon_core.verb:Building package 'particle_filter' with the following arguments: {'ament_cmake_args': None, 'build_base': '/home/Platooning-F1Tenth/build/particle_filter', 'catkin_cmake_args': None, 'catkin_skip_building_tests': False, 'cmake_args': None, 'cmake_clean_cache': False, 'cmake_clean_first': False, 'cmake_force_configure': False, 'cmake_target': None, 'cmake_target_skip_unavailable': False, 'install_base': '/home/Platooning-F1Tenth/install/particle_filter', 'merge_install': False, 'path': '/home/Platooning-F1Tenth/src/particle_filter', 'symlink_install': False, 'test_result_base': None}
[0.291s] Level 5:colcon.colcon_core.verb:set package 'pure_pursuit' build argument 'cmake_args' from command line to 'None'
[0.291s] Level 5:colcon.colcon_core.verb:set package 'pure_pursuit' build argument 'cmake_target' from command line to 'None'
[0.291s] Level 5:colcon.colcon_core.verb:set package 'pure_pursuit' build argument 'cmake_target_skip_unavailable' from command line to 'False'
[0.291s] Level 5:colcon.colcon_core.verb:set package 'pure_pursuit' build argument 'cmake_clean_cache' from command line to 'False'
[0.291s] Level 5:colcon.colcon_core.verb:set package 'pure_pursuit' build argument 'cmake_clean_first' from command line to 'False'
[0.291s] Level 5:colcon.colcon_core.verb:set package 'pure_pursuit' build argument 'cmake_force_configure' from command line to 'False'
[0.291s] Level 5:colcon.colcon_core.verb:set package 'pure_pursuit' build argument 'ament_cmake_args' from command line to 'None'
[0.291s] Level 5:colcon.colcon_core.verb:set package 'pure_pursuit' build argument 'catkin_cmake_args' from command line to 'None'
[0.291s] Level 5:colcon.colcon_core.verb:set package 'pure_pursuit' build argument 'catkin_skip_building_tests' from command line to 'False'
[0.291s] DEBUG:colcon.colcon_core.verb:Building package 'pure_pursuit' with the following arguments: {'ament_cmake_args': None, 'build_base': '/home/Platooning-F1Tenth/build/pure_pursuit', 'catkin_cmake_args': None, 'catkin_skip_building_tests': False, 'cmake_args': None, 'cmake_clean_cache': False, 'cmake_clean_first': False, 'cmake_force_configure': False, 'cmake_target': None, 'cmake_target_skip_unavailable': False, 'install_base': '/home/Platooning-F1Tenth/install/pure_pursuit', 'merge_install': False, 'path': '/home/Platooning-F1Tenth/src/pure_pursuit', 'symlink_install': False, 'test_result_base': None}
[0.292s] Level 5:colcon.colcon_core.verb:set package 'race' build argument 'cmake_args' from command line to 'None'
[0.292s] Level 5:colcon.colcon_core.verb:set package 'race' build argument 'cmake_target' from command line to 'None'
[0.292s] Level 5:colcon.colcon_core.verb:set package 'race' build argument 'cmake_target_skip_unavailable' from command line to 'False'
[0.292s] Level 5:colcon.colcon_core.verb:set package 'race' build argument 'cmake_clean_cache' from command line to 'False'
[0.292s] Level 5:colcon.colcon_core.verb:set package 'race' build argument 'cmake_clean_first' from command line to 'False'
[0.292s] Level 5:colcon.colcon_core.verb:set package 'race' build argument 'cmake_force_configure' from command line to 'False'
[0.292s] Level 5:colcon.colcon_core.verb:set package 'race' build argument 'ament_cmake_args' from command line to 'None'
[0.292s] Level 5:colcon.colcon_core.verb:set package 'race' build argument 'catkin_cmake_args' from command line to 'None'
[0.292s] Level 5:colcon.colcon_core.verb:set package 'race' build argument 'catkin_skip_building_tests' from command line to 'False'
[0.292s] DEBUG:colcon.colcon_core.verb:Building package 'race' with the following arguments: {'ament_cmake_args': None, 'build_base': '/home/Platooning-F1Tenth/build/race', 'catkin_cmake_args': None, 'catkin_skip_building_tests': False, 'cmake_args': None, 'cmake_clean_cache': False, 'cmake_clean_first': False, 'cmake_force_configure': False, 'cmake_target': None, 'cmake_target_skip_unavailable': False, 'install_base': '/home/Platooning-F1Tenth/install/race', 'merge_install': False, 'path': '/home/Platooning-F1Tenth/src/race', 'symlink_install': False, 'test_result_base': None}
[0.292s] Level 5:colcon.colcon_core.verb:set package 'racecar' build argument 'cmake_args' from command line to 'None'
[0.292s] Level 5:colcon.colcon_core.verb:set package 'racecar' build argument 'cmake_target' from command line to 'None'
[0.292s] Level 5:colcon.colcon_core.verb:set package 'racecar' build argument 'cmake_target_skip_unavailable' from command line to 'False'
[0.292s] Level 5:colcon.colcon_core.verb:set package 'racecar' build argument 'cmake_clean_cache' from command line to 'False'
[0.292s] Level 5:colcon.colcon_core.verb:set package 'racecar' build argument 'cmake_clean_first' from command line to 'False'
[0.292s] Level 5:colcon.colcon_core.verb:set package 'racecar' build argument 'cmake_force_configure' from command line to 'False'
[0.292s] Level 5:colcon.colcon_core.verb:set package 'racecar' build argument 'ament_cmake_args' from command line to 'None'
[0.293s] Level 5:colcon.colcon_core.verb:set package 'racecar' build argument 'catkin_cmake_args' from command line to 'None'
[0.293s] Level 5:colcon.colcon_core.verb:set package 'racecar' build argument 'catkin_skip_building_tests' from command line to 'False'
[0.293s] DEBUG:colcon.colcon_core.verb:Building package 'racecar' with the following arguments: {'ament_cmake_args': None, 'build_base': '/home/Platooning-F1Tenth/build/racecar', 'catkin_cmake_args': None, 'catkin_skip_building_tests': False, 'cmake_args': None, 'cmake_clean_cache': False, 'cmake_clean_first': False, 'cmake_force_configure': False, 'cmake_target': None, 'cmake_target_skip_unavailable': False, 'install_base': '/home/Platooning-F1Tenth/install/racecar', 'merge_install': False, 'path': '/home/Platooning-F1Tenth/src/racecar', 'symlink_install': False, 'test_result_base': None}
[0.293s] Level 5:colcon.colcon_core.verb:set package 'racecar_control' build argument 'cmake_args' from command line to 'None'
[0.293s] Level 5:colcon.colcon_core.verb:set package 'racecar_control' build argument 'cmake_target' from command line to 'None'
[0.293s] Level 5:colcon.colcon_core.verb:set package 'racecar_control' build argument 'cmake_target_skip_unavailable' from command line to 'False'
[0.293s] Level 5:colcon.colcon_core.verb:set package 'racecar_control' build argument 'cmake_clean_cache' from command line to 'False'
[0.293s] Level 5:colcon.colcon_core.verb:set package 'racecar_control' build argument 'cmake_clean_first' from command line to 'False'
[0.293s] Level 5:colcon.colcon_core.verb:set package 'racecar_control' build argument 'cmake_force_configure' from command line to 'False'
[0.293s] Level 5:colcon.colcon_core.verb:set package 'racecar_control' build argument 'ament_cmake_args' from command line to 'None'
[0.293s] Level 5:colcon.colcon_core.verb:set package 'racecar_control' build argument 'catkin_cmake_args' from command line to 'None'
[0.293s] Level 5:colcon.colcon_core.verb:set package 'racecar_control' build argument 'catkin_skip_building_tests' from command line to 'False'
[0.293s] DEBUG:colcon.colcon_core.verb:Building package 'racecar_control' with the following arguments: {'ament_cmake_args': None, 'build_base': '/home/Platooning-F1Tenth/build/racecar_control', 'catkin_cmake_args': None, 'catkin_skip_building_tests': False, 'cmake_args': None, 'cmake_clean_cache': False, 'cmake_clean_first': False, 'cmake_force_configure': False, 'cmake_target': None, 'cmake_target_skip_unavailable': False, 'install_base': '/home/Platooning-F1Tenth/install/racecar_control', 'merge_install': False, 'path': '/home/Platooning-F1Tenth/src/simulator/racecar-simulator/racecar_control', 'symlink_install': False, 'test_result_base': None}
[0.293s] Level 5:colcon.colcon_core.verb:set package 'racecar_description' build argument 'cmake_args' from command line to 'None'
[0.293s] Level 5:colcon.colcon_core.verb:set package 'racecar_description' build argument 'cmake_target' from command line to 'None'
[0.294s] Level 5:colcon.colcon_core.verb:set package 'racecar_description' build argument 'cmake_target_skip_unavailable' from command line to 'False'
[0.294s] Level 5:colcon.colcon_core.verb:set package 'racecar_description' build argument 'cmake_clean_cache' from command line to 'False'
[0.294s] Level 5:colcon.colcon_core.verb:set package 'racecar_description' build argument 'cmake_clean_first' from command line to 'False'
[0.294s] Level 5:colcon.colcon_core.verb:set package 'racecar_description' build argument 'cmake_force_configure' from command line to 'False'
[0.294s] Level 5:colcon.colcon_core.verb:set package 'racecar_description' build argument 'ament_cmake_args' from command line to 'None'
[0.294s] Level 5:colcon.colcon_core.verb:set package 'racecar_description' build argument 'catkin_cmake_args' from command line to 'None'
[0.294s] Level 5:colcon.colcon_core.verb:set package 'racecar_description' build argument 'catkin_skip_building_tests' from command line to 'False'
[0.294s] DEBUG:colcon.colcon_core.verb:Building package 'racecar_description' with the following arguments: {'ament_cmake_args': None, 'build_base': '/home/Platooning-F1Tenth/build/racecar_description', 'catkin_cmake_args': None, 'catkin_skip_building_tests': False, 'cmake_args': None, 'cmake_clean_cache': False, 'cmake_clean_first': False, 'cmake_force_configure': False, 'cmake_target': None, 'cmake_target_skip_unavailable': False, 'install_base': '/home/Platooning-F1Tenth/install/racecar_description', 'merge_install': False, 'path': '/home/Platooning-F1Tenth/src/simulator/racecar-simulator/racecar_description', 'symlink_install': False, 'test_result_base': None}
[0.294s] Level 5:colcon.colcon_core.verb:set package 'racecar_gazebo' build argument 'cmake_args' from command line to 'None'
[0.294s] Level 5:colcon.colcon_core.verb:set package 'racecar_gazebo' build argument 'cmake_target' from command line to 'None'
[0.294s] Level 5:colcon.colcon_core.verb:set package 'racecar_gazebo' build argument 'cmake_target_skip_unavailable' from command line to 'False'
[0.294s] Level 5:colcon.colcon_core.verb:set package 'racecar_gazebo' build argument 'cmake_clean_cache' from command line to 'False'
[0.294s] Level 5:colcon.colcon_core.verb:set package 'racecar_gazebo' build argument 'cmake_clean_first' from command line to 'False'
[0.294s] Level 5:colcon.colcon_core.verb:set package 'racecar_gazebo' build argument 'cmake_force_configure' from command line to 'False'
[0.294s] Level 5:colcon.colcon_core.verb:set package 'racecar_gazebo' build argument 'ament_cmake_args' from command line to 'None'
[0.294s] Level 5:colcon.colcon_core.verb:set package 'racecar_gazebo' build argument 'catkin_cmake_args' from command line to 'None'
[0.294s] Level 5:colcon.colcon_core.verb:set package 'racecar_gazebo' build argument 'catkin_skip_building_tests' from command line to 'False'
[0.294s] DEBUG:colcon.colcon_core.verb:Building package 'racecar_gazebo' with the following arguments: {'ament_cmake_args': None, 'build_base': '/home/Platooning-F1Tenth/build/racecar_gazebo', 'catkin_cmake_args': None, 'catkin_skip_building_tests': False, 'cmake_args': None, 'cmake_clean_cache': False, 'cmake_clean_first': False, 'cmake_force_configure': False, 'cmake_target': None, 'cmake_target_skip_unavailable': False, 'install_base': '/home/Platooning-F1Tenth/install/racecar_gazebo', 'merge_install': False, 'path': '/home/Platooning-F1Tenth/src/simulator/racecar-simulator/racecar_gazebo', 'symlink_install': False, 'test_result_base': None}
[0.295s] Level 5:colcon.colcon_core.verb:set package 'rl' build argument 'cmake_args' from command line to 'None'
[0.295s] Level 5:colcon.colcon_core.verb:set package 'rl' build argument 'cmake_target' from command line to 'None'
[0.295s] Level 5:colcon.colcon_core.verb:set package 'rl' build argument 'cmake_target_skip_unavailable' from command line to 'False'
[0.295s] Level 5:colcon.colcon_core.verb:set package 'rl' build argument 'cmake_clean_cache' from command line to 'False'
[0.295s] Level 5:colcon.colcon_core.verb:set package 'rl' build argument 'cmake_clean_first' from command line to 'False'
[0.295s] Level 5:colcon.colcon_core.verb:set package 'rl' build argument 'cmake_force_configure' from command line to 'False'
[0.295s] Level 5:colcon.colcon_core.verb:set package 'rl' build argument 'ament_cmake_args' from command line to 'None'
[0.295s] Level 5:colcon.colcon_core.verb:set package 'rl' build argument 'catkin_cmake_args' from command line to 'None'
[0.295s] Level 5:colcon.colcon_core.verb:set package 'rl' build argument 'catkin_skip_building_tests' from command line to 'False'
[0.295s] DEBUG:colcon.colcon_core.verb:Building package 'rl' with the following arguments: {'ament_cmake_args': None, 'build_base': '/home/Platooning-F1Tenth/build/rl', 'catkin_cmake_args': None, 'catkin_skip_building_tests': False, 'cmake_args': None, 'cmake_clean_cache': False, 'cmake_clean_first': False, 'cmake_force_configure': False, 'cmake_target': None, 'cmake_target_skip_unavailable': False, 'install_base': '/home/Platooning-F1Tenth/install/rl', 'merge_install': False, 'path': '/home/Platooning-F1Tenth/src/rl', 'symlink_install': False, 'test_result_base': None}
[0.295s] Level 5:colcon.colcon_core.verb:set package 'rtreach' build argument 'cmake_args' from command line to 'None'
[0.295s] Level 5:colcon.colcon_core.verb:set package 'rtreach' build argument 'cmake_target' from command line to 'None'
[0.295s] Level 5:colcon.colcon_core.verb:set package 'rtreach' build argument 'cmake_target_skip_unavailable' from command line to 'False'
[0.295s] Level 5:colcon.colcon_core.verb:set package 'rtreach' build argument 'cmake_clean_cache' from command line to 'False'
[0.295s] Level 5:colcon.colcon_core.verb:set package 'rtreach' build argument 'cmake_clean_first' from command line to 'False'
[0.295s] Level 5:colcon.colcon_core.verb:set package 'rtreach' build argument 'cmake_force_configure' from command line to 'False'
[0.295s] Level 5:colcon.colcon_core.verb:set package 'rtreach' build argument 'ament_cmake_args' from command line to 'None'
[0.295s] Level 5:colcon.colcon_core.verb:set package 'rtreach' build argument 'catkin_cmake_args' from command line to 'None'
[0.295s] Level 5:colcon.colcon_core.verb:set package 'rtreach' build argument 'catkin_skip_building_tests' from command line to 'False'
[0.295s] DEBUG:colcon.colcon_core.verb:Building package 'rtreach' with the following arguments: {'ament_cmake_args': None, 'build_base': '/home/Platooning-F1Tenth/build/rtreach', 'catkin_cmake_args': None, 'catkin_skip_building_tests': False, 'cmake_args': None, 'cmake_clean_cache': False, 'cmake_clean_first': False, 'cmake_force_configure': False, 'cmake_target': None, 'cmake_target_skip_unavailable': False, 'install_base': '/home/Platooning-F1Tenth/install/rtreach', 'merge_install': False, 'path': '/home/Platooning-F1Tenth/src/rtreach', 'symlink_install': False, 'test_result_base': None}
[0.296s] Level 5:colcon.colcon_core.verb:set package 'mpc' build argument 'cmake_args' from command line to 'None'
[0.296s] Level 5:colcon.colcon_core.verb:set package 'mpc' build argument 'cmake_target' from command line to 'None'
[0.296s] Level 5:colcon.colcon_core.verb:set package 'mpc' build argument 'cmake_target_skip_unavailable' from command line to 'False'
[0.296s] Level 5:colcon.colcon_core.verb:set package 'mpc' build argument 'cmake_clean_cache' from command line to 'False'
[0.296s] Level 5:colcon.colcon_core.verb:set package 'mpc' build argument 'cmake_clean_first' from command line to 'False'
[0.296s] Level 5:colcon.colcon_core.verb:set package 'mpc' build argument 'cmake_force_configure' from command line to 'False'
[0.296s] Level 5:colcon.colcon_core.verb:set package 'mpc' build argument 'ament_cmake_args' from command line to 'None'
[0.296s] Level 5:colcon.colcon_core.verb:set package 'mpc' build argument 'catkin_cmake_args' from command line to 'None'
[0.296s] Level 5:colcon.colcon_core.verb:set package 'mpc' build argument 'catkin_skip_building_tests' from command line to 'False'
[0.296s] DEBUG:colcon.colcon_core.verb:Building package 'mpc' with the following arguments: {'ament_cmake_args': None, 'build_base': '/home/Platooning-F1Tenth/build/mpc', 'catkin_cmake_args': None, 'catkin_skip_building_tests': False, 'cmake_args': None, 'cmake_clean_cache': False, 'cmake_clean_first': False, 'cmake_force_configure': False, 'cmake_target': None, 'cmake_target_skip_unavailable': False, 'install_base': '/home/Platooning-F1Tenth/install/mpc', 'merge_install': False, 'path': '/home/Platooning-F1Tenth/src/mpc', 'symlink_install': False, 'test_result_base': None}
[0.296s] INFO:colcon.colcon_core.executor:Executing jobs using 'parallel' executor
[0.299s] DEBUG:colcon.colcon_parallel_executor.executor.parallel:run_until_complete
[0.300s] INFO:colcon.colcon_ros.task.catkin.build:Building ROS package in '/home/Platooning-F1Tenth/src/race' with build type 'catkin'
[0.300s] INFO:colcon.colcon_cmake.task.cmake.build:Building CMake package in '/home/Platooning-F1Tenth/src/race'
[0.302s] INFO:colcon.colcon_core.plugin_system:Skipping extension 'colcon_core.shell.bat': Not used on non-Windows systems
[0.302s] INFO:colcon.colcon_core.shell:Skip shell extension 'powershell' for command environment: Not usable outside of PowerShell
[0.303s] DEBUG:colcon.colcon_core.shell:Skip shell extension 'dsv' for command environment
[0.303s] DEBUG:colcon.colcon_core.shell:Ignoring prefix path '/opt/ros/noetic'
[0.312s] INFO:colcon.colcon_ros.task.catkin.build:Building ROS package in '/home/Platooning-F1Tenth/src/ackermann_cmd_mux' with build type 'catkin'
[0.312s] INFO:colcon.colcon_cmake.task.cmake.build:Building CMake package in '/home/Platooning-F1Tenth/src/ackermann_cmd_mux'
[0.315s] INFO:colcon.colcon_core.shell:Skip shell extension 'powershell' for command environment: Not usable outside of PowerShell
[0.316s] DEBUG:colcon.colcon_core.shell:Skip shell extension 'dsv' for command environment
[0.316s] DEBUG:colcon.colcon_core.shell:Ignoring prefix path '/opt/ros/noetic'
[0.320s] INFO:colcon.colcon_ros.task.catkin.build:Building ROS package in '/home/Platooning-F1Tenth/src/computer_vision' with build type 'catkin'
[0.320s] INFO:colcon.colcon_cmake.task.cmake.build:Building CMake package in '/home/Platooning-F1Tenth/src/computer_vision'
[0.321s] INFO:colcon.colcon_core.shell:Skip shell extension 'powershell' for command environment: Not usable outside of PowerShell
[0.321s] DEBUG:colcon.colcon_core.shell:Skip shell extension 'dsv' for command environment
[0.321s] DEBUG:colcon.colcon_core.shell:Ignoring prefix path '/opt/ros/noetic'
[0.324s] INFO:colcon.colcon_ros.task.catkin.build:Building ROS package in '/home/Platooning-F1Tenth/src/f110_rrt_star' with build type 'catkin'
[0.328s] INFO:colcon.colcon_cmake.task.cmake.build:Building CMake package in '/home/Platooning-F1Tenth/src/f110_rrt_star'
[0.329s] INFO:colcon.colcon_core.shell:Skip shell extension 'powershell' for command environment: Not usable outside of PowerShell
[0.329s] DEBUG:colcon.colcon_core.shell:Skip shell extension 'dsv' for command environment
[0.329s] DEBUG:colcon.colcon_core.shell:Ignoring prefix path '/opt/ros/noetic'
[0.336s] INFO:colcon.colcon_ros.task.catkin.build:Building ROS package in '/home/Platooning-F1Tenth/src/map_server' with build type 'catkin'
[0.336s] INFO:colcon.colcon_cmake.task.cmake.build:Building CMake package in '/home/Platooning-F1Tenth/src/map_server'
[0.337s] INFO:colcon.colcon_core.shell:Skip shell extension 'powershell' for command environment: Not usable outside of PowerShell
[0.340s] DEBUG:colcon.colcon_core.shell:Skip shell extension 'dsv' for command environment
[0.340s] DEBUG:colcon.colcon_core.shell:Ignoring prefix path '/opt/ros/noetic'
[0.345s] INFO:colcon.colcon_ros.task.catkin.build:Building ROS package in '/home/Platooning-F1Tenth/src/multiple-object-tracking-lidar' with build type 'catkin'
[0.346s] INFO:colcon.colcon_cmake.task.cmake.build:Building CMake package in '/home/Platooning-F1Tenth/src/multiple-object-tracking-lidar'
[0.346s] INFO:colcon.colcon_core.shell:Skip shell extension 'powershell' for command environment: Not usable outside of PowerShell
[0.346s] DEBUG:colcon.colcon_core.shell:Skip shell extension 'dsv' for command environment
[0.347s] DEBUG:colcon.colcon_core.shell:Ignoring prefix path '/opt/ros/noetic'
[0.373s] INFO:colcon.colcon_ros.task.catkin.build:Building ROS package in '/home/Platooning-F1Tenth/src/particle_filter' with build type 'catkin'
[0.374s] INFO:colcon.colcon_cmake.task.cmake.build:Building CMake package in '/home/Platooning-F1Tenth/src/particle_filter'
[0.375s] INFO:colcon.colcon_core.shell:Skip shell extension 'powershell' for command environment: Not usable outside of PowerShell
[0.375s] DEBUG:colcon.colcon_core.shell:Skip shell extension 'dsv' for command environment
[0.376s] DEBUG:colcon.colcon_core.shell:Ignoring prefix path '/opt/ros/noetic'
[0.383s] INFO:colcon.colcon_ros.task.catkin.build:Building ROS package in '/home/Platooning-F1Tenth/src/pure_pursuit' with build type 'catkin'
[0.384s] INFO:colcon.colcon_cmake.task.cmake.build:Building CMake package in '/home/Platooning-F1Tenth/src/pure_pursuit'
[0.385s] INFO:colcon.colcon_core.shell:Skip shell extension 'powershell' for command environment: Not usable outside of PowerShell
[0.385s] DEBUG:colcon.colcon_core.shell:Skip shell extension 'dsv' for command environment
[0.386s] DEBUG:colcon.colcon_core.shell:Ignoring prefix path '/opt/ros/noetic'
[0.391s] INFO:colcon.colcon_ros.task.catkin.build:Building ROS package in '/home/Platooning-F1Tenth/src/racecar' with build type 'catkin'
[0.391s] INFO:colcon.colcon_cmake.task.cmake.build:Building CMake package in '/home/Platooning-F1Tenth/src/racecar'
[0.392s] INFO:colcon.colcon_core.shell:Skip shell extension 'powershell' for command environment: Not usable outside of PowerShell
[0.392s] DEBUG:colcon.colcon_core.shell:Skip shell extension 'dsv' for command environment
[0.393s] DEBUG:colcon.colcon_core.shell:Ignoring prefix path '/opt/ros/noetic'
[0.401s] INFO:colcon.colcon_ros.task.catkin.build:Building ROS package in '/home/Platooning-F1Tenth/src/simulator/racecar-simulator/racecar_control' with build type 'catkin'
[0.401s] INFO:colcon.colcon_cmake.task.cmake.build:Building CMake package in '/home/Platooning-F1Tenth/src/simulator/racecar-simulator/racecar_control'
[0.401s] INFO:colcon.colcon_core.shell:Skip shell extension 'powershell' for command environment: Not usable outside of PowerShell
[0.402s] DEBUG:colcon.colcon_core.shell:Skip shell extension 'dsv' for command environment
[0.402s] DEBUG:colcon.colcon_core.shell:Ignoring prefix path '/opt/ros/noetic'
[0.425s] DEBUG:colcon.colcon_core.event_handler.log_command:Invoking command in '/home/Platooning-F1Tenth/build/race': /usr/bin/cmake /home/Platooning-F1Tenth/src/race -DCATKIN_INSTALL_INTO_PREFIX_ROOT=0 -DCMAKE_INSTALL_PREFIX=/home/Platooning-F1Tenth/install/race
[0.436s] DEBUG:colcon.colcon_core.event_handler.log_command:Invoking command in '/home/Platooning-F1Tenth/build/ackermann_cmd_mux': /usr/bin/cmake /home/Platooning-F1Tenth/src/ackermann_cmd_mux -DCATKIN_INSTALL_INTO_PREFIX_ROOT=0 -DCMAKE_INSTALL_PREFIX=/home/Platooning-F1Tenth/install/ackermann_cmd_mux
[0.440s] DEBUG:colcon.colcon_core.event_handler.log_command:Invoking command in '/home/Platooning-F1Tenth/build/computer_vision': /usr/bin/cmake /home/Platooning-F1Tenth/src/computer_vision -DCATKIN_INSTALL_INTO_PREFIX_ROOT=0 -DCMAKE_INSTALL_PREFIX=/home/Platooning-F1Tenth/install/computer_vision
[0.450s] DEBUG:colcon.colcon_core.event_handler.log_command:Invoking command in '/home/Platooning-F1Tenth/build/f110_rrt_star': /usr/bin/cmake /home/Platooning-F1Tenth/src/f110_rrt_star -DCATKIN_INSTALL_INTO_PREFIX_ROOT=0 -DCMAKE_INSTALL_PREFIX=/home/Platooning-F1Tenth/install/f110_rrt_star
[0.456s] DEBUG:colcon.colcon_core.event_handler.log_command:Invoking command in '/home/Platooning-F1Tenth/build/map_server2': /usr/bin/cmake /home/Platooning-F1Tenth/src/map_server -DCATKIN_INSTALL_INTO_PREFIX_ROOT=0 -DCMAKE_INSTALL_PREFIX=/home/Platooning-F1Tenth/install/map_server2
[0.462s] DEBUG:colcon.colcon_core.event_handler.log_command:Invoking command in '/home/Platooning-F1Tenth/build/multi_object_tracking_lidar': /usr/bin/cmake /home/Platooning-F1Tenth/src/multiple-object-tracking-lidar -DCATKIN_INSTALL_INTO_PREFIX_ROOT=0 -DCMAKE_INSTALL_PREFIX=/home/Platooning-F1Tenth/install/multi_object_tracking_lidar
[0.484s] DEBUG:colcon.colcon_core.event_handler.log_command:Invoking command in '/home/Platooning-F1Tenth/build/particle_filter': /usr/bin/cmake /home/Platooning-F1Tenth/src/particle_filter -DCATKIN_INSTALL_INTO_PREFIX_ROOT=0 -DCMAKE_INSTALL_PREFIX=/home/Platooning-F1Tenth/install/particle_filter
[0.501s] DEBUG:colcon.colcon_core.event_handler.log_command:Invoking command in '/home/Platooning-F1Tenth/build/pure_pursuit': /usr/bin/cmake /home/Platooning-F1Tenth/src/pure_pursuit -DCATKIN_INSTALL_INTO_PREFIX_ROOT=0 -DCMAKE_INSTALL_PREFIX=/home/Platooning-F1Tenth/install/pure_pursuit
[0.540s] DEBUG:colcon.colcon_core.event_handler.log_command:Invoking command in '/home/Platooning-F1Tenth/build/racecar': /usr/bin/cmake /home/Platooning-F1Tenth/src/racecar -DCATKIN_INSTALL_INTO_PREFIX_ROOT=0 -DCMAKE_INSTALL_PREFIX=/home/Platooning-F1Tenth/install/racecar
[0.596s] DEBUG:colcon.colcon_core.event_handler.log_command:Invoking command in '/home/Platooning-F1Tenth/build/racecar_control': /usr/bin/cmake /home/Platooning-F1Tenth/src/simulator/racecar-simulator/racecar_control -DCATKIN_INSTALL_INTO_PREFIX_ROOT=0 -DCMAKE_INSTALL_PREFIX=/home/Platooning-F1Tenth/install/racecar_control
[13.960s] DEBUG:colcon.colcon_core.event_handler.log_command:Invoked command in '/home/Platooning-F1Tenth/build/particle_filter' returned '0': /usr/bin/cmake /home/Platooning-F1Tenth/src/particle_filter -DCATKIN_INSTALL_INTO_PREFIX_ROOT=0 -DCMAKE_INSTALL_PREFIX=/home/Platooning-F1Tenth/install/particle_filter
[13.968s] DEBUG:colcon.colcon_core.event_handler.log_command:Invoking command in '/home/Platooning-F1Tenth/build/particle_filter': /usr/bin/cmake --build /home/Platooning-F1Tenth/build/particle_filter -- -j10 -l10
[13.974s] DEBUG:colcon.colcon_core.event_handler.log_command:Invoked command in '/home/Platooning-F1Tenth/build/pure_pursuit' returned '0': /usr/bin/cmake /home/Platooning-F1Tenth/src/pure_pursuit -DCATKIN_INSTALL_INTO_PREFIX_ROOT=0 -DCMAKE_INSTALL_PREFIX=/home/Platooning-F1Tenth/install/pure_pursuit
[13.979s] DEBUG:colcon.colcon_core.event_handler.log_command:Invoking command in '/home/Platooning-F1Tenth/build/pure_pursuit': /usr/bin/cmake --build /home/Platooning-F1Tenth/build/pure_pursuit -- -j10 -l10
[13.991s] DEBUG:colcon.colcon_core.event_handler.log_command:Invoked command in '/home/Platooning-F1Tenth/build/racecar_control' returned '0': /usr/bin/cmake /home/Platooning-F1Tenth/src/simulator/racecar-simulator/racecar_control -DCATKIN_INSTALL_INTO_PREFIX_ROOT=0 -DCMAKE_INSTALL_PREFIX=/home/Platooning-F1Tenth/install/racecar_control
[13.996s] DEBUG:colcon.colcon_core.event_handler.log_command:Invoking command in '/home/Platooning-F1Tenth/build/racecar_control': /usr/bin/cmake --build /home/Platooning-F1Tenth/build/racecar_control -- -j10 -l10
[14.004s] DEBUG:colcon.colcon_core.event_handler.log_command:Invoked command in '/home/Platooning-F1Tenth/build/racecar' returned '0': /usr/bin/cmake /home/Platooning-F1Tenth/src/racecar -DCATKIN_INSTALL_INTO_PREFIX_ROOT=0 -DCMAKE_INSTALL_PREFIX=/home/Platooning-F1Tenth/install/racecar
[14.015s] DEBUG:colcon.colcon_core.event_handler.log_command:Invoking command in '/home/Platooning-F1Tenth/build/racecar': /usr/bin/cmake --build /home/Platooning-F1Tenth/build/racecar -- -j10 -l10
[14.036s] DEBUG:colcon.colcon_core.event_handler.log_command:Invoked command in '/home/Platooning-F1Tenth/build/pure_pursuit' returned '0': /usr/bin/cmake --build /home/Platooning-F1Tenth/build/pure_pursuit -- -j10 -l10
[14.050s] DEBUG:colcon.colcon_core.event_handler.log_command:Invoking command in '/home/Platooning-F1Tenth/build/pure_pursuit': /usr/bin/cmake --build /home/Platooning-F1Tenth/build/pure_pursuit --target tests -- -j10 -l10
[14.055s] DEBUG:colcon.colcon_core.event_handler.log_command:Invoked command in '/home/Platooning-F1Tenth/build/particle_filter' returned '0': /usr/bin/cmake --build /home/Platooning-F1Tenth/build/particle_filter -- -j10 -l10
[14.067s] DEBUG:colcon.colcon_core.event_handler.log_command:Invoking command in '/home/Platooning-F1Tenth/build/particle_filter': /usr/bin/cmake --build /home/Platooning-F1Tenth/build/particle_filter --target tests -- -j10 -l10
[14.069s] DEBUG:colcon.colcon_core.event_handler.log_command:Invoked command in '/home/Platooning-F1Tenth/build/racecar_control' returned '0': /usr/bin/cmake --build /home/Platooning-F1Tenth/build/racecar_control -- -j10 -l10
[14.220s] DEBUG:colcon.colcon_core.event_handler.log_command:Invoking command in '/home/Platooning-F1Tenth/build/racecar_control': /usr/bin/cmake --build /home/Platooning-F1Tenth/build/racecar_control --target tests -- -j10 -l10
[14.228s] DEBUG:colcon.colcon_core.event_handler.log_command:Invoked command in '/home/Platooning-F1Tenth/build/racecar' returned '0': /usr/bin/cmake --build /home/Platooning-F1Tenth/build/racecar -- -j10 -l10
[14.233s] DEBUG:colcon.colcon_core.event_handler.log_command:Invoking command in '/home/Platooning-F1Tenth/build/racecar': /usr/bin/cmake --build /home/Platooning-F1Tenth/build/racecar --target tests -- -j10 -l10
[14.459s] DEBUG:colcon.colcon_core.event_handler.log_command:Invoked command in '/home/Platooning-F1Tenth/build/pure_pursuit' returned '0': /usr/bin/cmake --build /home/Platooning-F1Tenth/build/pure_pursuit --target tests -- -j10 -l10
[14.534s] DEBUG:colcon.colcon_core.event_handler.log_command:Invoking command in '/home/Platooning-F1Tenth/build/pure_pursuit': /usr/bin/cmake --install /home/Platooning-F1Tenth/build/pure_pursuit
[14.547s] DEBUG:colcon.colcon_core.event_handler.log_command:Invoked command in '/home/Platooning-F1Tenth/build/particle_filter' returned '0': /usr/bin/cmake --build /home/Platooning-F1Tenth/build/particle_filter --target tests -- -j10 -l10
[14.556s] DEBUG:colcon.colcon_core.event_handler.log_command:Invoking command in '/home/Platooning-F1Tenth/build/particle_filter': /usr/bin/cmake --install /home/Platooning-F1Tenth/build/particle_filter
[14.607s] DEBUG:colcon.colcon_core.event_handler.log_command:Invoked command in '/home/Platooning-F1Tenth/build/racecar_control' returned '0': /usr/bin/cmake --build /home/Platooning-F1Tenth/build/racecar_control --target tests -- -j10 -l10
[14.619s] DEBUG:colcon.colcon_core.event_handler.log_command:Invoking command in '/home/Platooning-F1Tenth/build/racecar_control': /usr/bin/cmake --install /home/Platooning-F1Tenth/build/racecar_control
[14.625s] DEBUG:colcon.colcon_core.event_handler.log_command:Invoked command in '/home/Platooning-F1Tenth/build/racecar' returned '0': /usr/bin/cmake --build /home/Platooning-F1Tenth/build/racecar --target tests -- -j10 -l10
[14.636s] DEBUG:colcon.colcon_core.event_handler.log_command:Invoking command in '/home/Platooning-F1Tenth/build/racecar': /usr/bin/cmake --install /home/Platooning-F1Tenth/build/racecar
[14.715s] DEBUG:colcon.colcon_core.event_handler.log_command:Invoked command in '/home/Platooning-F1Tenth/build/f110_rrt_star' returned '0': /usr/bin/cmake /home/Platooning-F1Tenth/src/f110_rrt_star -DCATKIN_INSTALL_INTO_PREFIX_ROOT=0 -DCMAKE_INSTALL_PREFIX=/home/Platooning-F1Tenth/install/f110_rrt_star
[14.737s] Level 1:colcon.colcon_core.shell:create_environment_hook('particle_filter', 'ros_package_path')
[14.739s] INFO:colcon.colcon_core.shell:Creating environment hook '/home/Platooning-F1Tenth/install/particle_filter/share/particle_filter/hook/ros_package_path.ps1'
[14.748s] INFO:colcon.colcon_core.shell:Creating environment descriptor '/home/Platooning-F1Tenth/install/particle_filter/share/particle_filter/hook/ros_package_path.dsv'
[14.750s] DEBUG:colcon.colcon_core.event_handler.log_command:Invoking command in '/home/Platooning-F1Tenth/build/f110_rrt_star': /usr/bin/cmake --build /home/Platooning-F1Tenth/build/f110_rrt_star -- -j10 -l10
[14.753s] INFO:colcon.colcon_core.shell:Creating environment hook '/home/Platooning-F1Tenth/install/particle_filter/share/particle_filter/hook/ros_package_path.sh'
[14.757s] Level 1:colcon.colcon_ros.task.catkin:checking '/home/Platooning-F1Tenth/install/particle_filter/lib/python3/dist-packages'
[14.758s] Level 1:colcon.colcon_core.shell:create_environment_hook('particle_filter', 'pkg_config_path')
[14.758s] INFO:colcon.colcon_core.shell:Creating environment hook '/home/Platooning-F1Tenth/install/particle_filter/share/particle_filter/hook/pkg_config_path.ps1'
[14.765s] INFO:colcon.colcon_core.shell:Creating environment descriptor '/home/Platooning-F1Tenth/install/particle_filter/share/particle_filter/hook/pkg_config_path.dsv'
[14.767s] INFO:colcon.colcon_core.shell:Creating environment hook '/home/Platooning-F1Tenth/install/particle_filter/share/particle_filter/hook/pkg_config_path.sh'
[14.786s] DEBUG:colcon.colcon_core.event_handler.log_command:Invoked command in '/home/Platooning-F1Tenth/build/particle_filter' returned '0': /usr/bin/cmake --install /home/Platooning-F1Tenth/build/particle_filter
[14.805s] Level 1:colcon.colcon_core.shell:create_environment_hook('particle_filter', 'pkg_config_path_multiarch')
[14.805s] INFO:colcon.colcon_core.shell:Creating environment hook '/home/Platooning-F1Tenth/install/particle_filter/share/particle_filter/hook/pkg_config_path_multiarch.ps1'
[14.808s] INFO:colcon.colcon_core.shell:Creating environment descriptor '/home/Platooning-F1Tenth/install/particle_filter/share/particle_filter/hook/pkg_config_path_multiarch.dsv'
[14.810s] INFO:colcon.colcon_core.shell:Creating environment hook '/home/Platooning-F1Tenth/install/particle_filter/share/particle_filter/hook/pkg_config_path_multiarch.sh'
[14.814s] Level 1:colcon.colcon_core.environment:create_environment_scripts_only(particle_filter)
[14.817s] Level 1:colcon.colcon_core.environment:checking '/home/Platooning-F1Tenth/install/particle_filter' for CMake module files
[14.825s] Level 1:colcon.colcon_core.environment:checking '/home/Platooning-F1Tenth/install/particle_filter' for CMake config files
[14.835s] Level 1:colcon.colcon_core.shell:create_environment_hook('particle_filter', 'cmake_prefix_path')
[14.836s] INFO:colcon.colcon_core.shell:Creating environment hook '/home/Platooning-F1Tenth/install/particle_filter/share/particle_filter/hook/cmake_prefix_path.ps1'
[14.843s] INFO:colcon.colcon_core.shell:Creating environment descriptor '/home/Platooning-F1Tenth/install/particle_filter/share/particle_filter/hook/cmake_prefix_path.dsv'
[14.846s] INFO:colcon.colcon_core.shell:Creating environment hook '/home/Platooning-F1Tenth/install/particle_filter/share/particle_filter/hook/cmake_prefix_path.sh'
[14.850s] Level 1:colcon.colcon_core.environment:checking '/home/Platooning-F1Tenth/install/particle_filter/lib'
[14.851s] Level 1:colcon.colcon_core.environment:checking '/home/Platooning-F1Tenth/install/particle_filter/bin'
[14.851s] Level 1:colcon.colcon_core.environment:checking '/home/Platooning-F1Tenth/install/particle_filter/lib/pkgconfig/particle_filter.pc'
[14.852s] Level 1:colcon.colcon_core.shell:create_environment_hook('particle_filter', 'pkg_config')
[14.852s] INFO:colcon.colcon_core.shell:Creating environment hook '/home/Platooning-F1Tenth/install/particle_filter/share/particle_filter/hook/pkg_config.ps1'
[14.857s] INFO:colcon.colcon_core.shell:Creating environment descriptor '/home/Platooning-F1Tenth/install/particle_filter/share/particle_filter/hook/pkg_config.dsv'
[14.858s] INFO:colcon.colcon_core.shell:Creating environment hook '/home/Platooning-F1Tenth/install/particle_filter/share/particle_filter/hook/pkg_config.sh'
[14.872s] Level 1:colcon.colcon_core.environment:checking '/home/Platooning-F1Tenth/install/particle_filter/lib/python3.8/site-packages'
[14.872s] Level 1:colcon.colcon_core.environment:checking '/home/Platooning-F1Tenth/install/particle_filter/bin'
[14.875s] INFO:colcon.colcon_core.shell:Creating package script '/home/Platooning-F1Tenth/install/particle_filter/share/particle_filter/package.ps1'
[14.882s] INFO:colcon.colcon_core.shell:Creating package descriptor '/home/Platooning-F1Tenth/install/particle_filter/share/particle_filter/package.dsv'
[14.885s] INFO:colcon.colcon_core.shell:Creating package script '/home/Platooning-F1Tenth/install/particle_filter/share/particle_filter/package.sh'
[14.887s] INFO:colcon.colcon_core.shell:Creating package script '/home/Platooning-F1Tenth/install/particle_filter/share/particle_filter/package.bash'
[14.889s] INFO:colcon.colcon_core.shell:Creating package script '/home/Platooning-F1Tenth/install/particle_filter/share/particle_filter/package.zsh'
[14.892s] Level 1:colcon.colcon_core.environment:create_file_with_runtime_dependencies(/home/Platooning-F1Tenth/install/particle_filter/share/colcon-core/packages/particle_filter)
[14.896s] INFO:colcon.colcon_ros.task.catkin.build:Building ROS package in '/home/Platooning-F1Tenth/src/simulator/racecar-simulator/racecar_description' with build type 'catkin'
[14.898s] INFO:colcon.colcon_cmake.task.cmake.build:Building CMake package in '/home/Platooning-F1Tenth/src/simulator/racecar-simulator/racecar_description'
[14.901s] INFO:colcon.colcon_core.shell:Skip shell extension 'powershell' for command environment: Not usable outside of PowerShell
[14.905s] DEBUG:colcon.colcon_core.shell:Skip shell extension 'dsv' for command environment
[14.911s] DEBUG:colcon.colcon_core.shell:Ignoring prefix path '/opt/ros/noetic'
[15.027s] Level 1:colcon.colcon_core.shell:create_environment_hook('racecar_control', 'ros_package_path')
[15.031s] INFO:colcon.colcon_core.shell:Creating environment hook '/home/Platooning-F1Tenth/install/racecar_control/share/racecar_control/hook/ros_package_path.ps1'
[15.041s] INFO:colcon.colcon_core.shell:Creating environment descriptor '/home/Platooning-F1Tenth/install/racecar_control/share/racecar_control/hook/ros_package_path.dsv'
[15.053s] INFO:colcon.colcon_core.shell:Creating environment hook '/home/Platooning-F1Tenth/install/racecar_control/share/racecar_control/hook/ros_package_path.sh'
[15.067s] Level 1:colcon.colcon_ros.task.catkin:checking '/home/Platooning-F1Tenth/install/racecar_control/lib/python3/dist-packages'
[15.068s] Level 1:colcon.colcon_core.shell:create_environment_hook('racecar_control', 'pkg_config_path')
[15.069s] INFO:colcon.colcon_core.shell:Creating environment hook '/home/Platooning-F1Tenth/install/racecar_control/share/racecar_control/hook/pkg_config_path.ps1'
[15.096s] INFO:colcon.colcon_core.shell:Creating environment descriptor '/home/Platooning-F1Tenth/install/racecar_control/share/racecar_control/hook/pkg_config_path.dsv'
[15.106s] INFO:colcon.colcon_core.shell:Creating environment hook '/home/Platooning-F1Tenth/install/racecar_control/share/racecar_control/hook/pkg_config_path.sh'
[15.113s] Level 1:colcon.colcon_core.shell:create_environment_hook('racecar_control', 'pkg_config_path_multiarch')
[15.114s] INFO:colcon.colcon_core.shell:Creating environment hook '/home/Platooning-F1Tenth/install/racecar_control/share/racecar_control/hook/pkg_config_path_multiarch.ps1'
[15.125s] INFO:colcon.colcon_core.shell:Creating environment descriptor '/home/Platooning-F1Tenth/install/racecar_control/share/racecar_control/hook/pkg_config_path_multiarch.dsv'
[15.129s] DEBUG:colcon.colcon_core.event_handler.log_command:Invoked command in '/home/Platooning-F1Tenth/build/ackermann_cmd_mux' returned '0': /usr/bin/cmake /home/Platooning-F1Tenth/src/ackermann_cmd_mux -DCATKIN_INSTALL_INTO_PREFIX_ROOT=0 -DCMAKE_INSTALL_PREFIX=/home/Platooning-F1Tenth/install/ackermann_cmd_mux
[15.132s] INFO:colcon.colcon_core.shell:Creating environment hook '/home/Platooning-F1Tenth/install/racecar_control/share/racecar_control/hook/pkg_config_path_multiarch.sh'
[15.134s] DEBUG:colcon.colcon_core.event_handler.log_command:Invoking command in '/home/Platooning-F1Tenth/build/ackermann_cmd_mux': /usr/bin/cmake --build /home/Platooning-F1Tenth/build/ackermann_cmd_mux -- -j10 -l10
[15.147s] Level 1:colcon.colcon_core.environment:create_environment_scripts_only(racecar_control)
[15.153s] Level 1:colcon.colcon_core.environment:checking '/home/Platooning-F1Tenth/install/racecar_control' for CMake module files
[15.160s] DEBUG:colcon.colcon_core.event_handler.log_command:Invoked command in '/home/Platooning-F1Tenth/build/racecar_control' returned '0': /usr/bin/cmake --install /home/Platooning-F1Tenth/build/racecar_control
[15.197s] Level 1:colcon.colcon_core.environment:checking '/home/Platooning-F1Tenth/install/racecar_control' for CMake config files
[15.219s] Level 1:colcon.colcon_core.shell:create_environment_hook('racecar_control', 'cmake_prefix_path')
[15.221s] INFO:colcon.colcon_core.shell:Creating environment hook '/home/Platooning-F1Tenth/install/racecar_control/share/racecar_control/hook/cmake_prefix_path.ps1'
[15.240s] INFO:colcon.colcon_core.shell:Creating environment descriptor '/home/Platooning-F1Tenth/install/racecar_control/share/racecar_control/hook/cmake_prefix_path.dsv'
[15.248s] INFO:colcon.colcon_core.shell:Creating environment hook '/home/Platooning-F1Tenth/install/racecar_control/share/racecar_control/hook/cmake_prefix_path.sh'
[15.273s] Level 1:colcon.colcon_core.environment:checking '/home/Platooning-F1Tenth/install/racecar_control/lib'
[15.280s] Level 1:colcon.colcon_core.environment:checking '/home/Platooning-F1Tenth/install/racecar_control/bin'
[15.288s] Level 1:colcon.colcon_core.environment:checking '/home/Platooning-F1Tenth/install/racecar_control/lib/pkgconfig/racecar_control.pc'
[15.296s] Level 1:colcon.colcon_core.shell:create_environment_hook('racecar_control', 'pkg_config')
[15.300s] INFO:colcon.colcon_core.shell:Creating environment hook '/home/Platooning-F1Tenth/install/racecar_control/share/racecar_control/hook/pkg_config.ps1'
[15.311s] INFO:colcon.colcon_core.shell:Creating environment descriptor '/home/Platooning-F1Tenth/install/racecar_control/share/racecar_control/hook/pkg_config.dsv'
[15.328s] INFO:colcon.colcon_core.shell:Creating environment hook '/home/Platooning-F1Tenth/install/racecar_control/share/racecar_control/hook/pkg_config.sh'
[15.347s] Level 1:colcon.colcon_core.environment:checking '/home/Platooning-F1Tenth/install/racecar_control/lib/python3.8/site-packages'
[15.354s] Level 1:colcon.colcon_core.environment:checking '/home/Platooning-F1Tenth/install/racecar_control/bin'
[15.360s] INFO:colcon.colcon_core.shell:Creating package script '/home/Platooning-F1Tenth/install/racecar_control/share/racecar_control/package.ps1'
[15.377s] INFO:colcon.colcon_core.shell:Creating package descriptor '/home/Platooning-F1Tenth/install/racecar_control/share/racecar_control/package.dsv'
[15.384s] INFO:colcon.colcon_core.shell:Creating package script '/home/Platooning-F1Tenth/install/racecar_control/share/racecar_control/package.sh'
[15.397s] INFO:colcon.colcon_core.shell:Creating package script '/home/Platooning-F1Tenth/install/racecar_control/share/racecar_control/package.bash'
[15.418s] INFO:colcon.colcon_core.shell:Creating package script '/home/Platooning-F1Tenth/install/racecar_control/share/racecar_control/package.zsh'
[15.437s] Level 1:colcon.colcon_core.environment:create_file_with_runtime_dependencies(/home/Platooning-F1Tenth/install/racecar_control/share/colcon-core/packages/racecar_control)
[15.460s] INFO:colcon.colcon_ros.task.catkin.build:Building ROS package in '/home/Platooning-F1Tenth/src/simulator/racecar-simulator/racecar_gazebo' with build type 'catkin'
[15.465s] INFO:colcon.colcon_cmake.task.cmake.build:Building CMake package in '/home/Platooning-F1Tenth/src/simulator/racecar-simulator/racecar_gazebo'
[15.466s] INFO:colcon.colcon_core.shell:Skip shell extension 'powershell' for command environment: Not usable outside of PowerShell
[15.467s] DEBUG:colcon.colcon_core.shell:Skip shell extension 'dsv' for command environment
[15.469s] DEBUG:colcon.colcon_core.shell:Ignoring prefix path '/opt/ros/noetic'
[15.533s] Level 1:colcon.colcon_core.shell:create_environment_hook('racecar', 'ros_package_path')
[15.535s] INFO:colcon.colcon_core.shell:Creating environment hook '/home/Platooning-F1Tenth/install/racecar/share/racecar/hook/ros_package_path.ps1'
[15.546s] INFO:colcon.colcon_core.shell:Creating environment descriptor '/home/Platooning-F1Tenth/install/racecar/share/racecar/hook/ros_package_path.dsv'
[15.557s] INFO:colcon.colcon_core.shell:Creating environment hook '/home/Platooning-F1Tenth/install/racecar/share/racecar/hook/ros_package_path.sh'
[15.578s] Level 1:colcon.colcon_ros.task.catkin:checking '/home/Platooning-F1Tenth/install/racecar/lib/python3/dist-packages'
[15.586s] Level 1:colcon.colcon_core.shell:create_environment_hook('racecar', 'pkg_config_path')
[15.590s] INFO:colcon.colcon_core.shell:Creating environment hook '/home/Platooning-F1Tenth/install/racecar/share/racecar/hook/pkg_config_path.ps1'
[15.616s] INFO:colcon.colcon_core.shell:Creating environment descriptor '/home/Platooning-F1Tenth/install/racecar/share/racecar/hook/pkg_config_path.dsv'
[15.629s] INFO:colcon.colcon_core.shell:Creating environment hook '/home/Platooning-F1Tenth/install/racecar/share/racecar/hook/pkg_config_path.sh'
[15.638s] DEBUG:colcon.colcon_core.event_handler.log_command:Invoked command in '/home/Platooning-F1Tenth/build/racecar' returned '0': /usr/bin/cmake --install /home/Platooning-F1Tenth/build/racecar
[15.641s] Level 1:colcon.colcon_core.shell:create_environment_hook('racecar', 'pkg_config_path_multiarch')
[15.643s] INFO:colcon.colcon_core.shell:Creating environment hook '/home/Platooning-F1Tenth/install/racecar/share/racecar/hook/pkg_config_path_multiarch.ps1'
[15.651s] INFO:colcon.colcon_core.shell:Creating environment descriptor '/home/Platooning-F1Tenth/install/racecar/share/racecar/hook/pkg_config_path_multiarch.dsv'
[15.664s] INFO:colcon.colcon_core.shell:Creating environment hook '/home/Platooning-F1Tenth/install/racecar/share/racecar/hook/pkg_config_path_multiarch.sh'
[15.678s] Level 1:colcon.colcon_core.environment:create_environment_scripts_only(racecar)
[15.680s] Level 1:colcon.colcon_core.environment:checking '/home/Platooning-F1Tenth/install/racecar' for CMake module files
[15.700s] Level 1:colcon.colcon_core.environment:checking '/home/Platooning-F1Tenth/install/racecar' for CMake config files
[15.711s] Level 1:colcon.colcon_core.shell:create_environment_hook('racecar', 'cmake_prefix_path')
[15.711s] INFO:colcon.colcon_core.shell:Creating environment hook '/home/Platooning-F1Tenth/install/racecar/share/racecar/hook/cmake_prefix_path.ps1'
[15.718s] INFO:colcon.colcon_core.shell:Creating environment descriptor '/home/Platooning-F1Tenth/install/racecar/share/racecar/hook/cmake_prefix_path.dsv'
[15.726s] INFO:colcon.colcon_core.shell:Creating environment hook '/home/Platooning-F1Tenth/install/racecar/share/racecar/hook/cmake_prefix_path.sh'
[15.737s] Level 1:colcon.colcon_core.environment:checking '/home/Platooning-F1Tenth/install/racecar/lib'
[15.741s] Level 1:colcon.colcon_core.environment:checking '/home/Platooning-F1Tenth/install/racecar/bin'
[15.741s] Level 1:colcon.colcon_core.environment:checking '/home/Platooning-F1Tenth/install/racecar/lib/pkgconfig/racecar.pc'
[15.742s] Level 1:colcon.colcon_core.shell:create_environment_hook('racecar', 'pkg_config')
[15.746s] INFO:colcon.colcon_core.shell:Creating environment hook '/home/Platooning-F1Tenth/install/racecar/share/racecar/hook/pkg_config.ps1'
[15.762s] INFO:colcon.colcon_core.shell:Creating environment descriptor '/home/Platooning-F1Tenth/install/racecar/share/racecar/hook/pkg_config.dsv'
[15.772s] INFO:colcon.colcon_core.shell:Creating environment hook '/home/Platooning-F1Tenth/install/racecar/share/racecar/hook/pkg_config.sh'
[15.782s] Level 1:colcon.colcon_core.environment:checking '/home/Platooning-F1Tenth/install/racecar/lib/python3.8/site-packages'
[15.784s] Level 1:colcon.colcon_core.environment:checking '/home/Platooning-F1Tenth/install/racecar/bin'
[15.795s] INFO:colcon.colcon_core.shell:Creating package script '/home/Platooning-F1Tenth/install/racecar/share/racecar/package.ps1'
[15.807s] INFO:colcon.colcon_core.shell:Creating package descriptor '/home/Platooning-F1Tenth/install/racecar/share/racecar/package.dsv'
[15.823s] INFO:colcon.colcon_core.shell:Creating package script '/home/Platooning-F1Tenth/install/racecar/share/racecar/package.sh'
[15.832s] INFO:colcon.colcon_core.shell:Creating package script '/home/Platooning-F1Tenth/install/racecar/share/racecar/package.bash'
[15.850s] INFO:colcon.colcon_core.shell:Creating package script '/home/Platooning-F1Tenth/install/racecar/share/racecar/package.zsh'
[15.860s] Level 1:colcon.colcon_core.environment:create_file_with_runtime_dependencies(/home/Platooning-F1Tenth/install/racecar/share/colcon-core/packages/racecar)
[15.929s] INFO:colcon.colcon_ros.task.catkin.build:Building ROS package in '/home/Platooning-F1Tenth/src/rl' with build type 'catkin'
[15.929s] INFO:colcon.colcon_cmake.task.cmake.build:Building CMake package in '/home/Platooning-F1Tenth/src/rl'
[15.932s] INFO:colcon.colcon_core.shell:Skip shell extension 'powershell' for command environment: Not usable outside of PowerShell
[15.933s] DEBUG:colcon.colcon_core.shell:Skip shell extension 'dsv' for command environment
[15.936s] DEBUG:colcon.colcon_core.shell:Ignoring prefix path '/opt/ros/noetic'
[16.012s] Level 1:colcon.colcon_core.shell:create_environment_hook('pure_pursuit', 'ros_package_path')
[16.022s] INFO:colcon.colcon_core.shell:Creating environment hook '/home/Platooning-F1Tenth/install/pure_pursuit/share/pure_pursuit/hook/ros_package_path.ps1'
[16.033s] INFO:colcon.colcon_core.shell:Creating environment descriptor '/home/Platooning-F1Tenth/install/pure_pursuit/share/pure_pursuit/hook/ros_package_path.dsv'
[16.043s] INFO:colcon.colcon_core.shell:Creating environment hook '/home/Platooning-F1Tenth/install/pure_pursuit/share/pure_pursuit/hook/ros_package_path.sh'
[16.058s] Level 1:colcon.colcon_ros.task.catkin:checking '/home/Platooning-F1Tenth/install/pure_pursuit/lib/python3/dist-packages'
[16.064s] Level 1:colcon.colcon_core.shell:create_environment_hook('pure_pursuit', 'pkg_config_path')
[16.065s] INFO:colcon.colcon_core.shell:Creating environment hook '/home/Platooning-F1Tenth/install/pure_pursuit/share/pure_pursuit/hook/pkg_config_path.ps1'
[16.076s] INFO:colcon.colcon_core.shell:Creating environment descriptor '/home/Platooning-F1Tenth/install/pure_pursuit/share/pure_pursuit/hook/pkg_config_path.dsv'
[16.091s] INFO:colcon.colcon_core.shell:Creating environment hook '/home/Platooning-F1Tenth/install/pure_pursuit/share/pure_pursuit/hook/pkg_config_path.sh'
[16.100s] Level 1:colcon.colcon_core.shell:create_environment_hook('pure_pursuit', 'pkg_config_path_multiarch')
[16.101s] INFO:colcon.colcon_core.shell:Creating environment hook '/home/Platooning-F1Tenth/install/pure_pursuit/share/pure_pursuit/hook/pkg_config_path_multiarch.ps1'
[16.106s] INFO:colcon.colcon_core.shell:Creating environment descriptor '/home/Platooning-F1Tenth/install/pure_pursuit/share/pure_pursuit/hook/pkg_config_path_multiarch.dsv'
[16.115s] INFO:colcon.colcon_core.shell:Creating environment hook '/home/Platooning-F1Tenth/install/pure_pursuit/share/pure_pursuit/hook/pkg_config_path_multiarch.sh'
[16.169s] Level 1:colcon.colcon_core.environment:create_environment_scripts_only(pure_pursuit)
[16.177s] Level 1:colcon.colcon_core.environment:checking '/home/Platooning-F1Tenth/install/pure_pursuit' for CMake module files
[16.207s] DEBUG:colcon.colcon_core.event_handler.log_command:Invoking command in '/home/Platooning-F1Tenth/build/racecar_description': /usr/bin/cmake /home/Platooning-F1Tenth/src/simulator/racecar-simulator/racecar_description -DCATKIN_INSTALL_INTO_PREFIX_ROOT=0 -DCMAKE_INSTALL_PREFIX=/home/Platooning-F1Tenth/install/racecar_description
[16.221s] Level 1:colcon.colcon_core.environment:checking '/home/Platooning-F1Tenth/install/pure_pursuit' for CMake config files
[16.234s] DEBUG:colcon.colcon_core.event_handler.log_command:Invoked command in '/home/Platooning-F1Tenth/build/map_server2' returned '0': /usr/bin/cmake /home/Platooning-F1Tenth/src/map_server -DCATKIN_INSTALL_INTO_PREFIX_ROOT=0 -DCMAKE_INSTALL_PREFIX=/home/Platooning-F1Tenth/install/map_server2
[16.239s] Level 1:colcon.colcon_core.shell:create_environment_hook('pure_pursuit', 'cmake_prefix_path')
[16.243s] INFO:colcon.colcon_core.shell:Creating environment hook '/home/Platooning-F1Tenth/install/pure_pursuit/share/pure_pursuit/hook/cmake_prefix_path.ps1'
[16.259s] DEBUG:colcon.colcon_core.event_handler.log_command:Invoking command in '/home/Platooning-F1Tenth/build/map_server2': /usr/bin/cmake --build /home/Platooning-F1Tenth/build/map_server2 -- -j10 -l10
[16.259s] INFO:colcon.colcon_core.shell:Creating environment descriptor '/home/Platooning-F1Tenth/install/pure_pursuit/share/pure_pursuit/hook/cmake_prefix_path.dsv'
[16.264s] INFO:colcon.colcon_core.shell:Creating environment hook '/home/Platooning-F1Tenth/install/pure_pursuit/share/pure_pursuit/hook/cmake_prefix_path.sh'
[16.273s] DEBUG:colcon.colcon_core.event_handler.log_command:Invoked command in '/home/Platooning-F1Tenth/build/pure_pursuit' returned '0': /usr/bin/cmake --install /home/Platooning-F1Tenth/build/pure_pursuit
[16.277s] Level 1:colcon.colcon_core.environment:checking '/home/Platooning-F1Tenth/install/pure_pursuit/lib'
[16.282s] Level 1:colcon.colcon_core.environment:checking '/home/Platooning-F1Tenth/install/pure_pursuit/bin'
[16.285s] Level 1:colcon.colcon_core.environment:checking '/home/Platooning-F1Tenth/install/pure_pursuit/lib/pkgconfig/pure_pursuit.pc'
[16.287s] Level 1:colcon.colcon_core.shell:create_environment_hook('pure_pursuit', 'pkg_config')
[16.289s] INFO:colcon.colcon_core.shell:Creating environment hook '/home/Platooning-F1Tenth/install/pure_pursuit/share/pure_pursuit/hook/pkg_config.ps1'
[16.301s] INFO:colcon.colcon_core.shell:Creating environment descriptor '/home/Platooning-F1Tenth/install/pure_pursuit/share/pure_pursuit/hook/pkg_config.dsv'
[16.309s] INFO:colcon.colcon_core.shell:Creating environment hook '/home/Platooning-F1Tenth/install/pure_pursuit/share/pure_pursuit/hook/pkg_config.sh'
[16.317s] Level 1:colcon.colcon_core.environment:checking '/home/Platooning-F1Tenth/install/pure_pursuit/lib/python3.8/site-packages'
[16.321s] Level 1:colcon.colcon_core.environment:checking '/home/Platooning-F1Tenth/install/pure_pursuit/bin'
[16.328s] INFO:colcon.colcon_core.shell:Creating package script '/home/Platooning-F1Tenth/install/pure_pursuit/share/pure_pursuit/package.ps1'
[16.337s] INFO:colcon.colcon_core.shell:Creating package descriptor '/home/Platooning-F1Tenth/install/pure_pursuit/share/pure_pursuit/package.dsv'
[16.360s] INFO:colcon.colcon_core.shell:Creating package script '/home/Platooning-F1Tenth/install/pure_pursuit/share/pure_pursuit/package.sh'
[16.371s] INFO:colcon.colcon_core.shell:Creating package script '/home/Platooning-F1Tenth/install/pure_pursuit/share/pure_pursuit/package.bash'
[16.397s] INFO:colcon.colcon_core.shell:Creating package script '/home/Platooning-F1Tenth/install/pure_pursuit/share/pure_pursuit/package.zsh'
[16.412s] Level 1:colcon.colcon_core.environment:create_file_with_runtime_dependencies(/home/Platooning-F1Tenth/install/pure_pursuit/share/colcon-core/packages/pure_pursuit)
[16.527s] DEBUG:colcon.colcon_core.event_handler.log_command:Invoked command in '/home/Platooning-F1Tenth/build/multi_object_tracking_lidar' returned '0': /usr/bin/cmake /home/Platooning-F1Tenth/src/multiple-object-tracking-lidar -DCATKIN_INSTALL_INTO_PREFIX_ROOT=0 -DCMAKE_INSTALL_PREFIX=/home/Platooning-F1Tenth/install/multi_object_tracking_lidar
[16.544s] DEBUG:colcon.colcon_core.event_handler.log_command:Invoking command in '/home/Platooning-F1Tenth/build/multi_object_tracking_lidar': /usr/bin/cmake --build /home/Platooning-F1Tenth/build/multi_object_tracking_lidar -- -j10 -l10
[16.635s] INFO:colcon.colcon_ros.task.catkin.build:Building ROS package in '/home/Platooning-F1Tenth/src/rtreach' with build type 'catkin'
[16.641s] INFO:colcon.colcon_cmake.task.cmake.build:Building CMake package in '/home/Platooning-F1Tenth/src/rtreach'
[16.645s] INFO:colcon.colcon_core.shell:Skip shell extension 'powershell' for command environment: Not usable outside of PowerShell
[16.644s] DEBUG:colcon.colcon_core.event_handler.log_command:Invoking command in '/home/Platooning-F1Tenth/build/racecar_gazebo': /usr/bin/cmake /home/Platooning-F1Tenth/src/simulator/racecar-simulator/racecar_gazebo -DCATKIN_INSTALL_INTO_PREFIX_ROOT=0 -DCMAKE_INSTALL_PREFIX=/home/Platooning-F1Tenth/install/racecar_gazebo
[16.646s] DEBUG:colcon.colcon_core.shell:Skip shell extension 'dsv' for command environment
[16.655s] DEBUG:colcon.colcon_core.shell:Ignoring prefix path '/opt/ros/noetic'
[16.755s] DEBUG:colcon.colcon_core.event_handler.log_command:Invoking command in '/home/Platooning-F1Tenth/build/rl': /usr/bin/cmake /home/Platooning-F1Tenth/src/rl -DCATKIN_INSTALL_INTO_PREFIX_ROOT=0 -DCMAKE_INSTALL_PREFIX=/home/Platooning-F1Tenth/install/rl
[16.805s] DEBUG:colcon.colcon_core.event_handler.log_command:Invoked command in '/home/Platooning-F1Tenth/build/computer_vision' returned '0': /usr/bin/cmake /home/Platooning-F1Tenth/src/computer_vision -DCATKIN_INSTALL_INTO_PREFIX_ROOT=0 -DCMAKE_INSTALL_PREFIX=/home/Platooning-F1Tenth/install/computer_vision
[16.855s] DEBUG:colcon.colcon_core.event_handler.log_command:Invoking command in '/home/Platooning-F1Tenth/build/computer_vision': /usr/bin/cmake --build /home/Platooning-F1Tenth/build/computer_vision -- -j10 -l10
[16.930s] DEBUG:colcon.colcon_core.event_handler.log_command:Invoking command in '/home/Platooning-F1Tenth/build/rtreach': /usr/bin/cmake /home/Platooning-F1Tenth/src/rtreach -DCATKIN_INSTALL_INTO_PREFIX_ROOT=0 -DCMAKE_INSTALL_PREFIX=/home/Platooning-F1Tenth/install/rtreach
[21.397s] DEBUG:colcon.colcon_core.event_handler.log_command:Invoked command in '/home/Platooning-F1Tenth/build/race' returned '0': /usr/bin/cmake /home/Platooning-F1Tenth/src/race -DCATKIN_INSTALL_INTO_PREFIX_ROOT=0 -DCMAKE_INSTALL_PREFIX=/home/Platooning-F1Tenth/install/race
[21.408s] DEBUG:colcon.colcon_core.event_handler.log_command:Invoking command in '/home/Platooning-F1Tenth/build/race': /usr/bin/cmake --build /home/Platooning-F1Tenth/build/race -- -j10 -l10
[31.741s] Level 1:colcon.colcon_core.shell:create_environment_hook('map_server2', 'ros_package_path')
[31.752s] INFO:colcon.colcon_core.shell:Creating environment hook '/home/Platooning-F1Tenth/install/map_server2/share/map_server2/hook/ros_package_path.ps1'
[31.798s] INFO:colcon.colcon_core.shell:Creating environment descriptor '/home/Platooning-F1Tenth/install/map_server2/share/map_server2/hook/ros_package_path.dsv'
[31.814s] INFO:colcon.colcon_core.shell:Creating environment hook '/home/Platooning-F1Tenth/install/map_server2/share/map_server2/hook/ros_package_path.sh'
[31.846s] Level 1:colcon.colcon_ros.task.catkin:checking '/home/Platooning-F1Tenth/install/map_server2/lib/python3/dist-packages'
[31.849s] Level 1:colcon.colcon_core.shell:create_environment_hook('map_server2', 'pkg_config_path')
[31.853s] INFO:colcon.colcon_core.shell:Creating environment hook '/home/Platooning-F1Tenth/install/map_server2/share/map_server2/hook/pkg_config_path.ps1'
[31.867s] INFO:colcon.colcon_core.shell:Creating environment descriptor '/home/Platooning-F1Tenth/install/map_server2/share/map_server2/hook/pkg_config_path.dsv'
[31.890s] INFO:colcon.colcon_core.shell:Creating environment hook '/home/Platooning-F1Tenth/install/map_server2/share/map_server2/hook/pkg_config_path.sh'
[31.910s] Level 1:colcon.colcon_core.shell:create_environment_hook('map_server2', 'pkg_config_path_multiarch')
[31.916s] INFO:colcon.colcon_core.shell:Creating environment hook '/home/Platooning-F1Tenth/install/map_server2/share/map_server2/hook/pkg_config_path_multiarch.ps1'
[31.945s] DEBUG:colcon.colcon_core.event_handler.log_command:Invoked command in '/home/Platooning-F1Tenth/build/computer_vision' returned '0': /usr/bin/cmake --build /home/Platooning-F1Tenth/build/computer_vision -- -j10 -l10
[31.946s] INFO:colcon.colcon_core.shell:Creating environment descriptor '/home/Platooning-F1Tenth/install/map_server2/share/map_server2/hook/pkg_config_path_multiarch.dsv'
[31.948s] DEBUG:colcon.colcon_core.event_handler.log_command:Invoking command in '/home/Platooning-F1Tenth/build/computer_vision': /usr/bin/cmake --build /home/Platooning-F1Tenth/build/computer_vision --target tests -- -j10 -l10
[31.955s] INFO:colcon.colcon_core.shell:Creating environment hook '/home/Platooning-F1Tenth/install/map_server2/share/map_server2/hook/pkg_config_path_multiarch.sh'
[31.967s] DEBUG:colcon.colcon_core.event_handler.log_command:Invoked command in '/home/Platooning-F1Tenth/build/map_server2' returned '2': /usr/bin/cmake --build /home/Platooning-F1Tenth/build/map_server2 -- -j10 -l10
[31.995s] Level 1:colcon.colcon_core.environment:create_environment_scripts_only(map_server2)
[32.012s] Level 1:colcon.colcon_core.environment:checking '/home/Platooning-F1Tenth/install/map_server2' for CMake module files
[32.050s] Level 1:colcon.colcon_core.environment:checking '/home/Platooning-F1Tenth/install/map_server2' for CMake config files
[32.073s] Level 1:colcon.colcon_core.environment:checking '/home/Platooning-F1Tenth/install/map_server2/bin'
[32.079s] Level 1:colcon.colcon_core.environment:checking '/home/Platooning-F1Tenth/install/map_server2/lib/pkgconfig/map_server2.pc'
[32.090s] Level 1:colcon.colcon_core.environment:checking '/home/Platooning-F1Tenth/install/map_server2/lib/python3.8/site-packages'
[32.095s] Level 1:colcon.colcon_core.environment:checking '/home/Platooning-F1Tenth/install/map_server2/bin'
[32.100s] INFO:colcon.colcon_core.shell:Creating package script '/home/Platooning-F1Tenth/install/map_server2/share/map_server2/package.ps1'
[32.111s] INFO:colcon.colcon_core.shell:Creating package descriptor '/home/Platooning-F1Tenth/install/map_server2/share/map_server2/package.dsv'
[32.130s] INFO:colcon.colcon_core.shell:Creating package script '/home/Platooning-F1Tenth/install/map_server2/share/map_server2/package.sh'
[32.144s] INFO:colcon.colcon_core.shell:Creating package script '/home/Platooning-F1Tenth/install/map_server2/share/map_server2/package.bash'
[32.155s] INFO:colcon.colcon_core.shell:Creating package script '/home/Platooning-F1Tenth/install/map_server2/share/map_server2/package.zsh'
[32.166s] Level 1:colcon.colcon_core.environment:create_file_with_runtime_dependencies(/home/Platooning-F1Tenth/install/map_server2/share/colcon-core/packages/map_server2)
[46.606s] DEBUG:colcon.colcon_parallel_executor.executor.parallel:closing loop
[46.608s] DEBUG:colcon.colcon_parallel_executor.executor.parallel:loop closed
[46.608s] DEBUG:colcon.colcon_parallel_executor.executor.parallel:run_until_complete finished with '2'
[46.608s] DEBUG:colcon.colcon_core.event_reactor:joining thread
[46.623s] INFO:colcon.colcon_core.plugin_system:Skipping extension 'colcon_notification.desktop_notification.notify_send': Could not find 'notify-send'
[46.623s] INFO:colcon.colcon_core.plugin_system:Skipping extension 'colcon_notification.desktop_notification.terminal_notifier': Not used on non-Darwin systems
[46.623s] INFO:colcon.colcon_core.plugin_system:Skipping extension 'colcon_notification.desktop_notification.win32': Not used on non-Windows systems
[46.623s] INFO:colcon.colcon_notification.desktop_notification:Sending desktop notification using 'notify2'
[46.624s] DEBUG:colcon.colcon_notification.desktop_notification.notify2:Failed to initialize notify2: org.freedesktop.DBus.Error.NotSupported: Unable to autolaunch a dbus-daemon without a $DISPLAY for X11
[46.625s] DEBUG:colcon.colcon_core.event_reactor:joined thread
[46.625s] INFO:colcon.colcon_core.shell:Creating prefix script '/home/Platooning-F1Tenth/install/local_setup.ps1'
[46.628s] INFO:colcon.colcon_core.shell:Creating prefix util module '/home/Platooning-F1Tenth/install/_local_setup_util_ps1.py'
[46.630s] INFO:colcon.colcon_core.shell:Creating prefix chain script '/home/Platooning-F1Tenth/install/setup.ps1'
[46.631s] INFO:colcon.colcon_core.shell:Creating prefix script '/home/Platooning-F1Tenth/install/local_setup.sh'
[46.632s] INFO:colcon.colcon_core.shell:Creating prefix util module '/home/Platooning-F1Tenth/install/_local_setup_util_sh.py'
[46.632s] INFO:colcon.colcon_core.shell:Creating prefix chain script '/home/Platooning-F1Tenth/install/setup.sh'
[46.633s] INFO:colcon.colcon_core.shell:Creating prefix script '/home/Platooning-F1Tenth/install/local_setup.bash'
[46.634s] INFO:colcon.colcon_core.shell:Creating prefix chain script '/home/Platooning-F1Tenth/install/setup.bash'
[46.634s] INFO:colcon.colcon_core.shell:Creating prefix script '/home/Platooning-F1Tenth/install/local_setup.zsh'
[46.635s] INFO:colcon.colcon_core.shell:Creating prefix chain script '/home/Platooning-F1Tenth/install/setup.zsh'
